date,target,horizon_days,model_id,spatial_RMSE,spatial_KGE,valid_cell_count,persistence_spatial_RMSE,persistence_spatial_KGE,comparison_selected_spatial_RMSE,comparison_selected_spatial_KGE,comparison_common_cell_count
2020-01-01,ET,7,001_base_7var_weekly_ARconvlstm_7d_low_lr_clip,0.25533410683671626,0.4275881926514349,13128,0.24442381368881327,0.6034443078218981,0.25533410683671626,0.4275881926514349,13128
2020-01-02,ET,7,001_base_7var_weekly_ARconvlstm_7d_low_lr_clip,0.3224180341834153,0.28750592538499997,13128,0.3216084120242046,0.5124223850006977,0.3224180341834153,0.28750592538499997,13128
2020-01-03,ET,7,001_base_7var_weekly_ARconvlstm_7d_low_lr_clip,0.3513915932556804,0.3731078532175224,13128,0.38918247578405846,0.3076576455397416,0.3513915932556804,0.3731078532175224,13128
2020-01-04,ET,7,001_base_7var_weekly_ARconvlstm_7d_low_lr_clip,0.27868494660658377,0.43426783183806983,13128,0.2312059119098316,0.7359966653352219,0.27868494660658377,0.43426783183806983,13128
2020-01-05,ET,7,001_base_7var_weekly_ARconvlstm_7d_low_lr_clip,0.24267424219123224,0.5723422472632625,13128,0.4130609366753383,0.25008736685188737,0.24267424219123224,0.5723422472632625,13128
2020-01-06,ET,7,001_base_7var_weekly_ARconvlstm_7d_low_lr_clip,0.2527425395546002,0.4682749801142523,13128,0.5508749148546003,-0.609004243947115,0.2527425395546002,0.4682749801142523,13128
2020-01-07,ET,7,001_base_7var_weekly_ARconvlstm_7d_low_lr_clip,0.2588973789607746,0.32913245925104584,13128,0.4367479990439402,-0.2130488701064599,0.2588973789607746,0.32913245925104584,13128
2020-01-08,ET,7,001_base_7var_weekly_ARconvlstm_7d_low_lr_clip,0.26266057147291705,0.5002149721452767,13128,0.2007285309408859,0.798225481079293,0.26266057147291705,0.5002149721452767,13128
2020-01-09,ET,7,001_base_7var_weekly_ARconvlstm_7d_low_lr_clip,0.27544253916182837,0.39780871654859384,13128,0.3261490398302133,0.5344585611565204,0.27544253916182837,0.39780871654859384,13128
2020-01-10,ET,7,001_base_7var_weekly_ARconvlstm_7d_low_lr_clip,0.26326718276546207,0.47838575860248433,13128,0.40474878181260443,0.3494827615003807,0.26326718276546207,0.47838575860248433,13128
2020-01-11,ET,7,001_base_7var_weekly_ARconvlstm_7d_low_lr_clip,0.6178953132942282,0.15534717187826252,13128,0.6522099617531546,0.1590319753085685,0.6178953132942282,0.15534717187826252,13128
2020-01-12,ET,7,001_base_7var_weekly_ARconvlstm_7d_low_lr_clip,0.21696704814500953,0.4828043792105471,13128,0.20841371661411387,0.6804238173623283,0.21696704814500953,0.4828043792105471,13128
2020-01-13,ET,7,001_base_7var_weekly_ARconvlstm_7d_low_lr_clip,0.2623243753328959,0.13652752811576208,13128,0.18162344032455535,0.5316147115030936,0.2623243753328959,0.13652752811576208,13128
2020-01-14,ET,7,001_base_7var_weekly_ARconvlstm_7d_low_lr_clip,0.20803256044622445,0.42439200926702014,13128,0.17649482760230997,0.6897295209882659,0.20803256044622445,0.42439200926702014,13128
2020-01-15,ET,7,001_base_7var_weekly_ARconvlstm_7d_low_lr_clip,0.2080768689459475,0.5704079516515905,13128,0.20273985797886435,0.7461821667975275,0.2080768689459475,0.5704079516515905,13128
2020-01-16,ET,7,001_base_7var_weekly_ARconvlstm_7d_low_lr_clip,0.34798535747650566,0.30987555895863306,13128,0.34279094126947174,0.4890800225805936,0.34798535747650566,0.30987555895863306,13128
2020-01-17,ET,7,001_base_7var_weekly_ARconvlstm_7d_low_lr_clip,0.4520622315082119,0.2322064565088522,13128,0.5098943033938039,0.21421717211749014,0.4520622315082119,0.2322064565088522,13128
2020-01-18,ET,7,001_base_7var_weekly_ARconvlstm_7d_low_lr_clip,0.42168781091019086,0.29775363589421544,13128,0.6918907624132862,0.17915699504393956,0.42168781091019086,0.29775363589421544,13128
2020-01-19,ET,7,001_base_7var_weekly_ARconvlstm_7d_low_lr_clip,0.38240715152929,0.3988240938444251,13128,0.46619769024127244,0.2781132465217384,0.38240715152929,0.3988240938444251,13128
2020-01-20,ET,7,001_base_7var_weekly_ARconvlstm_7d_low_lr_clip,0.2613893158242173,0.6043591312505608,13128,0.33255589175814443,0.3055976694350919,0.2613893158242173,0.6043591312505608,13128
2020-01-21,ET,7,001_base_7var_weekly_ARconvlstm_7d_low_lr_clip,0.33421965602279624,0.4596358401557329,13128,0.40939708301161487,0.22457709768152967,0.33421965602279624,0.4596358401557329,13128
2020-01-22,ET,7,001_base_7var_weekly_ARconvlstm_7d_low_lr_clip,0.4050692324253908,0.3500322360914965,13128,0.4632715149385087,0.2673887390922157,0.4050692324253908,0.3500322360914965,13128
2020-01-23,ET,7,001_base_7var_weekly_ARconvlstm_7d_low_lr_clip,0.2716861359029021,0.6575410914726767,13128,0.31830068035879033,0.6557871658392234,0.2716861359029021,0.6575410914726767,13128
2020-01-24,ET,7,001_base_7var_weekly_ARconvlstm_7d_low_lr_clip,0.22671718199099433,0.6591212694520174,13128,0.45482801294167613,0.12459240303306196,0.22671718199099433,0.6591212694520174,13128
2020-01-25,ET,7,001_base_7var_weekly_ARconvlstm_7d_low_lr_clip,0.27164712072610037,0.5788619304548364,13128,0.3963516458899202,0.3158761348005962,0.27164712072610037,0.5788619304548364,13128
2020-01-26,ET,7,001_base_7var_weekly_ARconvlstm_7d_low_lr_clip,0.25264836100652494,0.5656182688662044,13128,0.3435767664962684,0.24227837484819592,0.25264836100652494,0.5656182688662044,13128
2020-01-27,ET,7,001_base_7var_weekly_ARconvlstm_7d_low_lr_clip,0.2474125756516682,0.6470604494696031,13128,0.23154403014236424,0.802407212818427,0.2474125756516682,0.6470604494696031,13128
2020-01-28,ET,7,001_base_7var_weekly_ARconvlstm_7d_low_lr_clip,0.4279862924827866,0.2954022196767778,13128,0.35968516123009525,0.632034547653159,0.4279862924827866,0.2954022196767778,13128
2020-01-29,ET,7,001_base_7var_weekly_ARconvlstm_7d_low_lr_clip,0.3337039435116879,0.44380951232093446,13128,0.40045412661710517,0.6026630773491972,0.3337039435116879,0.44380951232093446,13128
2020-01-30,ET,7,001_base_7var_weekly_ARconvlstm_7d_low_lr_clip,0.2822024667532502,0.3960229695030414,13128,0.2928663812896896,0.37157263541845176,0.2822024667532502,0.3960229695030414,13128
2020-01-31,ET,7,001_base_7var_weekly_ARconvlstm_7d_low_lr_clip,0.28142031498598447,0.5506055264783019,13128,0.265069041870929,0.6747866964856136,0.28142031498598447,0.5506055264783019,13128
2020-02-01,ET,7,001_base_7var_weekly_ARconvlstm_7d_low_lr_clip,0.24019131730444826,0.6189129207635714,13128,0.2255375345199354,0.7952069503270442,0.24019131730444826,0.6189129207635714,13128
2020-02-02,ET,7,001_base_7var_weekly_ARconvlstm_7d_low_lr_clip,0.2754900702189768,0.5535548022334338,13128,0.26574057548206154,0.635813525683358,0.2754900702189768,0.5535548022334338,13128
2020-02-03,ET,7,001_base_7var_weekly_ARconvlstm_7d_low_lr_clip,0.37893337312418657,0.3704712658832352,13128,0.3568917045798979,0.5586282266896937,0.37893337312418657,0.3704712658832352,13128
2020-02-04,ET,7,001_base_7var_weekly_ARconvlstm_7d_low_lr_clip,0.510688496239783,0.20347701933293583,13128,0.5212820240450484,0.4527119685099952,0.510688496239783,0.20347701933293583,13128
2020-02-05,ET,7,001_base_7var_weekly_ARconvlstm_7d_low_lr_clip,0.6218880533219645,0.14715731927725972,13128,0.5857583636350396,0.3960241929336398,0.6218880533219645,0.14715731927725972,13128
2020-02-06,ET,7,001_base_7var_weekly_ARconvlstm_7d_low_lr_clip,0.4643165604659517,0.2917614040106048,13128,0.5173748530625656,0.21881330195964743,0.4643165604659517,0.2917614040106048,13128
2020-02-07,ET,7,001_base_7var_weekly_ARconvlstm_7d_low_lr_clip,0.2901147445970674,0.49729846714936743,13128,0.32938797269633063,0.6042632268188826,0.2901147445970674,0.49729846714936743,13128
2020-02-08,ET,7,001_base_7var_weekly_ARconvlstm_7d_low_lr_clip,0.2798537931723602,0.5469514242299485,13128,0.24761442092614527,0.790088611158855,0.2798537931723602,0.5469514242299485,13128
2020-02-09,ET,7,001_base_7var_weekly_ARconvlstm_7d_low_lr_clip,0.30528362482249205,0.4994583601123276,13128,0.2824748105469537,0.7956687452129195,0.30528362482249205,0.4994583601123276,13128
2020-02-10,ET,7,001_base_7var_weekly_ARconvlstm_7d_low_lr_clip,0.35771813035953537,0.3870301732837379,13128,0.3696728484681412,0.6592370932606628,0.35771813035953537,0.3870301732837379,13128
2020-02-11,ET,7,001_base_7var_weekly_ARconvlstm_7d_low_lr_clip,0.3989637764965212,0.3622270346767956,13128,0.4822650430084695,0.5077132175059118,0.3989637764965212,0.3622270346767956,13128
2020-02-12,ET,7,001_base_7var_weekly_ARconvlstm_7d_low_lr_clip,0.5894211789307324,0.1964842163238718,13128,0.556581578190859,0.6086137262215436,0.5894211789307324,0.1964842163238718,13128
2020-02-13,ET,7,001_base_7var_weekly_ARconvlstm_7d_low_lr_clip,0.41861304159992513,0.36936422708365424,13128,0.5058861958467077,0.50793264264991,0.41861304159992513,0.36936422708365424,13128
2020-02-14,ET,7,001_base_7var_weekly_ARconvlstm_7d_low_lr_clip,0.3682034211368705,0.43878769384299054,13128,0.3630461697945395,0.5644768096514328,0.3682034211368705,0.43878769384299054,13128
2020-02-15,ET,7,001_base_7var_weekly_ARconvlstm_7d_low_lr_clip,0.30925807903947616,0.4969120502982055,13128,0.2744450372780346,0.7051409351640563,0.30925807903947616,0.4969120502982055,13128
2020-02-16,ET,7,001_base_7var_weekly_ARconvlstm_7d_low_lr_clip,0.2839361699299974,0.5647351179355482,13128,0.2909133299402065,0.775323866097179,0.2839361699299974,0.5647351179355482,13128
2020-02-17,ET,7,001_base_7var_weekly_ARconvlstm_7d_low_lr_clip,0.30635134252327706,0.5748354653259007,13128,0.3423316550792705,0.7240813974770004,0.30635134252327706,0.5748354653259007,13128
2020-02-18,ET,7,001_base_7var_weekly_ARconvlstm_7d_low_lr_clip,0.3363553005922953,0.5109412043835615,13128,0.3710896692379774,0.6577825417152633,0.3363553005922953,0.5109412043835615,13128
2020-02-19,ET,7,001_base_7var_weekly_ARconvlstm_7d_low_lr_clip,0.2999515121085297,0.642766853655496,13128,0.6540368371160004,0.20811160059172784,0.2999515121085297,0.642766853655496,13128
2020-02-20,ET,7,001_base_7var_weekly_ARconvlstm_7d_low_lr_clip,0.4478226332939798,0.4178857201752878,13128,0.43976639654572675,0.6117782417606192,0.4478226332939798,0.4178857201752878,13128
2020-02-21,ET,7,001_base_7var_weekly_ARconvlstm_7d_low_lr_clip,0.28096584076747155,0.7000154914107727,13128,0.3731621208273804,0.6791724846751658,0.28096584076747155,0.7000154914107727,13128
2020-02-22,ET,7,001_base_7var_weekly_ARconvlstm_7d_low_lr_clip,0.2725810535989838,0.6651200802852604,13128,0.24839560469479094,0.8454656599480583,0.2725810535989838,0.6651200802852604,13128
2020-02-23,ET,7,001_base_7var_weekly_ARconvlstm_7d_low_lr_clip,0.39767539910656924,0.438410499377914,13128,0.29523344582064265,0.7783179265989982,0.39767539910656924,0.438410499377914,13128
2020-02-24,ET,7,001_base_7var_weekly_ARconvlstm_7d_low_lr_clip,0.47279671728914113,0.4353249784037425,13128,0.3824537865325214,0.6397646767855699,0.47279671728914113,0.4353249784037425,13128
2020-02-25,ET,7,001_base_7var_weekly_ARconvlstm_7d_low_lr_clip,0.45803809168588927,0.49106049498942494,13128,0.4326147901064503,0.573233619699796,0.45803809168588927,0.49106049498942494,13128
2020-02-26,ET,7,001_base_7var_weekly_ARconvlstm_7d_low_lr_clip,0.5572116674894074,0.4168438743459312,13128,0.5266715452784867,0.5111154417869117,0.5572116674894074,0.4168438743459312,13128
2020-02-27,ET,7,001_base_7var_weekly_ARconvlstm_7d_low_lr_clip,0.37350862986736016,0.4807756728057486,13128,0.4177329156138854,0.4832017056140643,0.37350862986736016,0.4807756728057486,13128
2020-02-28,ET,7,001_base_7var_weekly_ARconvlstm_7d_low_lr_clip,0.3677210529800347,0.4966801458417466,13128,0.3388454008644581,0.736234211134421,0.3677210529800347,0.4966801458417466,13128
2020-03-01,ET,7,001_base_7var_weekly_ARconvlstm_7d_low_lr_clip,0.4564652990151102,0.42760787930369626,13128,0.407064947193866,0.621534984987751,0.4564652990151102,0.42760787930369626,13128
2020-03-02,ET,7,001_base_7var_weekly_ARconvlstm_7d_low_lr_clip,0.33174767468465066,0.514050733124126,13128,0.49079130840165086,0.4514991546960435,0.33174767468465066,0.514050733124126,13128
2020-03-03,ET,7,001_base_7var_weekly_ARconvlstm_7d_low_lr_clip,0.4969931636207851,0.4076615820139943,13128,0.6009773197039494,0.5467962709215777,0.4969931636207851,0.4076615820139943,13128
2020-03-04,ET,7,001_base_7var_weekly_ARconvlstm_7d_low_lr_clip,0.8281991226464184,0.09334240594041332,13128,0.871013188209028,0.20921206504764933,0.8281991226464184,0.09334240594041332,13128
2020-03-05,ET,7,001_base_7var_weekly_ARconvlstm_7d_low_lr_clip,0.816582034195151,0.16991458331444909,13128,0.7589557192268896,0.4994666317726806,0.816582034195151,0.16991458331444909,13128
2020-03-06,ET,7,001_base_7var_weekly_ARconvlstm_7d_low_lr_clip,0.747124131127504,0.19005990388301408,13128,0.7877270621582828,0.22396278097410005,0.747124131127504,0.19005990388301408,13128
2020-03-07,ET,7,001_base_7var_weekly_ARconvlstm_7d_low_lr_clip,0.7408790518933217,0.19551919351031743,13128,0.7560361213271269,0.2974216846460662,0.7408790518933217,0.19551919351031743,13128
2020-03-08,ET,7,001_base_7var_weekly_ARconvlstm_7d_low_lr_clip,0.6281418651077878,0.3226981429456559,13128,0.6620078468396899,0.5192658559459031,0.6281418651077878,0.3226981429456559,13128
2020-03-09,ET,7,001_base_7var_weekly_ARconvlstm_7d_low_lr_clip,0.9560075192203821,0.001972190789109818,13128,0.9812404771472546,0.1429605196887037,0.9560075192203821,0.001972190789109818,13128
2020-03-10,ET,7,001_base_7var_weekly_ARconvlstm_7d_low_lr_clip,0.6895415002452638,0.21845288833767773,13128,0.6774525875838747,0.49269012565377535,0.6895415002452638,0.21845288833767773,13128
2020-03-11,ET,7,001_base_7var_weekly_ARconvlstm_7d_low_lr_clip,0.5817354741142012,0.40777269522749604,13128,0.691882856062318,0.6040169387546608,0.5817354741142012,0.40777269522749604,13128
2020-03-12,ET,7,001_base_7var_weekly_ARconvlstm_7d_low_lr_clip,0.6575126686906159,0.3885570896874101,13128,0.5597037271464418,0.7752433382613323,0.6575126686906159,0.3885570896874101,13128
2020-03-13,ET,7,001_base_7var_weekly_ARconvlstm_7d_low_lr_clip,0.9179661569328521,0.19393243071459243,13128,0.6798899435545318,0.6254130036337431,0.9179661569328521,0.19393243071459243,13128
2020-03-14,ET,7,001_base_7var_weekly_ARconvlstm_7d_low_lr_clip,0.9081341113506424,0.20225613376640783,13128,0.8310009965501215,0.5063756921818605,0.9081341113506424,0.20225613376640783,13128
2020-03-15,ET,7,001_base_7var_weekly_ARconvlstm_7d_low_lr_clip,0.5960101456809338,0.43257036695768447,13128,0.627546737787775,0.5936873515395834,0.5960101456809338,0.43257036695768447,13128
2020-03-16,ET,7,001_base_7var_weekly_ARconvlstm_7d_low_lr_clip,0.968976278355469,0.14906016062620997,13128,1.0175029309839758,0.4167782495775718,0.968976278355469,0.14906016062620997,13128
2020-03-17,ET,7,001_base_7var_weekly_ARconvlstm_7d_low_lr_clip,0.7067342833288186,0.3778403101870801,13128,0.7177518216419096,0.571017779461014,0.7067342833288186,0.3778403101870801,13128
2020-03-18,ET,7,001_base_7var_weekly_ARconvlstm_7d_low_lr_clip,0.9792701009781428,0.3118210525584417,13128,0.9622982027617536,0.4391287415306345,0.9792701009781428,0.3118210525584417,13128
2020-03-19,ET,7,001_base_7var_weekly_ARconvlstm_7d_low_lr_clip,1.4089039693602041,0.16034323547349827,13128,1.355818928364845,0.3076729606759038,1.4089039693602041,0.16034323547349827,13128
2020-03-20,ET,7,001_base_7var_weekly_ARconvlstm_7d_low_lr_clip,0.9781949391061472,0.25706943143595706,13128,1.1739492050455076,0.2330396042842643,0.9781949391061472,0.25706943143595706,13128
2020-03-21,ET,7,001_base_7var_weekly_ARconvlstm_7d_low_lr_clip,0.5206276382853083,0.6010790478363812,13128,0.8790784047956115,0.29892471602995985,0.5206276382853083,0.6010790478363812,13128
2020-03-22,ET,7,001_base_7var_weekly_ARconvlstm_7d_low_lr_clip,0.5869728219375695,0.5052569100161058,13128,0.7341859773099062,0.48847851231001393,0.5869728219375695,0.5052569100161058,13128
2020-03-23,ET,7,001_base_7var_weekly_ARconvlstm_7d_low_lr_clip,0.5688560642639306,0.6196529566028374,13128,0.9263773543054262,0.42353790214230624,0.5688560642639306,0.6196529566028374,13128
2020-03-24,ET,7,001_base_7var_weekly_ARconvlstm_7d_low_lr_clip,0.6418222971757173,0.5899099345043848,13128,0.8203100940525392,0.5774504162331096,0.6418222971757173,0.5899099345043848,13128
2020-03-25,ET,7,001_base_7var_weekly_ARconvlstm_7d_low_lr_clip,0.6243161202288536,0.6741950949733783,13128,0.9649744675496379,0.5399588435090992,0.6243161202288536,0.6741950949733783,13128
2020-03-26,ET,7,001_base_7var_weekly_ARconvlstm_7d_low_lr_clip,0.7237873064855003,0.5472256386616188,13128,1.2917142159018067,0.34281925914830425,0.7237873064855003,0.5472256386616188,13128
2020-03-27,ET,7,001_base_7var_weekly_ARconvlstm_7d_low_lr_clip,0.7176989467225973,0.5002329353035309,13128,1.1183521908172083,0.3913668410444564,0.7176989467225973,0.5002329353035309,13128
2020-03-28,ET,7,001_base_7var_weekly_ARconvlstm_7d_low_lr_clip,1.011850712241889,0.3395230250685599,13128,1.1547390606827708,0.25312578746912207,1.011850712241889,0.3395230250685599,13128
2020-03-29,ET,7,001_base_7var_weekly_ARconvlstm_7d_low_lr_clip,0.6681907178910207,0.6306819550343584,13128,0.9392368072655934,0.4277552941656422,0.6681907178910207,0.6306819550343584,13128
2020-03-30,ET,7,001_base_7var_weekly_ARconvlstm_7d_low_lr_clip,0.5657031694332373,0.7466552048909367,13128,0.6022277378236888,0.7236240143966144,0.5657031694332373,0.7466552048909367,13128
2020-03-31,ET,7,001_base_7var_weekly_ARconvlstm_7d_low_lr_clip,0.6294195978245889,0.7440170674652479,13128,0.6370806309156695,0.7923171229136856,0.6294195978245889,0.7440170674652479,13128
2020-04-01,ET,7,001_base_7var_weekly_ARconvlstm_7d_low_lr_clip,0.6018983796707993,0.7770832973808731,13128,0.5565265449633929,0.8374160979806804,0.6018983796707993,0.7770832973808731,13128
2020-04-02,ET,7,001_base_7var_weekly_ARconvlstm_7d_low_lr_clip,0.5517684265909927,0.7704177715613525,13128,0.6656279194934468,0.61316367190174,0.5517684265909927,0.7704177715613525,13128
2020-04-03,ET,7,001_base_7var_weekly_ARconvlstm_7d_low_lr_clip,0.6609425887085514,0.7381507232708149,13128,0.737738051137747,0.6987488040405423,0.6609425887085514,0.7381507232708149,13128
2020-04-04,ET,7,001_base_7var_weekly_ARconvlstm_7d_low_lr_clip,0.7776674029406545,0.5820365080009076,13128,1.1346779799862117,0.272902561655736,0.7776674029406545,0.5820365080009076,13128
2020-04-05,ET,7,001_base_7var_weekly_ARconvlstm_7d_low_lr_clip,0.6911868190495267,0.6202066985598822,13128,0.7733834953916764,0.5637839687383246,0.6911868190495267,0.6202066985598822,13128
2020-04-06,ET,7,001_base_7var_weekly_ARconvlstm_7d_low_lr_clip,0.6159322100573202,0.6766403360397104,13128,0.6419060585850025,0.710048772398699,0.6159322100573202,0.6766403360397104,13128
2020-04-07,ET,7,001_base_7var_weekly_ARconvlstm_7d_low_lr_clip,0.7775536037697948,0.5769979337061082,13128,0.7469234937030889,0.7087410186621379,0.7775536037697948,0.5769979337061082,13128
2020-04-08,ET,7,001_base_7var_weekly_ARconvlstm_7d_low_lr_clip,0.7732663056093508,0.5943149846137527,13128,0.748483990901464,0.7148127034379312,0.7732663056093508,0.5943149846137527,13128
2020-04-09,ET,7,001_base_7var_weekly_ARconvlstm_7d_low_lr_clip,0.6190788500285317,0.6847608600863033,13128,0.7106970771347809,0.6404621300641242,0.6190788500285317,0.6847608600863033,13128
2020-04-10,ET,7,001_base_7var_weekly_ARconvlstm_7d_low_lr_clip,0.8191009898392424,0.5624301936570599,13128,0.8625179738514077,0.61547106076698,0.8191009898392424,0.5624301936570599,13128
2020-04-11,ET,7,001_base_7var_weekly_ARconvlstm_7d_low_lr_clip,0.7589351507982665,0.5630993847473741,13128,0.8537677348087106,0.5560590555206122,0.7589351507982665,0.5630993847473741,13128
2020-04-12,ET,7,001_base_7var_weekly_ARconvlstm_7d_low_lr_clip,1.1327046671214511,0.3967213902667035,13128,1.2246440942279255,0.3614224342701805,1.1327046671214511,0.3967213902667035,13128
2020-04-13,ET,7,001_base_7var_weekly_ARconvlstm_7d_low_lr_clip,0.812077654052107,0.5774556155968186,13128,0.8477387261887386,0.6457771368407117,0.812077654052107,0.5774556155968186,13128
2020-04-14,ET,7,001_base_7var_weekly_ARconvlstm_7d_low_lr_clip,0.803950453366594,0.5304291603759748,13128,0.9675809945904346,0.3662478374173218,0.803950453366594,0.5304291603759748,13128
2020-04-15,ET,7,001_base_7var_weekly_ARconvlstm_7d_low_lr_clip,0.6632098352398785,0.604616889962071,13128,0.8558323219268091,0.3501024557187926,0.6632098352398785,0.604616889962071,13128
2020-04-16,ET,7,001_base_7var_weekly_ARconvlstm_7d_low_lr_clip,0.7050287590433846,0.7432250027449023,13128,0.7174377365972513,0.7405810184209538,0.7050287590433846,0.7432250027449023,13128
2020-04-17,ET,7,001_base_7var_weekly_ARconvlstm_7d_low_lr_clip,0.6634461653432071,0.6502288644286657,13128,0.802517008076209,0.410649608147738,0.6634461653432071,0.6502288644286657,13128
2020-04-18,ET,7,001_base_7var_weekly_ARconvlstm_7d_low_lr_clip,0.6315478899565345,0.71469462707896,13128,0.8528545259298832,0.46562457092749043,0.6315478899565345,0.71469462707896,13128
2020-04-19,ET,7,001_base_7var_weekly_ARconvlstm_7d_low_lr_clip,0.5508625301701126,0.7693954890020467,13128,1.0870940668201976,0.3921551283392136,0.5508625301701126,0.7693954890020467,13128
2020-04-20,ET,7,001_base_7var_weekly_ARconvlstm_7d_low_lr_clip,0.7198197836557015,0.5925604907357123,13128,0.8250267973280301,0.7100203938720491,0.7198197836557015,0.5925604907357123,13128
2020-04-21,ET,7,001_base_7var_weekly_ARconvlstm_7d_low_lr_clip,0.7653151831791736,0.5341488739569398,13128,0.9049474077819523,0.5150713936911058,0.7653151831791736,0.5341488739569398,13128
2020-04-22,ET,7,001_base_7var_weekly_ARconvlstm_7d_low_lr_clip,0.871640914096945,0.48882878142736075,13128,0.9207679240368808,0.5137977293855216,0.871640914096945,0.48882878142736075,13128
2020-04-23,ET,7,001_base_7var_weekly_ARconvlstm_7d_low_lr_clip,0.8663554263239661,0.5283611111026942,13128,0.9141707468463378,0.618710862462144,0.8663554263239661,0.5283611111026942,13128
2020-04-24,ET,7,001_base_7var_weekly_ARconvlstm_7d_low_lr_clip,0.7970019166467915,0.5652594966482477,13128,0.7683238307804011,0.5883607353236088,0.7970019166467915,0.5652594966482477,13128
2020-04-25,ET,7,001_base_7var_weekly_ARconvlstm_7d_low_lr_clip,0.8158126853413803,0.5663334531260882,13128,0.7429010034638149,0.6112479891849294,0.8158126853413803,0.5663334531260882,13128
2020-04-26,ET,7,001_base_7var_weekly_ARconvlstm_7d_low_lr_clip,0.8020269983334457,0.6353126576496635,13128,0.6675704463312973,0.7713032016716038,0.8020269983334457,0.6353126576496635,13128
2020-04-27,ET,7,001_base_7var_weekly_ARconvlstm_7d_low_lr_clip,0.7720452890094165,0.6595554507475665,13128,0.6433081713217034,0.8355470809524503,0.7720452890094165,0.6595554507475665,13128
2020-04-28,ET,7,001_base_7var_weekly_ARconvlstm_7d_low_lr_clip,0.823635229489982,0.670533314403597,13128,0.7983786265415613,0.7795403227088965,0.823635229489982,0.670533314403597,13128
2020-04-29,ET,7,001_base_7var_weekly_ARconvlstm_7d_low_lr_clip,1.003989442330336,0.5726662170858194,13128,1.1263598788604559,0.6032929705977486,1.003989442330336,0.5726662170858194,13128
2020-04-30,ET,7,001_base_7var_weekly_ARconvlstm_7d_low_lr_clip,0.7546222398631327,0.6492408505421501,13128,0.7126524513355207,0.779879020173058,0.7546222398631327,0.6492408505421501,13128
2020-05-01,ET,7,001_base_7var_weekly_ARconvlstm_7d_low_lr_clip,0.7742911857875684,0.6691074433430256,13128,0.7971754031201789,0.7575928423709091,0.7742911857875684,0.6691074433430256,13128
2020-05-02,ET,7,001_base_7var_weekly_ARconvlstm_7d_low_lr_clip,0.6502940161536213,0.7617768169235455,13128,0.6474938701170025,0.8598774016461028,0.6502940161536213,0.7617768169235455,13128
2020-05-03,ET,7,001_base_7var_weekly_ARconvlstm_7d_low_lr_clip,0.7279349402685034,0.7268074251699165,13128,0.7793307741195868,0.7392185880085557,0.7279349402685034,0.7268074251699165,13128
2020-05-04,ET,7,001_base_7var_weekly_ARconvlstm_7d_low_lr_clip,0.865452007086846,0.6587835576328755,13128,0.9496470417955161,0.7274169667962312,0.865452007086846,0.6587835576328755,13128
2020-05-05,ET,7,001_base_7var_weekly_ARconvlstm_7d_low_lr_clip,0.9295686315193032,0.620958884373906,13128,1.0271523011513493,0.665895994612864,0.9295686315193032,0.620958884373906,13128
2020-05-06,ET,7,001_base_7var_weekly_ARconvlstm_7d_low_lr_clip,0.9033990834882534,0.6303276224113696,13128,1.155080097990626,0.630927231925734,0.9033990834882534,0.6303276224113696,13128
2020-05-07,ET,7,001_base_7var_weekly_ARconvlstm_7d_low_lr_clip,0.9577106863534527,0.5948280962242383,13128,1.0217580687326775,0.6463469438910949,0.9577106863534527,0.5948280962242383,13128
2020-05-08,ET,7,001_base_7var_weekly_ARconvlstm_7d_low_lr_clip,0.8399811569600678,0.6754074066259371,13128,0.9656093558378533,0.7483010174893333,0.8399811569600678,0.6754074066259371,13128
2020-05-09,ET,7,001_base_7var_weekly_ARconvlstm_7d_low_lr_clip,1.0390796682022028,0.5847087875860958,13128,1.1198665004137454,0.6269532327026098,1.0390796682022028,0.5847087875860958,13128
2020-05-10,ET,7,001_base_7var_weekly_ARconvlstm_7d_low_lr_clip,1.093076212122102,0.5330224684478715,13128,1.22153941975933,0.5339884350485488,1.093076212122102,0.5330224684478715,13128
2020-05-11,ET,7,001_base_7var_weekly_ARconvlstm_7d_low_lr_clip,1.4065011814199648,0.21797368113138782,13128,1.3671849980841604,0.2977525289349069,1.4065011814199648,0.21797368113138782,13128
2020-05-12,ET,7,001_base_7var_weekly_ARconvlstm_7d_low_lr_clip,1.710091345412566,0.058531466348915706,13128,2.063052611472918,-0.07631250787696775,1.710091345412566,0.058531466348915706,13128
2020-05-13,ET,7,001_base_7var_weekly_ARconvlstm_7d_low_lr_clip,1.0926289752670901,0.5833937904277702,13128,1.3491454631438422,0.5043186166711495,1.0926289752670901,0.5833937904277702,13128
2020-05-14,ET,7,001_base_7var_weekly_ARconvlstm_7d_low_lr_clip,1.241802967175391,0.49502905251791585,13128,1.5724154812044469,0.391310939203691,1.241802967175391,0.49502905251791585,13128
2020-05-15,ET,7,001_base_7var_weekly_ARconvlstm_7d_low_lr_clip,0.9885552739460453,0.5780303388572752,13128,1.279594358529855,0.5620517503222503,0.9885552739460453,0.5780303388572752,13128
2020-05-16,ET,7,001_base_7var_weekly_ARconvlstm_7d_low_lr_clip,1.4337336997848682,0.3879461672670821,13128,1.9481396709468526,0.1856941718248586,1.4337336997848682,0.3879461672670821,13128
2020-05-17,ET,7,001_base_7var_weekly_ARconvlstm_7d_low_lr_clip,1.3511320155072404,0.4150567232278045,13128,1.8041863863847276,0.2992995614976355,1.3511320155072404,0.4150567232278045,13128
2020-05-18,ET,7,001_base_7var_weekly_ARconvlstm_7d_low_lr_clip,1.189440059867724,0.43619779581952467,13128,1.7476458865237299,0.19130732284654206,1.189440059867724,0.43619779581952467,13128
2020-05-19,ET,7,001_base_7var_weekly_ARconvlstm_7d_low_lr_clip,1.111405577470703,0.4583540725865535,13128,1.891183081619577,0.1764363730047387,1.111405577470703,0.4583540725865535,13128
2020-05-20,ET,7,001_base_7var_weekly_ARconvlstm_7d_low_lr_clip,1.0145937705756878,0.5245153398732099,13128,1.1036121393206937,0.7094863351088101,1.0145937705756878,0.5245153398732099,13128
2020-05-21,ET,7,001_base_7var_weekly_ARconvlstm_7d_low_lr_clip,1.2877466461069382,0.4598649419106371,13128,1.301267051878015,0.7080553805750445,1.2877466461069382,0.4598649419106371,13128
2020-05-22,ET,7,001_base_7var_weekly_ARconvlstm_7d_low_lr_clip,1.1533426309551902,0.5325125854255904,13128,1.2301619133039732,0.6532859107867919,1.1533426309551902,0.5325125854255904,13128
2020-05-23,ET,7,001_base_7var_weekly_ARconvlstm_7d_low_lr_clip,1.0849854415095734,0.6178272852114323,13128,1.7117670744720468,0.5024777636369593,1.0849854415095734,0.6178272852114323,13128
2020-05-24,ET,7,001_base_7var_weekly_ARconvlstm_7d_low_lr_clip,1.2495106246412657,0.5682735248290691,13128,1.4470449601893882,0.6628792679059629,1.2495106246412657,0.5682735248290691,13128
2020-05-25,ET,7,001_base_7var_weekly_ARconvlstm_7d_low_lr_clip,1.2731170466979385,0.5762054135850667,13128,1.4880872625439143,0.6069222900067639,1.2731170466979385,0.5762054135850667,13128
2020-05-26,ET,7,001_base_7var_weekly_ARconvlstm_7d_low_lr_clip,1.2136684899687764,0.6400265250291277,13128,1.3977829505809236,0.6472428207196814,1.2136684899687764,0.6400265250291277,13128
2020-05-27,ET,7,001_base_7var_weekly_ARconvlstm_7d_low_lr_clip,1.099551710512059,0.7030640469987818,13128,1.1398577719547804,0.7407949624370678,1.099551710512059,0.7030640469987818,13128
2020-05-28,ET,7,001_base_7var_weekly_ARconvlstm_7d_low_lr_clip,0.9687537431797565,0.7728543565665218,13128,1.3728461304637478,0.6957452486096712,0.9687537431797565,0.7728543565665218,13128
2020-05-29,ET,7,001_base_7var_weekly_ARconvlstm_7d_low_lr_clip,1.169900515114626,0.7131203970156772,13128,1.3426003061030345,0.7055459172701861,1.169900515114626,0.7131203970156772,13128
2020-05-30,ET,7,001_base_7var_weekly_ARconvlstm_7d_low_lr_clip,1.0427019500136168,0.759308907315861,13128,1.2743026095622298,0.7019559434069507,1.0427019500136168,0.759308907315861,13128
2020-05-31,ET,7,001_base_7var_weekly_ARconvlstm_7d_low_lr_clip,0.9912571207216295,0.7873648275656304,13128,1.4913948627248486,0.5822854365323216,0.9912571207216295,0.7873648275656304,13128
2020-06-01,ET,7,001_base_7var_weekly_ARconvlstm_7d_low_lr_clip,1.1619655298615856,0.7458492167785293,13128,1.7791857132908906,0.5206507913474749,1.1619655298615856,0.7458492167785293,13128
2020-06-02,ET,7,001_base_7var_weekly_ARconvlstm_7d_low_lr_clip,1.0531944088295964,0.7588804262802605,13128,1.5244154922045143,0.6294497807981808,1.0531944088295964,0.7588804262802605,13128
2020-06-03,ET,7,001_base_7var_weekly_ARconvlstm_7d_low_lr_clip,1.0013134488097533,0.7816231766093982,13128,1.1517876585375957,0.7721258153662104,1.0013134488097533,0.7816231766093982,13128
2020-06-04,ET,7,001_base_7var_weekly_ARconvlstm_7d_low_lr_clip,1.013635054727309,0.7696470362206077,13128,1.1237358917324427,0.7940875742332054,1.013635054727309,0.7696470362206077,13128
2020-06-05,ET,7,001_base_7var_weekly_ARconvlstm_7d_low_lr_clip,1.1067242546545704,0.7023335342087291,13128,1.436970640729043,0.7055006112649846,1.1067242546545704,0.7023335342087291,13128
2020-06-06,ET,7,001_base_7var_weekly_ARconvlstm_7d_low_lr_clip,1.1609865229143905,0.6661594604734701,13128,1.3627079873379615,0.6718427716050142,1.1609865229143905,0.6661594604734701,13128
2020-06-07,ET,7,001_base_7var_weekly_ARconvlstm_7d_low_lr_clip,1.255067981862606,0.6081228347489724,13128,1.1376662989600834,0.7535721438718331,1.255067981862606,0.6081228347489724,13128
2020-06-08,ET,7,001_base_7var_weekly_ARconvlstm_7d_low_lr_clip,1.33119394045907,0.4667931785455307,13128,1.196161438443525,0.6431410398582429,1.33119394045907,0.4667931785455307,13128
2020-06-09,ET,7,001_base_7var_weekly_ARconvlstm_7d_low_lr_clip,1.5465517026213975,0.4177204004964349,13128,1.6016157993706055,0.5799325868249634,1.5465517026213975,0.4177204004964349,13128
2020-06-10,ET,7,001_base_7var_weekly_ARconvlstm_7d_low_lr_clip,1.7478909337767745,0.3822394598354245,13128,1.7607258654489037,0.5532574199312121,1.7478909337767745,0.3822394598354245,13128
2020-06-11,ET,7,001_base_7var_weekly_ARconvlstm_7d_low_lr_clip,1.4620214466260382,0.45269744849510485,13128,1.4811187033586395,0.6342561803661966,1.4620214466260382,0.45269744849510485,13128
2020-06-12,ET,7,001_base_7var_weekly_ARconvlstm_7d_low_lr_clip,1.3111346363035543,0.5051480239573988,13128,1.579307730956378,0.4975277041640387,1.3111346363035543,0.5051480239573988,13128
2020-06-13,ET,7,001_base_7var_weekly_ARconvlstm_7d_low_lr_clip,1.2825153939370153,0.4813668162395084,13128,1.1826465569814035,0.6510669401575482,1.2825153939370153,0.4813668162395084,13128
2020-06-14,ET,7,001_base_7var_weekly_ARconvlstm_7d_low_lr_clip,1.3658651749232875,0.4132625059691055,13128,1.0947699097026706,0.6209267240884948,1.3658651749232875,0.4132625059691055,13128
2020-06-15,ET,7,001_base_7var_weekly_ARconvlstm_7d_low_lr_clip,1.2018682163273116,0.4503181993788161,13128,0.8106400995908914,0.7869914832554828,1.2018682163273116,0.4503181993788161,13128
2020-06-16,ET,7,001_base_7var_weekly_ARconvlstm_7d_low_lr_clip,1.1264664691812682,0.48991703061838165,13128,1.3137487502825027,0.578268197143883,1.1264664691812682,0.48991703061838165,13128
2020-06-17,ET,7,001_base_7var_weekly_ARconvlstm_7d_low_lr_clip,1.0207853228138328,0.5431514977619606,13128,1.764554394012551,0.21314178413528484,1.0207853228138328,0.5431514977619606,13128
2020-06-18,ET,7,001_base_7var_weekly_ARconvlstm_7d_low_lr_clip,1.2244412833911942,0.4591439228508838,13128,1.61489080622453,0.46699918319350797,1.2244412833911942,0.4591439228508838,13128
2020-06-19,ET,7,001_base_7var_weekly_ARconvlstm_7d_low_lr_clip,1.2640766918448125,0.4705459692377908,13128,1.4704063713435915,0.5510013118531721,1.2640766918448125,0.4705459692377908,13128
2020-06-20,ET,7,001_base_7var_weekly_ARconvlstm_7d_low_lr_clip,2.1712288205549997,0.20525029429710673,13128,2.484490855874976,0.21756914382672599,2.1712288205549997,0.20525029429710673,13128
2020-06-21,ET,7,001_base_7var_weekly_ARconvlstm_7d_low_lr_clip,1.7740904252257956,0.33495157808146037,13128,2.0823133119860384,0.33572645334487405,1.7740904252257956,0.33495157808146037,13128
2020-06-22,ET,7,001_base_7var_weekly_ARconvlstm_7d_low_lr_clip,1.7523483666684452,0.36889667960794115,13128,2.0550812634822417,0.3592298069778447,1.7523483666684452,0.36889667960794115,13128
2020-06-23,ET,7,001_base_7var_weekly_ARconvlstm_7d_low_lr_clip,2.060161544497131,0.2571433591526805,13128,2.4618327001529954,0.2243862871712775,2.060161544497131,0.2571433591526805,13128
2020-06-24,ET,7,001_base_7var_weekly_ARconvlstm_7d_low_lr_clip,1.6756718418544903,0.3248169833437208,13128,2.040299990969509,0.31650057244602137,1.6756718418544903,0.3248169833437208,13128
2020-06-25,ET,7,001_base_7var_weekly_ARconvlstm_7d_low_lr_clip,1.610779626397781,0.3560079962254239,13128,2.0234731360420146,0.32625239603055,1.610779626397781,0.3560079962254239,13128
2020-06-26,ET,7,001_base_7var_weekly_ARconvlstm_7d_low_lr_clip,1.3814432715288665,0.5147620698659493,13128,1.5847980897616345,0.5675648726212688,1.3814432715288665,0.5147620698659493,13128
2020-06-27,ET,7,001_base_7var_weekly_ARconvlstm_7d_low_lr_clip,1.388539941517198,0.5252670425254619,13128,1.9235976410699107,0.5591114179750891,1.388539941517198,0.5252670425254619,13128
2020-06-28,ET,7,001_base_7var_weekly_ARconvlstm_7d_low_lr_clip,1.510572915589086,0.5066491194907538,13128,1.7590037651635704,0.6240782321904279,1.510572915589086,0.5066491194907538,13128
2020-06-29,ET,7,001_base_7var_weekly_ARconvlstm_7d_low_lr_clip,1.2432477810660487,0.6028207445092438,13128,1.6855301167759054,0.6073075054844916,1.2432477810660487,0.6028207445092438,13128
2020-06-30,ET,7,001_base_7var_weekly_ARconvlstm_7d_low_lr_clip,1.2251967956718013,0.5793098130496073,13128,2.188470885395444,0.24918145779032963,1.2251967956718013,0.5793098130496073,13128
2020-07-01,ET,7,001_base_7var_weekly_ARconvlstm_7d_low_lr_clip,1.327668339256514,0.5411648707872925,13128,1.9679362780756098,0.3192357632623999,1.327668339256514,0.5411648707872925,13128
2020-07-02,ET,7,001_base_7var_weekly_ARconvlstm_7d_low_lr_clip,1.5297081116102613,0.47017697012654813,13128,1.919784751235089,0.44644541852378594,1.5297081116102613,0.47017697012654813,13128
2020-07-03,ET,7,001_base_7var_weekly_ARconvlstm_7d_low_lr_clip,1.4945381860381661,0.5151679385700243,13128,1.8283540085809593,0.5324799169832211,1.4945381860381661,0.5151679385700243,13128
2020-07-04,ET,7,001_base_7var_weekly_ARconvlstm_7d_low_lr_clip,1.5329129512056616,0.4753043288986162,13128,1.798729088384507,0.5389502821976776,1.5329129512056616,0.4753043288986162,13128
2020-07-05,ET,7,001_base_7var_weekly_ARconvlstm_7d_low_lr_clip,1.6372826256191468,0.41623043329942155,13128,2.19565553881097,0.3461792748256495,1.6372826256191468,0.41623043329942155,13128
2020-07-06,ET,7,001_base_7var_weekly_ARconvlstm_7d_low_lr_clip,1.5285029633935139,0.46911902094731006,13128,1.9705926300352767,0.4528115850604133,1.5285029633935139,0.46911902094731006,13128
2020-07-07,ET,7,001_base_7var_weekly_ARconvlstm_7d_low_lr_clip,1.2877471554317867,0.5536903504266943,13128,1.5321750401045677,0.6144459573505539,1.2877471554317867,0.5536903504266943,13128
2020-07-08,ET,7,001_base_7var_weekly_ARconvlstm_7d_low_lr_clip,1.3574791318115746,0.5125311797309995,13128,1.594513509191735,0.5929995831625514,1.3574791318115746,0.5125311797309995,13128
2020-07-09,ET,7,001_base_7var_weekly_ARconvlstm_7d_low_lr_clip,1.35024020288502,0.5061934393521577,13128,1.7558344110107376,0.5642765074337547,1.35024020288502,0.5061934393521577,13128
2020-07-10,ET,7,001_base_7var_weekly_ARconvlstm_7d_low_lr_clip,1.2413130542060886,0.5399686578598571,13128,1.6117151486288845,0.6656030910632209,1.2413130542060886,0.5399686578598571,13128
2020-07-11,ET,7,001_base_7var_weekly_ARconvlstm_7d_low_lr_clip,1.3186910042605553,0.4960783941468183,13128,1.7983053544223293,0.5270594248009002,1.3186910042605553,0.4960783941468183,13128
2020-07-12,ET,7,001_base_7var_weekly_ARconvlstm_7d_low_lr_clip,1.3042296556704642,0.5174774354112214,13128,1.88942374773161,0.4944030854019221,1.3042296556704642,0.5174774354112214,13128
2020-07-13,ET,7,001_base_7var_weekly_ARconvlstm_7d_low_lr_clip,1.5062784480371703,0.49479728653717503,13128,2.118365643551685,0.4099329690908631,1.5062784480371703,0.49479728653717503,13128
2020-07-14,ET,7,001_base_7var_weekly_ARconvlstm_7d_low_lr_clip,1.3679921709683251,0.5439355872708012,13128,1.8281395268568232,0.5202559816077013,1.3679921709683251,0.5439355872708012,13128
2020-07-15,ET,7,001_base_7var_weekly_ARconvlstm_7d_low_lr_clip,1.5195096550466938,0.49988186606643725,13128,2.089618433260508,0.41868412999199456,1.5195096550466938,0.49988186606643725,13128
2020-07-16,ET,7,001_base_7var_weekly_ARconvlstm_7d_low_lr_clip,1.6339001308530514,0.47718704455567584,13128,1.9920483884402553,0.5165190557445252,1.6339001308530514,0.47718704455567584,13128
2020-07-17,ET,7,001_base_7var_weekly_ARconvlstm_7d_low_lr_clip,1.3754512292889118,0.560831784704912,13128,1.6616032003042351,0.6292351692790317,1.3754512292889118,0.560831784704912,13128
2020-07-18,ET,7,001_base_7var_weekly_ARconvlstm_7d_low_lr_clip,1.3980336551011785,0.5365125643512286,13128,1.677928876885077,0.5584512469326275,1.3980336551011785,0.5365125643512286,13128
2020-07-19,ET,7,001_base_7var_weekly_ARconvlstm_7d_low_lr_clip,1.6301483496826321,0.41225258042642754,13128,1.9874085597565758,0.44727717209114626,1.6301483496826321,0.41225258042642754,13128
2020-07-20,ET,7,001_base_7var_weekly_ARconvlstm_7d_low_lr_clip,1.5695715016889746,0.46537055428018814,13128,1.9113321160191128,0.5128933331222585,1.5695715016889746,0.46537055428018814,13128
2020-07-21,ET,7,001_base_7var_weekly_ARconvlstm_7d_low_lr_clip,1.5906568478095116,0.4785697946105888,13128,1.7416514577757845,0.5879777079240889,1.5906568478095116,0.4785697946105888,13128
2020-07-22,ET,7,001_base_7var_weekly_ARconvlstm_7d_low_lr_clip,1.4118987103082825,0.5640146301085643,13128,1.6740366758012415,0.6080881771901889,1.4118987103082825,0.5640146301085643,13128
2020-07-23,ET,7,001_base_7var_weekly_ARconvlstm_7d_low_lr_clip,1.4420685957526937,0.5338851350717505,13128,1.9172088725598737,0.47037370547850244,1.4420685957526937,0.5338851350717505,13128
2020-07-24,ET,7,001_base_7var_weekly_ARconvlstm_7d_low_lr_clip,1.6166995672751563,0.4324577365782273,13128,1.8301633110245652,0.4849413767011278,1.6166995672751563,0.4324577365782273,13128
2020-07-25,ET,7,001_base_7var_weekly_ARconvlstm_7d_low_lr_clip,1.6878630863853883,0.37656330922219183,13128,1.846668815965595,0.4490518664291736,1.6878630863853883,0.37656330922219183,13128
2020-07-26,ET,7,001_base_7var_weekly_ARconvlstm_7d_low_lr_clip,1.5841398983004507,0.37106271352622844,13128,2.017668667582109,0.33675623577973846,1.5841398983004507,0.37106271352622844,13128
2020-07-27,ET,7,001_base_7var_weekly_ARconvlstm_7d_low_lr_clip,1.5839127065558365,0.4323877992623689,13128,1.9665134543761877,0.4283685888379931,1.5839127065558365,0.4323877992623689,13128
2020-07-28,ET,7,001_base_7var_weekly_ARconvlstm_7d_low_lr_clip,1.7145650890746131,0.40170480513250095,13128,1.9871493144546326,0.4580941048583781,1.7145650890746131,0.40170480513250095,13128
2020-07-29,ET,7,001_base_7var_weekly_ARconvlstm_7d_low_lr_clip,1.7804114206336754,0.34772125427635237,13128,2.1429879292919285,0.34209039101051286,1.7804114206336754,0.34772125427635237,13128
2020-07-30,ET,7,001_base_7var_weekly_ARconvlstm_7d_low_lr_clip,1.5159234885197974,0.44064638129734723,13128,2.0622930550876606,0.3565638271480712,1.5159234885197974,0.44064638129734723,13128
2020-07-31,ET,7,001_base_7var_weekly_ARconvlstm_7d_low_lr_clip,1.6293108659846451,0.3615621030165963,13128,2.127694979038795,0.336074482628941,1.6293108659846451,0.3615621030165963,13128
2020-08-01,ET,7,001_base_7var_weekly_ARconvlstm_7d_low_lr_clip,1.532821819157903,0.32551973368358056,13128,2.0441006510274176,0.3460329914201876,1.532821819157903,0.32551973368358056,13128
2020-08-02,ET,7,001_base_7var_weekly_ARconvlstm_7d_low_lr_clip,1.3879337725845737,0.4117249828809394,13128,1.6991344447465966,0.5167396331946179,1.3879337725845737,0.4117249828809394,13128
2020-08-03,ET,7,001_base_7var_weekly_ARconvlstm_7d_low_lr_clip,1.4176272315777778,0.41165857364656666,13128,1.870131727909792,0.44008594679273794,1.4176272315777778,0.41165857364656666,13128
2020-08-04,ET,7,001_base_7var_weekly_ARconvlstm_7d_low_lr_clip,1.2752876026242228,0.4217899698226061,13128,1.8349424739029296,0.3362888075178204,1.2752876026242228,0.4217899698226061,13128
2020-08-05,ET,7,001_base_7var_weekly_ARconvlstm_7d_low_lr_clip,1.2637997150858624,0.4799672416622094,13128,1.7932849461580156,0.429298642872055,1.2637997150858624,0.4799672416622094,13128
2020-08-06,ET,7,001_base_7var_weekly_ARconvlstm_7d_low_lr_clip,1.202814019285463,0.5311369512882691,13128,1.56671283784847,0.4717494309894489,1.202814019285463,0.5311369512882691,13128
2020-08-07,ET,7,001_base_7var_weekly_ARconvlstm_7d_low_lr_clip,1.2629346786904447,0.4652769505461949,13128,1.6390784331282229,0.44629310471736816,1.2629346786904447,0.4652769505461949,13128
2020-08-08,ET,7,001_base_7var_weekly_ARconvlstm_7d_low_lr_clip,1.3025712175531259,0.37064549311609973,13128,1.7264720732784669,0.30911995586256724,1.3025712175531259,0.37064549311609973,13128
2020-08-09,ET,7,001_base_7var_weekly_ARconvlstm_7d_low_lr_clip,1.302250422061284,0.46376742954328654,13128,1.599554846603692,0.5113475920454302,1.302250422061284,0.46376742954328654,13128
2020-08-10,ET,7,001_base_7var_weekly_ARconvlstm_7d_low_lr_clip,1.3261344597586924,0.3923447175813036,13128,1.6850219401915096,0.40333698423738273,1.3261344597586924,0.3923447175813036,13128
2020-08-11,ET,7,001_base_7var_weekly_ARconvlstm_7d_low_lr_clip,1.3666368230652333,0.38404379711666436,13128,1.4744622385826476,0.5423316051326155,1.3666368230652333,0.38404379711666436,13128
2020-08-12,ET,7,001_base_7var_weekly_ARconvlstm_7d_low_lr_clip,1.3409553679876598,0.3865559939028911,13128,1.3860652136690212,0.595542431363156,1.3409553679876598,0.3865559939028911,13128
2020-08-13,ET,7,001_base_7var_weekly_ARconvlstm_7d_low_lr_clip,1.2634056875852608,0.32287736188431315,13128,1.1885298667341166,0.548509842099968,1.2634056875852608,0.32287736188431315,13128
2020-08-14,ET,7,001_base_7var_weekly_ARconvlstm_7d_low_lr_clip,1.2853306305765682,0.20775356653012333,13128,1.1784250506197986,0.43402646885642926,1.2853306305765682,0.20775356653012333,13128
2020-08-15,ET,7,001_base_7var_weekly_ARconvlstm_7d_low_lr_clip,1.3076607246816119,0.21334687101757643,13128,1.0808377959662456,0.5710497255181931,1.3076607246816119,0.21334687101757643,13128
2020-08-16,ET,7,001_base_7var_weekly_ARconvlstm_7d_low_lr_clip,1.2111322874709693,0.3974835911596887,13128,1.3315576996573253,0.488388444241283,1.2111322874709693,0.3974835911596887,13128
2020-08-17,ET,7,001_base_7var_weekly_ARconvlstm_7d_low_lr_clip,1.4300734385439688,0.42770400950006493,13128,1.7137154822948213,0.46246872161897146,1.4300734385439688,0.42770400950006493,13128
2020-08-18,ET,7,001_base_7var_weekly_ARconvlstm_7d_low_lr_clip,1.3132714561427992,0.37382992904142065,13128,1.595367126164876,0.3617856269186277,1.3132714561427992,0.37382992904142065,13128
2020-08-19,ET,7,001_base_7var_weekly_ARconvlstm_7d_low_lr_clip,1.287056550786163,0.19561058248183683,13128,1.4598517031569611,0.21054927308777116,1.287056550786163,0.19561058248183683,13128
2020-08-20,ET,7,001_base_7var_weekly_ARconvlstm_7d_low_lr_clip,1.2533358519748896,0.2509918613957399,13128,1.169418577576925,0.42585361745789885,1.2533358519748896,0.2509918613957399,13128
2020-08-21,ET,7,001_base_7var_weekly_ARconvlstm_7d_low_lr_clip,1.2334253152819528,0.2577605351553116,13128,1.0250846828398064,0.5601537335234895,1.2334253152819528,0.2577605351553116,13128
2020-08-22,ET,7,001_base_7var_weekly_ARconvlstm_7d_low_lr_clip,1.1570246515554812,0.3619261325818883,13128,1.2062678389864463,0.4912173008050785,1.1570246515554812,0.3619261325818883,13128
2020-08-23,ET,7,001_base_7var_weekly_ARconvlstm_7d_low_lr_clip,1.2188389504055455,0.19613931965592002,13128,1.2856394852365942,0.33549914707563133,1.2188389504055455,0.19613931965592002,13128
2020-08-24,ET,7,001_base_7var_weekly_ARconvlstm_7d_low_lr_clip,1.242195062022783,0.09619520851518204,13128,1.7877195558782335,-0.2720304450879316,1.242195062022783,0.09619520851518204,13128
2020-08-25,ET,7,001_base_7var_weekly_ARconvlstm_7d_low_lr_clip,1.1448183413745483,-0.0037678664168185882,13128,1.2277926112911146,0.05001073873987205,1.1448183413745483,-0.0037678664168185882,13128
2020-08-26,ET,7,001_base_7var_weekly_ARconvlstm_7d_low_lr_clip,1.056106246126805,0.1755896825869504,13128,0.8721413493457265,0.512472337488857,1.056106246126805,0.1755896825869504,13128
2020-08-27,ET,7,001_base_7var_weekly_ARconvlstm_7d_low_lr_clip,1.1438471011771523,0.2678459319938825,13128,1.040109034059553,0.5153943251543365,1.1438471011771523,0.2678459319938825,13128
2020-08-28,ET,7,001_base_7var_weekly_ARconvlstm_7d_low_lr_clip,1.1539445611763273,0.28883087603253155,13128,1.0872613209357602,0.474828006280841,1.1539445611763273,0.28883087603253155,13128
2020-08-29,ET,7,001_base_7var_weekly_ARconvlstm_7d_low_lr_clip,1.252330419628264,0.40183306437526345,13128,1.4892268189317788,0.3243838373503519,1.252330419628264,0.40183306437526345,13128
2020-08-30,ET,7,001_base_7var_weekly_ARconvlstm_7d_low_lr_clip,1.619874246590086,0.19264843190472325,13128,1.840893729984264,0.1287709621897084,1.619874246590086,0.19264843190472325,13128
2020-08-31,ET,7,001_base_7var_weekly_ARconvlstm_7d_low_lr_clip,1.2570595616413824,0.3111995476158038,13128,1.4388519053941216,0.269747771283289,1.2570595616413824,0.3111995476158038,13128
2020-09-01,ET,7,001_base_7var_weekly_ARconvlstm_7d_low_lr_clip,1.4819522055157597,0.08118504336214738,13128,1.692881313504773,0.03599484625967686,1.4819522055157597,0.08118504336214738,13128
2020-09-02,ET,7,001_base_7var_weekly_ARconvlstm_7d_low_lr_clip,1.7793394994060376,-0.054158507262932476,13128,1.8447174402762079,0.06585545258452674,1.7793394994060376,-0.054158507262932476,13128
2020-09-03,ET,7,001_base_7var_weekly_ARconvlstm_7d_low_lr_clip,1.6084476773196403,0.022060472713553825,13128,1.6347506007095585,0.2309154328768569,1.6084476773196403,0.022060472713553825,13128
2020-09-04,ET,7,001_base_7var_weekly_ARconvlstm_7d_low_lr_clip,1.5076402287973378,0.11776251364215751,13128,1.5695139435609409,0.26705374839349805,1.5076402287973378,0.11776251364215751,13128
2020-09-05,ET,7,001_base_7var_weekly_ARconvlstm_7d_low_lr_clip,1.6100175481733991,0.11300866672891619,13128,1.952002938544328,0.2098636507048316,1.6100175481733991,0.11300866672891619,13128
2020-09-06,ET,7,001_base_7var_weekly_ARconvlstm_7d_low_lr_clip,1.3731344452258052,0.2606767789207969,13128,1.8389422795061834,0.3519436289536496,1.3731344452258052,0.2606767789207969,13128
2020-09-07,ET,7,001_base_7var_weekly_ARconvlstm_7d_low_lr_clip,1.4450109213835918,0.24672613231467544,13128,1.6629647217367676,0.42433836926527024,1.4450109213835918,0.24672613231467544,13128
2020-09-08,ET,7,001_base_7var_weekly_ARconvlstm_7d_low_lr_clip,1.3276260121085293,0.26722366252949137,13128,1.8574562725494126,0.1739384993541443,1.3276260121085293,0.26722366252949137,13128
2020-09-09,ET,7,001_base_7var_weekly_ARconvlstm_7d_low_lr_clip,1.4571300901566344,0.3261402734398633,13128,1.8654754791393688,0.20695124597049674,1.4571300901566344,0.3261402734398633,13128
2020-09-10,ET,7,001_base_7var_weekly_ARconvlstm_7d_low_lr_clip,1.1667135956586245,0.4323772588819318,13128,1.5586254952234173,0.211490773709756,1.1667135956586245,0.4323772588819318,13128
2020-09-11,ET,7,001_base_7var_weekly_ARconvlstm_7d_low_lr_clip,1.3080054423665999,-0.002250769279807052,13128,1.669289562512292,-0.33370563613784454,1.3080054423665999,-0.002250769279807052,13128
2020-09-12,ET,7,001_base_7var_weekly_ARconvlstm_7d_low_lr_clip,1.0345714744460786,0.5595105663121017,13128,1.4650659804243242,0.21958312020635773,1.0345714744460786,0.5595105663121017,13128
2020-09-13,ET,7,001_base_7var_weekly_ARconvlstm_7d_low_lr_clip,0.8765217404206834,0.6975387889171083,13128,1.3119341142084122,0.4510260079977456,0.8765217404206834,0.6975387889171083,13128
2020-09-14,ET,7,001_base_7var_weekly_ARconvlstm_7d_low_lr_clip,0.9269957964467068,0.6498985074957447,13128,1.4670799027321062,0.3773353304603113,0.9269957964467068,0.6498985074957447,13128
2020-09-15,ET,7,001_base_7var_weekly_ARconvlstm_7d_low_lr_clip,0.9462656881027806,0.5806401168342763,13128,1.3766025154679544,0.44516716252951927,0.9462656881027806,0.5806401168342763,13128
2020-09-16,ET,7,001_base_7var_weekly_ARconvlstm_7d_low_lr_clip,0.8427363526259869,0.6326663235610723,13128,1.4377589697885884,0.36384265525459725,0.8427363526259869,0.6326663235610723,13128
2020-09-17,ET,7,001_base_7var_weekly_ARconvlstm_7d_low_lr_clip,0.8453751572666198,0.6396188482779219,13128,1.1532300644958107,0.5166690559341499,0.8453751572666198,0.6396188482779219,13128
2020-09-18,ET,7,001_base_7var_weekly_ARconvlstm_7d_low_lr_clip,0.9307606704548684,0.5813200145976434,13128,1.5140727703298993,0.08384117827983895,0.9307606704548684,0.5813200145976434,13128
2020-09-19,ET,7,001_base_7var_weekly_ARconvlstm_7d_low_lr_clip,0.966107080277676,0.5749576307562582,13128,1.2996651922075784,0.39141384005106483,0.966107080277676,0.5749576307562582,13128
2020-09-20,ET,7,001_base_7var_weekly_ARconvlstm_7d_low_lr_clip,0.9029679969650145,0.5638904985833726,13128,1.1834250538455966,0.3824760681113756,0.9029679969650145,0.5638904985833726,13128
2020-09-21,ET,7,001_base_7var_weekly_ARconvlstm_7d_low_lr_clip,0.972552092218279,0.3534260815324477,13128,1.3441834646156718,0.03141235146992749,0.972552092218279,0.3534260815324477,13128
2020-09-22,ET,7,001_base_7var_weekly_ARconvlstm_7d_low_lr_clip,1.030585338925494,0.23764750267934254,13128,1.2432769330337565,0.04862319654991065,1.030585338925494,0.23764750267934254,13128
2020-09-23,ET,7,001_base_7var_weekly_ARconvlstm_7d_low_lr_clip,0.9539632987412002,0.39377763780565567,13128,1.090060012308072,0.3342432321866353,0.9539632987412002,0.39377763780565567,13128
2020-09-24,ET,7,001_base_7var_weekly_ARconvlstm_7d_low_lr_clip,1.0710579257401205,0.19002965957666695,13128,1.2386013482693548,0.08629095711605606,1.0710579257401205,0.19002965957666695,13128
2020-09-25,ET,7,001_base_7var_weekly_ARconvlstm_7d_low_lr_clip,1.081308218538098,0.21668489052407947,13128,1.2280213971535874,0.14854824328122318,1.081308218538098,0.21668489052407947,13128
2020-09-26,ET,7,001_base_7var_weekly_ARconvlstm_7d_low_lr_clip,0.9680948053901579,0.389061710703967,13128,1.0947546732654456,0.3534783732910318,0.9680948053901579,0.389061710703967,13128
2020-09-27,ET,7,001_base_7var_weekly_ARconvlstm_7d_low_lr_clip,1.0528943294378643,0.28456520236447325,13128,0.8817501640727559,0.5317839108276355,1.0528943294378643,0.28456520236447325,13128
2020-09-28,ET,7,001_base_7var_weekly_ARconvlstm_7d_low_lr_clip,0.9476540245187176,0.3090216565106362,13128,0.7666706985768561,0.566150086584301,0.9476540245187176,0.3090216565106362,13128
2020-09-29,ET,7,001_base_7var_weekly_ARconvlstm_7d_low_lr_clip,0.8808115682778414,0.06994967249859096,13128,0.771699016512741,0.3596263356575703,0.8808115682778414,0.06994967249859096,13128
2020-09-30,ET,7,001_base_7var_weekly_ARconvlstm_7d_low_lr_clip,0.7388113284595903,0.2429043397333146,13128,0.7686667519610241,0.2913958434894851,0.7388113284595903,0.2429043397333146,13128
2020-10-01,ET,7,001_base_7var_weekly_ARconvlstm_7d_low_lr_clip,0.7157235691360193,0.18614461714248798,13128,0.6395059930300492,0.24685470880401816,0.7157235691360193,0.18614461714248798,13128
2020-10-02,ET,7,001_base_7var_weekly_ARconvlstm_7d_low_lr_clip,0.67009144182579,0.21444330372267206,13128,0.6647984738252614,0.12334072502301252,0.67009144182579,0.21444330372267206,13128
2020-10-03,ET,7,001_base_7var_weekly_ARconvlstm_7d_low_lr_clip,0.7211422151844427,0.2031796439049124,13128,0.6279235481594301,0.22848632845514694,0.7211422151844427,0.2031796439049124,13128
2020-10-04,ET,7,001_base_7var_weekly_ARconvlstm_7d_low_lr_clip,0.8958573841801378,-0.14740531465131324,13128,0.6255070757213906,0.1696342787946462,0.8958573841801378,-0.14740531465131324,13128
2020-10-05,ET,7,001_base_7var_weekly_ARconvlstm_7d_low_lr_clip,0.8367808168917306,-0.09010666902343867,13128,0.6450954201425656,0.19498008319079552,0.8367808168917306,-0.09010666902343867,13128
2020-10-06,ET,7,001_base_7var_weekly_ARconvlstm_7d_low_lr_clip,0.706480195669486,0.0717695389244235,13128,0.3397843777812602,0.6442253698507086,0.706480195669486,0.0717695389244235,13128
2020-10-07,ET,7,001_base_7var_weekly_ARconvlstm_7d_low_lr_clip,0.5628131072131922,0.29230936057243795,13128,0.29873177197828565,0.6443624964632624,0.5628131072131922,0.29230936057243795,13128
2020-10-08,ET,7,001_base_7var_weekly_ARconvlstm_7d_low_lr_clip,0.4962361360666721,0.45229048505967584,13128,0.21971537096315055,0.8081818937501741,0.4962361360666721,0.45229048505967584,13128
2020-10-09,ET,7,001_base_7var_weekly_ARconvlstm_7d_low_lr_clip,0.547227830905028,0.356259406711145,13128,0.20127571673636704,0.9065045612710503,0.547227830905028,0.356259406711145,13128
2020-10-10,ET,7,001_base_7var_weekly_ARconvlstm_7d_low_lr_clip,0.6502467026176129,0.11805157546957246,13128,0.24948797727573674,0.7166936877487551,0.6502467026176129,0.11805157546957246,13128
2020-10-11,ET,7,001_base_7var_weekly_ARconvlstm_7d_low_lr_clip,0.6747286884050749,0.25289225944242644,13128,0.24241551457660945,0.8911396854597872,0.6747286884050749,0.25289225944242644,13128
2020-10-12,ET,7,001_base_7var_weekly_ARconvlstm_7d_low_lr_clip,0.8196971670353463,0.1388417608380702,13128,0.45480419023312263,0.7443774118026141,0.8196971670353463,0.1388417608380702,13128
2020-10-13,ET,7,001_base_7var_weekly_ARconvlstm_7d_low_lr_clip,0.7603026999201212,-0.17265214249674266,13128,0.3150409372314266,0.6336701807708737,0.7603026999201212,-0.17265214249674266,13128
2020-10-14,ET,7,001_base_7var_weekly_ARconvlstm_7d_low_lr_clip,0.7832935715896631,0.06985157143854104,13128,0.32837775770079064,0.8118573364938106,0.7832935715896631,0.06985157143854104,13128
2020-10-15,ET,7,001_base_7var_weekly_ARconvlstm_7d_low_lr_clip,0.7500658710692212,-0.23441285869825967,13128,0.35999374113290045,0.5243309311079627,0.7500658710692212,-0.23441285869825967,13128
2020-10-16,ET,7,001_base_7var_weekly_ARconvlstm_7d_low_lr_clip,0.7425991594043739,-0.4911169971014253,13128,0.49799964065157915,0.26878588850411944,0.7425991594043739,-0.4911169971014253,13128
2020-10-17,ET,7,001_base_7var_weekly_ARconvlstm_7d_low_lr_clip,0.549985652794945,0.23187189625586602,13128,0.4062881181179202,0.7097265413724727,0.549985652794945,0.23187189625586602,13128
2020-10-18,ET,7,001_base_7var_weekly_ARconvlstm_7d_low_lr_clip,0.5358847049720502,0.36553505135983877,13128,0.5054924353165585,0.6430497273264713,0.5358847049720502,0.36553505135983877,13128
2020-10-19,ET,7,001_base_7var_weekly_ARconvlstm_7d_low_lr_clip,0.4475705016817856,0.4433375864403839,13128,0.5390827932463371,0.5381362477529505,0.4475705016817856,0.4433375864403839,13128
2020-10-20,ET,7,001_base_7var_weekly_ARconvlstm_7d_low_lr_clip,0.4204145844948329,0.5265495327618291,13128,0.33609527426021485,0.8006444302569722,0.4204145844948329,0.5265495327618291,13128
2020-10-21,ET,7,001_base_7var_weekly_ARconvlstm_7d_low_lr_clip,0.40756349710994005,0.50753076256498,13128,0.35426807179968517,0.7792101994967833,0.40756349710994005,0.50753076256498,13128
2020-10-22,ET,7,001_base_7var_weekly_ARconvlstm_7d_low_lr_clip,0.39868751206674313,0.5847247850540463,13128,0.36305565818752433,0.6993732644020516,0.39868751206674313,0.5847247850540463,13128
2020-10-23,ET,7,001_base_7var_weekly_ARconvlstm_7d_low_lr_clip,0.5049533221977949,0.5810553947943209,13128,0.6060220293257794,0.3945674577311784,0.5049533221977949,0.5810553947943209,13128
2020-10-24,ET,7,001_base_7var_weekly_ARconvlstm_7d_low_lr_clip,0.5021480940774501,0.41154702038006563,13128,0.5217020858614437,0.6333667408669597,0.5021480940774501,0.41154702038006563,13128
2020-10-25,ET,7,001_base_7var_weekly_ARconvlstm_7d_low_lr_clip,0.4855598017304541,0.5058715443091073,13128,0.4816038189315714,0.636534657257157,0.4855598017304541,0.5058715443091073,13128
2020-10-26,ET,7,001_base_7var_weekly_ARconvlstm_7d_low_lr_clip,0.5231916092428062,0.5336049411631864,13128,0.5918137694377054,0.45721874573922183,0.5231916092428062,0.5336049411631864,13128
2020-10-27,ET,7,001_base_7var_weekly_ARconvlstm_7d_low_lr_clip,0.4788686221778678,0.5287191094465571,13128,0.5188424088373736,0.577064402138918,0.4788686221778678,0.5287191094465571,13128
2020-10-28,ET,7,001_base_7var_weekly_ARconvlstm_7d_low_lr_clip,0.537245026827654,0.42455885844118435,13128,0.6130892722567725,0.43328497589857995,0.537245026827654,0.42455885844118435,13128
2020-10-29,ET,7,001_base_7var_weekly_ARconvlstm_7d_low_lr_clip,0.5948903904665027,0.2774760321835008,13128,0.6676976896672151,0.3509525841089962,0.5948903904665027,0.2774760321835008,13128
2020-10-30,ET,7,001_base_7var_weekly_ARconvlstm_7d_low_lr_clip,0.5587175054936104,0.3182680180693356,13128,0.7014546685512534,0.17733658628517768,0.5587175054936104,0.3182680180693356,13128
2020-10-31,ET,7,001_base_7var_weekly_ARconvlstm_7d_low_lr_clip,0.5514512056726122,0.3840523545856397,13128,0.6422604803755666,0.34983947185974584,0.5514512056726122,0.3840523545856397,13128
2020-11-01,ET,7,001_base_7var_weekly_ARconvlstm_7d_low_lr_clip,0.41567524841183395,0.48846079988541147,13128,0.5511520963374531,0.41277625205037627,0.41567524841183395,0.48846079988541147,13128
2020-11-02,ET,7,001_base_7var_weekly_ARconvlstm_7d_low_lr_clip,0.4311002303370131,0.40645327945013965,13128,0.5137167748218445,0.31925045670011376,0.4311002303370131,0.40645327945013965,13128
2020-11-03,ET,7,001_base_7var_weekly_ARconvlstm_7d_low_lr_clip,0.4056525674834874,0.4619816341218833,13128,0.48058573289538764,0.4550321846673844,0.4056525674834874,0.4619816341218833,13128
2020-11-04,ET,7,001_base_7var_weekly_ARconvlstm_7d_low_lr_clip,0.36630905343153664,0.5657420204917767,13128,0.6138080260530583,0.2549416634899194,0.36630905343153664,0.5657420204917767,13128
2020-11-05,ET,7,001_base_7var_weekly_ARconvlstm_7d_low_lr_clip,0.34731851527813157,0.46804897131782774,13128,0.5482734390007831,0.11136368774865213,0.34731851527813157,0.46804897131782774,13128
2020-11-06,ET,7,001_base_7var_weekly_ARconvlstm_7d_low_lr_clip,0.33557956394971095,0.5632253349916667,13128,0.3912429041811004,0.5291629398443234,0.33557956394971095,0.5632253349916667,13128
2020-11-07,ET,7,001_base_7var_weekly_ARconvlstm_7d_low_lr_clip,0.3377305152547226,0.6186738370588739,13128,0.3997557611903417,0.5120256256037357,0.3377305152547226,0.6186738370588739,13128
2020-11-08,ET,7,001_base_7var_weekly_ARconvlstm_7d_low_lr_clip,0.6572329168042298,0.17068066795307002,13128,0.5767905090190646,0.450954986261068,0.6572329168042298,0.17068066795307002,13128
2020-11-09,ET,7,001_base_7var_weekly_ARconvlstm_7d_low_lr_clip,0.47419307180202674,0.35150573250605033,13128,0.3993939015772933,0.6033328143644375,0.47419307180202674,0.35150573250605033,13128
2020-11-10,ET,7,001_base_7var_weekly_ARconvlstm_7d_low_lr_clip,0.542984925062292,0.2357048316435264,13128,0.5105144619849092,0.46672161890370467,0.542984925062292,0.2357048316435264,13128
2020-11-11,ET,7,001_base_7var_weekly_ARconvlstm_7d_low_lr_clip,0.3368664320045175,0.45413745996624344,13128,0.27955288620685337,0.6993217322033268,0.3368664320045175,0.45413745996624344,13128
2020-11-12,ET,7,001_base_7var_weekly_ARconvlstm_7d_low_lr_clip,0.3512872829920559,0.40924485007292644,13128,0.239310288196904,0.7769952944109244,0.3512872829920559,0.40924485007292644,13128
2020-11-13,ET,7,001_base_7var_weekly_ARconvlstm_7d_low_lr_clip,0.331642095064191,0.41744153232297,13128,0.2344877216315266,0.685617708945907,0.331642095064191,0.41744153232297,13128
2020-11-14,ET,7,001_base_7var_weekly_ARconvlstm_7d_low_lr_clip,0.4460235224302239,0.3664615725674213,13128,0.27447488311369617,0.7933472889286963,0.4460235224302239,0.3664615725674213,13128
2020-11-15,ET,7,001_base_7var_weekly_ARconvlstm_7d_low_lr_clip,0.4778117866265958,0.3032125969307149,13128,0.6422949157280053,0.32870249015696484,0.4778117866265958,0.3032125969307149,13128
2020-11-16,ET,7,001_base_7var_weekly_ARconvlstm_7d_low_lr_clip,0.49485296396526224,-0.294496835253089,13128,0.5091274069382425,-0.31952494087065353,0.49485296396526224,-0.294496835253089,13128
2020-11-17,ET,7,001_base_7var_weekly_ARconvlstm_7d_low_lr_clip,0.4787304004257406,-0.21170906177302307,13128,0.5722631810122226,-0.5030283789764554,0.4787304004257406,-0.21170906177302307,13128
2020-11-18,ET,7,001_base_7var_weekly_ARconvlstm_7d_low_lr_clip,0.42507380791384325,0.2518778464121493,13128,0.26226202899849216,0.7627952636364139,0.42507380791384325,0.2518778464121493,13128
2020-11-19,ET,7,001_base_7var_weekly_ARconvlstm_7d_low_lr_clip,0.46721162047115244,0.2218601428089646,13128,0.27820394420485123,0.7323603880848013,0.46721162047115244,0.2218601428089646,13128
2020-11-20,ET,7,001_base_7var_weekly_ARconvlstm_7d_low_lr_clip,0.3698716375859302,0.08617136926280888,13128,0.18223711914171034,0.595105525538656,0.3698716375859302,0.08617136926280888,13128
2020-11-21,ET,7,001_base_7var_weekly_ARconvlstm_7d_low_lr_clip,0.34200856027413257,0.1567303300875651,13128,0.39011456418294,-0.08056362587964827,0.34200856027413257,0.1567303300875651,13128
2020-11-22,ET,7,001_base_7var_weekly_ARconvlstm_7d_low_lr_clip,0.29909849144625583,0.39993216308654467,13128,0.3499608487335533,0.3036506070539279,0.29909849144625583,0.39993216308654467,13128
2020-11-23,ET,7,001_base_7var_weekly_ARconvlstm_7d_low_lr_clip,0.30596799516106105,0.33710449637876116,13128,0.29063410909022946,0.5687752177361712,0.30596799516106105,0.33710449637876116,13128
2020-11-24,ET,7,001_base_7var_weekly_ARconvlstm_7d_low_lr_clip,0.40415116218524805,0.1100841273612082,13128,0.35802285301828113,0.4614974404862977,0.40415116218524805,0.1100841273612082,13128
2020-11-25,ET,7,001_base_7var_weekly_ARconvlstm_7d_low_lr_clip,0.4357502243205558,0.19144442310926713,13128,0.3372025118443943,0.6799010036816272,0.4357502243205558,0.19144442310926713,13128
2020-11-26,ET,7,001_base_7var_weekly_ARconvlstm_7d_low_lr_clip,0.3292502933147268,0.2294510479234595,13128,0.3539392918166621,0.43243086814741893,0.3292502933147268,0.2294510479234595,13128
2020-11-27,ET,7,001_base_7var_weekly_ARconvlstm_7d_low_lr_clip,0.3529717344876824,0.2544243311320673,13128,0.308508943079969,0.5233125055518371,0.3529717344876824,0.2544243311320673,13128
2020-11-28,ET,7,001_base_7var_weekly_ARconvlstm_7d_low_lr_clip,0.3772401422889477,0.43981404489182696,13128,0.5205336565422211,0.17040514117198324,0.3772401422889477,0.43981404489182696,13128
2020-11-29,ET,7,001_base_7var_weekly_ARconvlstm_7d_low_lr_clip,0.42601194516021296,0.4410860420205086,13128,0.5975772215936491,0.21545447418235641,0.42601194516021296,0.4410860420205086,13128
2020-11-30,ET,7,001_base_7var_weekly_ARconvlstm_7d_low_lr_clip,0.3425976480662015,0.5002512087427605,13128,0.4443379302254863,0.40908587216011894,0.3425976480662015,0.5002512087427605,13128
2020-12-01,ET,7,001_base_7var_weekly_ARconvlstm_7d_low_lr_clip,0.278258209749669,0.5305533334341597,13128,0.39496982180429796,0.4833005968573294,0.278258209749669,0.5305533334341597,13128
2020-12-02,ET,7,001_base_7var_weekly_ARconvlstm_7d_low_lr_clip,0.33433074297566734,0.4710232888306316,13128,0.4369800820799064,0.39054811042766224,0.33433074297566734,0.4710232888306316,13128
2020-12-03,ET,7,001_base_7var_weekly_ARconvlstm_7d_low_lr_clip,0.3088819945917505,0.49476372695579485,13128,0.3154392604169845,0.598463037136544,0.3088819945917505,0.49476372695579485,13128
2020-12-04,ET,7,001_base_7var_weekly_ARconvlstm_7d_low_lr_clip,0.2847218227870155,0.14571973823535944,13128,0.3222070809478413,0.3910100454108357,0.2847218227870155,0.14571973823535944,13128
2020-12-05,ET,7,001_base_7var_weekly_ARconvlstm_7d_low_lr_clip,0.35216612207981973,-0.16149684286009158,13128,0.48374020621779135,-0.6681071777561844,0.35216612207981973,-0.16149684286009158,13128
2020-12-06,ET,7,001_base_7var_weekly_ARconvlstm_7d_low_lr_clip,0.26456076785838284,0.5033307389409203,13128,0.4813855997399325,-0.1259844788887743,0.26456076785838284,0.5033307389409203,13128
2020-12-07,ET,7,001_base_7var_weekly_ARconvlstm_7d_low_lr_clip,0.2268364580630549,0.363931823724267,13128,0.3611744200520992,-0.1781935755869133,0.2268364580630549,0.363931823724267,13128
2020-12-08,ET,7,001_base_7var_weekly_ARconvlstm_7d_low_lr_clip,0.21463656008457033,0.38402249627574814,13128,0.25878258407111815,0.21825961298459673,0.21463656008457033,0.38402249627574814,13128
2020-12-09,ET,7,001_base_7var_weekly_ARconvlstm_7d_low_lr_clip,0.21069050016061705,0.40030400114050413,13128,0.27654054236567094,0.3448985197290265,0.21069050016061705,0.40030400114050413,13128
2020-12-10,ET,7,001_base_7var_weekly_ARconvlstm_7d_low_lr_clip,0.24479741252834775,0.5300877873657852,13128,0.2697716422184983,0.5570863316662652,0.24479741252834775,0.5300877873657852,13128
2020-12-11,ET,7,001_base_7var_weekly_ARconvlstm_7d_low_lr_clip,0.4178066270231757,0.16630933048327712,13128,0.4414918388508088,0.17507164376842643,0.4178066270231757,0.16630933048327712,13128
2020-12-12,ET,7,001_base_7var_weekly_ARconvlstm_7d_low_lr_clip,0.3087412522175727,0.38274908471811064,13128,0.33954465921134447,0.3145915516347896,0.3087412522175727,0.38274908471811064,13128
2020-12-13,ET,7,001_base_7var_weekly_ARconvlstm_7d_low_lr_clip,0.2954027017891984,0.5230660150017801,13128,0.32534254861996587,0.5817835663172051,0.2954027017891984,0.5230660150017801,13128
2020-12-14,ET,7,001_base_7var_weekly_ARconvlstm_7d_low_lr_clip,0.2661483923753923,0.5451563919818493,13128,0.23503431971288305,0.6101132880351825,0.2661483923753923,0.5451563919818493,13128
2020-12-15,ET,7,001_base_7var_weekly_ARconvlstm_7d_low_lr_clip,0.30686598454348785,0.19070140075945874,13128,0.28929444853619896,0.3850758755325395,0.30686598454348785,0.19070140075945874,13128
2020-12-16,ET,7,001_base_7var_weekly_ARconvlstm_7d_low_lr_clip,0.21831107027392047,0.4665893002105824,13128,0.19331116791441133,0.7493222509392929,0.21831107027392047,0.4665893002105824,13128
2020-12-17,ET,7,001_base_7var_weekly_ARconvlstm_7d_low_lr_clip,0.2365354243976321,0.1869930230164737,13128,0.22380219716678704,0.4424262806376995,0.2365354243976321,0.1869930230164737,13128
2020-12-18,ET,7,001_base_7var_weekly_ARconvlstm_7d_low_lr_clip,0.2874532161792115,0.15587141033636265,13128,0.42988872075134243,-0.08190733340299716,0.2874532161792115,0.15587141033636265,13128
2020-12-19,ET,7,001_base_7var_weekly_ARconvlstm_7d_low_lr_clip,0.24687462321036246,0.1563760992524269,13128,0.33794825801185163,-0.07160326981794185,0.24687462321036246,0.1563760992524269,13128
2020-12-20,ET,7,001_base_7var_weekly_ARconvlstm_7d_low_lr_clip,0.22483712253536012,0.292606054983655,13128,0.31532603063824005,-0.045262428661098975,0.22483712253536012,0.292606054983655,13128
2020-12-21,ET,7,001_base_7var_weekly_ARconvlstm_7d_low_lr_clip,0.22804035979269116,0.18844133038518374,13128,0.23744341157892254,0.21606041446257918,0.22804035979269116,0.18844133038518374,13128
2020-12-22,ET,7,001_base_7var_weekly_ARconvlstm_7d_low_lr_clip,0.22436156499466864,0.5517725653600826,13128,0.26697965298318965,0.538965431881407,0.22436156499466864,0.5517725653600826,13128
2020-12-23,ET,7,001_base_7var_weekly_ARconvlstm_7d_low_lr_clip,0.5763904246210131,-0.028979668477931986,13128,0.5359974673207366,0.17782883520845916,0.5763904246210131,-0.028979668477931986,13128
2020-12-24,ET,7,001_base_7var_weekly_ARconvlstm_7d_low_lr_clip,0.4616955815779373,0.259615253249901,13128,0.482300586687647,0.17707408352316067,0.4616955815779373,0.259615253249901,13128
2020-12-25,ET,7,001_base_7var_weekly_ARconvlstm_7d_low_lr_clip,0.25990495362886357,0.18818474634412818,13128,0.18082785163772605,0.6460813328196874,0.25990495362886357,0.18818474634412818,13128
2020-12-26,ET,7,001_base_7var_weekly_ARconvlstm_7d_low_lr_clip,0.2761319555139131,0.10351969920459703,13128,0.16314338488535057,0.7307715766745648,0.2761319555139131,0.10351969920459703,13128
2020-12-27,ET,7,001_base_7var_weekly_ARconvlstm_7d_low_lr_clip,0.2425175746495531,0.34325554083638543,13128,0.1495914522154971,0.7617729385996084,0.2425175746495531,0.34325554083638543,13128
2020-12-28,ET,7,001_base_7var_weekly_ARconvlstm_7d_low_lr_clip,0.22230915760785408,0.350144313550777,13128,0.1491250406097086,0.8019201662469981,0.22230915760785408,0.350144313550777,13128
2020-12-29,ET,7,001_base_7var_weekly_ARconvlstm_7d_low_lr_clip,0.2696985774127194,0.4887467709513281,13128,0.19925971681251586,0.7583534994458048,0.2696985774127194,0.4887467709513281,13128
2020-12-30,ET,7,001_base_7var_weekly_ARconvlstm_7d_low_lr_clip,0.3588568162507496,0.36176299273037116,13128,0.6059801700849774,0.05207757526729939,0.3588568162507496,0.36176299273037116,13128
2020-12-31,ET,7,001_base_7var_weekly_ARconvlstm_7d_low_lr_clip,0.7335571283993816,0.026661870962144674,13128,0.8584558201116201,0.09600276560162446,0.7335571283993816,0.026661870962144674,13128
2020-01-01,ET,30,029_base_7var_monthly_Seq2seqconvlstm_30d_compact_1layer,0.2742010700453188,0.5233846931583004,13128,0.5703598283594148,-0.3033947751959343,0.2742010700453188,0.5233846931583004,13128
2020-01-02,ET,30,029_base_7var_monthly_Seq2seqconvlstm_30d_compact_1layer,0.37577116459655785,0.2547504304637197,13128,0.3829349324879569,0.3759637087085198,0.37577116459655785,0.2547504304637197,13128
2020-01-03,ET,30,029_base_7var_monthly_Seq2seqconvlstm_30d_compact_1layer,0.38524329502538907,0.34011300019086865,13128,0.37261880004143405,0.5006734171566909,0.38524329502538907,0.34011300019086865,13128
2020-01-04,ET,30,029_base_7var_monthly_Seq2seqconvlstm_30d_compact_1layer,0.24000918680092242,0.5823866221810409,13128,0.22509421624919376,0.7173884448288721,0.24000918680092242,0.5823866221810409,13128
2020-01-05,ET,30,029_base_7var_monthly_Seq2seqconvlstm_30d_compact_1layer,0.21268946942886233,0.6765074381779654,13128,0.25992727844824925,0.6258999340168394,0.21268946942886233,0.6765074381779654,13128
2020-01-06,ET,30,029_base_7var_monthly_Seq2seqconvlstm_30d_compact_1layer,0.23548340302849194,0.5070128740237921,13128,0.2622530096670983,0.4491088735668183,0.23548340302849194,0.5070128740237921,13128
2020-01-07,ET,30,029_base_7var_monthly_Seq2seqconvlstm_30d_compact_1layer,0.23721219343438008,0.39474587819499507,13128,0.20946126535736592,0.6060385595353863,0.23721219343438008,0.39474587819499507,13128
2020-01-08,ET,30,029_base_7var_monthly_Seq2seqconvlstm_30d_compact_1layer,0.20991814872312628,0.6259496955823851,13128,0.2443273288277799,0.7113526219275486,0.20991814872312628,0.6259496955823851,13128
2020-01-09,ET,30,029_base_7var_monthly_Seq2seqconvlstm_30d_compact_1layer,0.2280879581478278,0.5765386645544712,13128,0.3606573467203529,0.24656577431472515,0.2280879581478278,0.5765386645544712,13128
2020-01-10,ET,30,029_base_7var_monthly_Seq2seqconvlstm_30d_compact_1layer,0.2943895157722038,0.516219648134242,13128,0.6459594000962243,-0.3252140465331037,0.2943895157722038,0.516219648134242,13128
2020-01-11,ET,30,029_base_7var_monthly_Seq2seqconvlstm_30d_compact_1layer,0.5602983845378323,0.27840835877686954,13128,0.7086955542725166,0.14594967117573654,0.5602983845378323,0.27840835877686954,13128
2020-01-12,ET,30,029_base_7var_monthly_Seq2seqconvlstm_30d_compact_1layer,0.2428624533811679,0.4862405485027643,13128,0.36551986089302685,0.2576988863965921,0.2428624533811679,0.4862405485027643,13128
2020-01-13,ET,30,029_base_7var_monthly_Seq2seqconvlstm_30d_compact_1layer,0.2535863371575292,0.22752840456344914,13128,0.36568055819127077,-0.18151311412728255,0.2535863371575292,0.22752840456344914,13128
2020-01-14,ET,30,029_base_7var_monthly_Seq2seqconvlstm_30d_compact_1layer,0.25463535634274437,0.28315025091594714,13128,0.3235714776859578,0.07994602362010905,0.25463535634274437,0.28315025091594714,13128
2020-01-15,ET,30,029_base_7var_monthly_Seq2seqconvlstm_30d_compact_1layer,0.22404586696015574,0.6112888670150365,13128,0.3556607516362656,0.2781246249239119,0.22404586696015574,0.6112888670150365,13128
2020-01-16,ET,30,029_base_7var_monthly_Seq2seqconvlstm_30d_compact_1layer,0.34401019004522804,0.5013755993783933,13128,0.3501132691705459,0.5282121310481385,0.34401019004522804,0.5013755993783933,13128
2020-01-17,ET,30,029_base_7var_monthly_Seq2seqconvlstm_30d_compact_1layer,0.49131922105111286,0.16618452949026807,13128,0.5533234437650095,0.22154585938666427,0.49131922105111286,0.16618452949026807,13128
2020-01-18,ET,30,029_base_7var_monthly_Seq2seqconvlstm_30d_compact_1layer,0.4538627033252249,0.22479505378533282,13128,0.5564873347809508,0.045016205038018176,0.4538627033252249,0.22479505378533282,13128
2020-01-19,ET,30,029_base_7var_monthly_Seq2seqconvlstm_30d_compact_1layer,0.4726265294861874,0.22559264379671673,13128,0.5138096729384007,0.1635737977723306,0.4726265294861874,0.22559264379671673,13128
2020-01-20,ET,30,029_base_7var_monthly_Seq2seqconvlstm_30d_compact_1layer,0.310642872020611,0.4522382617318438,13128,0.3501421315810218,0.28353579636769843,0.310642872020611,0.4522382617318438,13128
2020-01-21,ET,30,029_base_7var_monthly_Seq2seqconvlstm_30d_compact_1layer,0.36399094515535935,0.31334033942898365,13128,0.4622317248241986,0.20319612297676248,0.36399094515535935,0.31334033942898365,13128
2020-01-22,ET,30,029_base_7var_monthly_Seq2seqconvlstm_30d_compact_1layer,0.463665626852981,0.12073215823180783,13128,0.518689102482126,0.10054758095466954,0.463665626852981,0.12073215823180783,13128
2020-01-23,ET,30,029_base_7var_monthly_Seq2seqconvlstm_30d_compact_1layer,0.3527015258694946,0.24785547156545573,13128,0.35968369755983665,0.3352592050176689,0.3527015258694946,0.24785547156545573,13128
2020-01-24,ET,30,029_base_7var_monthly_Seq2seqconvlstm_30d_compact_1layer,0.24594042602257105,0.48695136069652634,13128,0.24492690185014107,0.5906641614627588,0.24594042602257105,0.48695136069652634,13128
2020-01-25,ET,30,029_base_7var_monthly_Seq2seqconvlstm_30d_compact_1layer,0.31466120744790194,0.3400389794750792,13128,0.28089404157046355,0.622981725865802,0.31466120744790194,0.3400389794750792,13128
2020-01-26,ET,30,029_base_7var_monthly_Seq2seqconvlstm_30d_compact_1layer,0.24764570286076218,0.5101063041429099,13128,0.2668290274073581,0.5293302919745021,0.24764570286076218,0.5101063041429099,13128
2020-01-27,ET,30,029_base_7var_monthly_Seq2seqconvlstm_30d_compact_1layer,0.32001763697625113,0.3507291716591945,13128,0.2581383092268399,0.6817390341580928,0.32001763697625113,0.3507291716591945,13128
2020-01-28,ET,30,029_base_7var_monthly_Seq2seqconvlstm_30d_compact_1layer,0.5457540732655387,-0.1524227617781584,13128,0.4304523472361754,0.5566977140338709,0.5457540732655387,-0.1524227617781584,13128
2020-01-29,ET,30,029_base_7var_monthly_Seq2seqconvlstm_30d_compact_1layer,0.38474730628103654,0.32295327116373473,13128,0.5441679110944785,0.2418313720313524,0.38474730628103654,0.32295327116373473,13128
2020-01-30,ET,30,029_base_7var_monthly_Seq2seqconvlstm_30d_compact_1layer,0.2668955316125886,0.3844321209505338,13128,0.4524372045608762,-0.05066003049529777,0.2668955316125886,0.3844321209505338,13128
2020-01-31,ET,30,029_base_7var_monthly_Seq2seqconvlstm_30d_compact_1layer,0.3628585698075678,0.16015940591208055,13128,0.31789140391170806,0.5417565734531171,0.3628585698075678,0.16015940591208055,13128
2020-02-01,ET,30,029_base_7var_monthly_Seq2seqconvlstm_30d_compact_1layer,0.35093376999852977,0.23159538312180783,13128,0.41743361217425057,0.36604446624378273,0.35093376999852977,0.23159538312180783,13128
2020-02-02,ET,30,029_base_7var_monthly_Seq2seqconvlstm_30d_compact_1layer,0.42569636820116163,0.1422281506120867,13128,0.4733838511304451,0.4302344657217366,0.42569636820116163,0.1422281506120867,13128
2020-02-03,ET,30,029_base_7var_monthly_Seq2seqconvlstm_30d_compact_1layer,0.46463954223933857,0.08407998959849017,13128,0.4422359899725908,0.3306624261034783,0.46463954223933857,0.08407998959849017,13128
2020-02-04,ET,30,029_base_7var_monthly_Seq2seqconvlstm_30d_compact_1layer,0.5793445081341229,0.04282642878743115,13128,0.5618711597728818,0.21513265410680482,0.5793445081341229,0.04282642878743115,13128
2020-02-05,ET,30,029_base_7var_monthly_Seq2seqconvlstm_30d_compact_1layer,0.6802639928814875,0.03759955461376763,13128,0.6929346624068277,0.05788485934919607,0.6802639928814875,0.03759955461376763,13128
2020-02-06,ET,30,029_base_7var_monthly_Seq2seqconvlstm_30d_compact_1layer,0.5062848888358216,0.172758057203395,13128,0.5322447000521652,0.18414222241910072,0.5062848888358216,0.172758057203395,13128
2020-02-07,ET,30,029_base_7var_monthly_Seq2seqconvlstm_30d_compact_1layer,0.3178349067895337,0.36425696058041923,13128,0.29927340526943297,0.5945482068172471,0.3178349067895337,0.36425696058041923,13128
2020-02-08,ET,30,029_base_7var_monthly_Seq2seqconvlstm_30d_compact_1layer,0.3149567691828498,0.4310553063737348,13128,0.29095687090109906,0.5919248251616606,0.3149567691828498,0.4310553063737348,13128
2020-02-09,ET,30,029_base_7var_monthly_Seq2seqconvlstm_30d_compact_1layer,0.35371445637823534,0.41532460891914835,13128,0.3562348756983346,0.5086349796025911,0.35371445637823534,0.41532460891914835,13128
2020-02-10,ET,30,029_base_7var_monthly_Seq2seqconvlstm_30d_compact_1layer,0.35491828797178715,0.4650232751717822,13128,0.6199035724063039,0.24010434152391147,0.35491828797178715,0.4650232751717822,13128
2020-02-11,ET,30,029_base_7var_monthly_Seq2seqconvlstm_30d_compact_1layer,0.47280626413266924,0.21123246827226183,13128,0.48742060422957506,0.24627582330781106,0.47280626413266924,0.21123246827226183,13128
2020-02-12,ET,30,029_base_7var_monthly_Seq2seqconvlstm_30d_compact_1layer,0.7281300815739652,-0.09238940261614514,13128,0.780795078327516,-0.07646331315865584,0.7281300815739652,-0.09238940261614514,13128
2020-02-13,ET,30,029_base_7var_monthly_Seq2seqconvlstm_30d_compact_1layer,0.48193812153033394,0.3269026361345704,13128,0.6101479444928939,0.012159846441216149,0.48193812153033394,0.3269026361345704,13128
2020-02-14,ET,30,029_base_7var_monthly_Seq2seqconvlstm_30d_compact_1layer,0.42472602265898474,0.3912323174393556,13128,0.45026759001489763,0.31632312219234604,0.42472602265898474,0.3912323174393556,13128
2020-02-15,ET,30,029_base_7var_monthly_Seq2seqconvlstm_30d_compact_1layer,0.3238781832282273,0.5754010676607488,13128,0.32201488332634504,0.6852868920919054,0.3238781832282273,0.5754010676607488,13128
2020-02-16,ET,30,029_base_7var_monthly_Seq2seqconvlstm_30d_compact_1layer,0.3167982928615488,0.5494287971978404,13128,0.474189622667297,0.41598501506224883,0.3167982928615488,0.5494287971978404,13128
2020-02-17,ET,30,029_base_7var_monthly_Seq2seqconvlstm_30d_compact_1layer,0.3601467210936688,0.5559967232206406,13128,0.440971624252407,0.5656705389430703,0.3601467210936688,0.5559967232206406,13128
2020-02-18,ET,30,029_base_7var_monthly_Seq2seqconvlstm_30d_compact_1layer,0.39377747576999705,0.5422181489705766,13128,0.4598559895834517,0.536979867996626,0.39377747576999705,0.5422181489705766,13128
2020-02-19,ET,30,029_base_7var_monthly_Seq2seqconvlstm_30d_compact_1layer,0.35428351566038824,0.6531972541758726,13128,0.41609592824843616,0.4771274808037095,0.35428351566038824,0.6531972541758726,13128
2020-02-20,ET,30,029_base_7var_monthly_Seq2seqconvlstm_30d_compact_1layer,0.4513394385037453,0.4341669705262302,13128,0.46858708706190805,0.460532675385643,0.4513394385037453,0.4341669705262302,13128
2020-02-21,ET,30,029_base_7var_monthly_Seq2seqconvlstm_30d_compact_1layer,0.3681737182137757,0.565423117700761,13128,0.4440735324211769,0.5503829777761039,0.3681737182137757,0.565423117700761,13128
2020-02-22,ET,30,029_base_7var_monthly_Seq2seqconvlstm_30d_compact_1layer,0.4408871134051122,0.5401539769036704,13128,0.34554538683836444,0.6234481597288201,0.4408871134051122,0.5401539769036704,13128
2020-02-23,ET,30,029_base_7var_monthly_Seq2seqconvlstm_30d_compact_1layer,0.486028622787337,0.35874049449891476,13128,0.32303327091435374,0.5602724109906071,0.486028622787337,0.35874049449891476,13128
2020-02-24,ET,30,029_base_7var_monthly_Seq2seqconvlstm_30d_compact_1layer,0.5188170501218594,0.4224136110385095,13128,0.5323497032453228,0.3462507099669806,0.5188170501218594,0.4224136110385095,13128
2020-02-25,ET,30,029_base_7var_monthly_Seq2seqconvlstm_30d_compact_1layer,0.5005252967899979,0.48723518626854745,13128,0.5831878230013293,0.24727345524526834,0.5005252967899979,0.48723518626854745,13128
2020-02-26,ET,30,029_base_7var_monthly_Seq2seqconvlstm_30d_compact_1layer,0.5758857168708004,0.4070739534166887,13128,0.6420266712141248,0.2601777428587051,0.5758857168708004,0.4070739534166887,13128
2020-02-27,ET,30,029_base_7var_monthly_Seq2seqconvlstm_30d_compact_1layer,0.3821392855119286,0.528999809094759,13128,0.4696476928705829,0.4764432763750731,0.3821392855119286,0.528999809094759,13128
2020-02-28,ET,30,029_base_7var_monthly_Seq2seqconvlstm_30d_compact_1layer,0.3728929933628962,0.6025499444492591,13128,0.3077060977386626,0.7826291739577389,0.3728929933628962,0.6025499444492591,13128
2020-03-01,ET,30,029_base_7var_monthly_Seq2seqconvlstm_30d_compact_1layer,0.5190016476125974,0.4279826104709227,13128,0.6179118757099621,0.16289861778809678,0.5190016476125974,0.4279826104709227,13128
2020-03-02,ET,30,029_base_7var_monthly_Seq2seqconvlstm_30d_compact_1layer,0.3696462243989786,0.5777420418583858,13128,0.39782429568178,0.5188671787414523,0.3696462243989786,0.5777420418583858,13128
2020-03-03,ET,30,029_base_7var_monthly_Seq2seqconvlstm_30d_compact_1layer,0.4979703367857099,0.4638828383021101,13128,0.5582743186315894,0.348725512182944,0.4979703367857099,0.4638828383021101,13128
2020-03-04,ET,30,029_base_7var_monthly_Seq2seqconvlstm_30d_compact_1layer,0.7784767966206259,0.2589438243882519,13128,0.8802747766070331,0.1441786951439996,0.7784767966206259,0.2589438243882519,13128
2020-03-05,ET,30,029_base_7var_monthly_Seq2seqconvlstm_30d_compact_1layer,0.7631625369510083,0.2840706070341824,13128,0.8706906950737202,0.17204191209351982,0.7631625369510083,0.2840706070341824,13128
2020-03-06,ET,30,029_base_7var_monthly_Seq2seqconvlstm_30d_compact_1layer,0.7229611007559991,0.3095677623359232,13128,0.761412501724982,0.28923639365226095,0.7229611007559991,0.3095677623359232,13128
2020-03-07,ET,30,029_base_7var_monthly_Seq2seqconvlstm_30d_compact_1layer,0.7344386855606377,0.27433061506719514,13128,0.6467855492541799,0.5555649464313682,0.7344386855606377,0.27433061506719514,13128
2020-03-08,ET,30,029_base_7var_monthly_Seq2seqconvlstm_30d_compact_1layer,0.6652092912282366,0.34398819451033913,13128,0.7333434943609347,0.35848564315827247,0.6652092912282366,0.34398819451033913,13128
2020-03-09,ET,30,029_base_7var_monthly_Seq2seqconvlstm_30d_compact_1layer,0.914359153073664,0.14220095996888193,13128,1.0452567007190474,0.02140705874544835,0.914359153073664,0.14220095996888193,13128
2020-03-10,ET,30,029_base_7var_monthly_Seq2seqconvlstm_30d_compact_1layer,0.6170746601679342,0.4022070292009151,13128,0.8054928081091122,0.18819588582489666,0.6170746601679342,0.4022070292009151,13128
2020-03-11,ET,30,029_base_7var_monthly_Seq2seqconvlstm_30d_compact_1layer,0.5452320045158272,0.4954338594678138,13128,0.7572454837424842,0.2693800444522291,0.5452320045158272,0.4954338594678138,13128
2020-03-12,ET,30,029_base_7var_monthly_Seq2seqconvlstm_30d_compact_1layer,0.5846322325537192,0.5489901162150761,13128,0.8977226251099563,0.1808281549407068,0.5846322325537192,0.5489901162150761,13128
2020-03-13,ET,30,029_base_7var_monthly_Seq2seqconvlstm_30d_compact_1layer,0.8503924219359641,0.338235851273578,13128,0.9297691196156864,0.2383083508506162,0.8503924219359641,0.338235851273578,13128
2020-03-14,ET,30,029_base_7var_monthly_Seq2seqconvlstm_30d_compact_1layer,0.8661566004324251,0.33794444724055805,13128,0.8980582703120071,0.33744805742135586,0.8661566004324251,0.33794444724055805,13128
2020-03-15,ET,30,029_base_7var_monthly_Seq2seqconvlstm_30d_compact_1layer,0.604701138917313,0.4934718547678205,13128,0.6567057977985566,0.40035079757003844,0.604701138917313,0.4934718547678205,13128
2020-03-16,ET,30,029_base_7var_monthly_Seq2seqconvlstm_30d_compact_1layer,0.9653358988960743,0.22742632736942836,13128,1.1245526312011314,0.09542570086144853,0.9653358988960743,0.22742632736942836,13128
2020-03-17,ET,30,029_base_7var_monthly_Seq2seqconvlstm_30d_compact_1layer,0.7093346468229533,0.4475806341130568,13128,0.9839673004566377,0.17336768113492163,0.7093346468229533,0.4475806341130568,13128
2020-03-18,ET,30,029_base_7var_monthly_Seq2seqconvlstm_30d_compact_1layer,1.0176165135410393,0.3434001599420238,13128,1.3423808972533036,0.050449126736861194,1.0176165135410393,0.3434001599420238,13128
2020-03-19,ET,30,029_base_7var_monthly_Seq2seqconvlstm_30d_compact_1layer,1.4904037689897702,0.14435996361626913,13128,1.729543739502229,-0.0018668132245049929,1.4904037689897702,0.14435996361626913,13128
2020-03-20,ET,30,029_base_7var_monthly_Seq2seqconvlstm_30d_compact_1layer,1.1329283399432974,0.17606576161656995,13128,1.3917449338254646,-0.07940106174577743,1.1329283399432974,0.17606576161656995,13128
2020-03-21,ET,30,029_base_7var_monthly_Seq2seqconvlstm_30d_compact_1layer,0.6428472733835136,0.5242364753343066,13128,0.8105010969644438,0.26441401214373106,0.6428472733835136,0.5242364753343066,13128
2020-03-22,ET,30,029_base_7var_monthly_Seq2seqconvlstm_30d_compact_1layer,0.6278164160580693,0.5549679286680946,13128,0.8236163158516682,0.31444694058264344,0.6278164160580693,0.5549679286680946,13128
2020-03-23,ET,30,029_base_7var_monthly_Seq2seqconvlstm_30d_compact_1layer,0.5432244239325035,0.5994751835324758,13128,0.8185535770524478,0.2856565284590936,0.5432244239325035,0.5994751835324758,13128
2020-03-24,ET,30,029_base_7var_monthly_Seq2seqconvlstm_30d_compact_1layer,0.6561985622672283,0.4964208837152535,13128,1.0515175822011713,0.1730878148431606,0.6561985622672283,0.4964208837152535,13128
2020-03-25,ET,30,029_base_7var_monthly_Seq2seqconvlstm_30d_compact_1layer,0.6329588920633336,0.5419297116322901,13128,1.1986488579823167,-0.020258219052251336,0.6329588920633336,0.5419297116322901,13128
2020-03-26,ET,30,029_base_7var_monthly_Seq2seqconvlstm_30d_compact_1layer,0.6762411308496736,0.5385680458975439,13128,1.0066484204522628,0.305008945535609,0.6762411308496736,0.5385680458975439,13128
2020-03-27,ET,30,029_base_7var_monthly_Seq2seqconvlstm_30d_compact_1layer,0.6724074817312898,0.5295860890005986,13128,0.9634801208418718,0.29499006798175265,0.6724074817312898,0.5295860890005986,13128
2020-03-28,ET,30,029_base_7var_monthly_Seq2seqconvlstm_30d_compact_1layer,1.0208964220432786,0.33461110389441606,13128,1.179896698090907,0.2768836016861981,1.0208964220432786,0.33461110389441606,13128
2020-03-29,ET,30,029_base_7var_monthly_Seq2seqconvlstm_30d_compact_1layer,0.773724949152121,0.456897530343364,13128,1.1273163715047696,0.09620797917591883,0.773724949152121,0.456897530343364,13128
2020-03-30,ET,30,029_base_7var_monthly_Seq2seqconvlstm_30d_compact_1layer,0.6130527211366918,0.5782956872097216,13128,0.9393664656591925,0.21344416720677917,0.6130527211366918,0.5782956872097216,13128
2020-03-31,ET,30,029_base_7var_monthly_Seq2seqconvlstm_30d_compact_1layer,0.7263673416327543,0.551027008226045,13128,0.9546293781297789,0.3391705859443699,0.7263673416327543,0.551027008226045,13128
2020-04-01,ET,30,029_base_7var_monthly_Seq2seqconvlstm_30d_compact_1layer,0.7514244187151121,0.5647811267139471,13128,1.0413271854651267,0.20646587493478374,0.7514244187151121,0.5647811267139471,13128
2020-04-02,ET,30,029_base_7var_monthly_Seq2seqconvlstm_30d_compact_1layer,0.7106232913937987,0.5794236570700051,13128,0.8975360289740513,0.28677450329139076,0.7106232913937987,0.5794236570700051,13128
2020-04-03,ET,30,029_base_7var_monthly_Seq2seqconvlstm_30d_compact_1layer,0.890191690166138,0.4706398006157484,13128,1.1140556637495462,0.1893931839981592,0.890191690166138,0.4706398006157484,13128
2020-04-04,ET,30,029_base_7var_monthly_Seq2seqconvlstm_30d_compact_1layer,0.8884391623365234,0.3879439823724845,13128,0.923378647974326,0.4103167404159076,0.8884391623365234,0.3879439823724845,13128
2020-04-05,ET,30,029_base_7var_monthly_Seq2seqconvlstm_30d_compact_1layer,0.7767645009850372,0.4604115370524031,13128,0.9239784897096018,0.3452526412960403,0.7767645009850372,0.4604115370524031,13128
2020-04-06,ET,30,029_base_7var_monthly_Seq2seqconvlstm_30d_compact_1layer,0.7750641305056676,0.4973835565431799,13128,1.0567866916823716,0.3098637387785548,0.7750641305056676,0.4973835565431799,13128
2020-04-07,ET,30,029_base_7var_monthly_Seq2seqconvlstm_30d_compact_1layer,0.8831092009449705,0.47280501408906217,13128,1.1735422860001643,0.24897810096748652,0.8831092009449705,0.47280501408906217,13128
2020-04-08,ET,30,029_base_7var_monthly_Seq2seqconvlstm_30d_compact_1layer,0.9508358003732775,0.49429844912448706,13128,1.4686544782130009,0.08558359601372012,0.9508358003732775,0.49429844912448706,13128
2020-04-09,ET,30,029_base_7var_monthly_Seq2seqconvlstm_30d_compact_1layer,0.9038246107378507,0.4973681497022284,13128,1.1201982048700574,0.2746687406678425,0.9038246107378507,0.4973681497022284,13128
2020-04-10,ET,30,029_base_7var_monthly_Seq2seqconvlstm_30d_compact_1layer,1.0880675221149738,0.41647186754003884,13128,1.149516322204842,0.326550201868231,1.0880675221149738,0.41647186754003884,13128
2020-04-11,ET,30,029_base_7var_monthly_Seq2seqconvlstm_30d_compact_1layer,1.0193555448008582,0.464135080465388,13128,0.9972157124926028,0.47309657797350224,1.0193555448008582,0.464135080465388,13128
2020-04-12,ET,30,029_base_7var_monthly_Seq2seqconvlstm_30d_compact_1layer,1.2591327207471157,0.3729840406424365,13128,1.4965702733211121,0.2079186049253411,1.2591327207471157,0.3729840406424365,13128
2020-04-13,ET,30,029_base_7var_monthly_Seq2seqconvlstm_30d_compact_1layer,1.0273229368614378,0.3792057941322785,13128,1.11764449349932,0.3184796487975654,1.0273229368614378,0.3792057941322785,13128
2020-04-14,ET,30,029_base_7var_monthly_Seq2seqconvlstm_30d_compact_1layer,0.9533362583451919,0.3243155448192028,13128,0.7785810119688669,0.44372475490872354,0.9533362583451919,0.3243155448192028,13128
2020-04-15,ET,30,029_base_7var_monthly_Seq2seqconvlstm_30d_compact_1layer,0.9650602073075744,0.27492888873520593,13128,1.159166204920896,0.19564032957189292,0.9650602073075744,0.27492888873520593,13128
2020-04-16,ET,30,029_base_7var_monthly_Seq2seqconvlstm_30d_compact_1layer,0.9607849406425923,0.42651257201688075,13128,1.0248646293355388,0.36530383165000613,0.9607849406425923,0.42651257201688075,13128
2020-04-17,ET,30,029_base_7var_monthly_Seq2seqconvlstm_30d_compact_1layer,1.0703229790701954,0.23573608779736843,13128,1.2244305330019565,0.1740420707256929,1.0703229790701954,0.23573608779736843,13128
2020-04-18,ET,30,029_base_7var_monthly_Seq2seqconvlstm_30d_compact_1layer,1.0449083170629134,0.27669307101572693,13128,1.616082251955222,-0.13582946889636038,1.0449083170629134,0.27669307101572693,13128
2020-04-19,ET,30,029_base_7var_monthly_Seq2seqconvlstm_30d_compact_1layer,0.9674379048875226,0.3880642709319344,13128,1.0689037324329782,0.4161276065366659,0.9674379048875226,0.3880642709319344,13128
2020-04-20,ET,30,029_base_7var_monthly_Seq2seqconvlstm_30d_compact_1layer,0.9595464037220494,0.43630112125280374,13128,1.046753758361847,0.3184469468652106,0.9595464037220494,0.43630112125280374,13128
2020-04-21,ET,30,029_base_7var_monthly_Seq2seqconvlstm_30d_compact_1layer,0.9789919876339186,0.45451110396160355,13128,1.1307840546179644,0.3348368562143067,0.9789919876339186,0.45451110396160355,13128
2020-04-22,ET,30,029_base_7var_monthly_Seq2seqconvlstm_30d_compact_1layer,0.956956420027756,0.505106651853605,13128,1.1340787118705888,0.32483994519735626,0.956956420027756,0.505106651853605,13128
2020-04-23,ET,30,029_base_7var_monthly_Seq2seqconvlstm_30d_compact_1layer,0.9911213578090857,0.5005798704354022,13128,0.9836520837146423,0.5846146349085142,0.9911213578090857,0.5005798704354022,13128
2020-04-24,ET,30,029_base_7var_monthly_Seq2seqconvlstm_30d_compact_1layer,1.0221585481663533,0.48480361805832495,13128,0.8780402729879682,0.6286587557832632,1.0221585481663533,0.48480361805832495,13128
2020-04-25,ET,30,029_base_7var_monthly_Seq2seqconvlstm_30d_compact_1layer,1.1306137876666744,0.4200360204838284,13128,0.9774012136580035,0.6311860618141845,1.1306137876666744,0.4200360204838284,13128
2020-04-26,ET,30,029_base_7var_monthly_Seq2seqconvlstm_30d_compact_1layer,1.1435679646477646,0.3746421456079375,13128,0.9816589051456693,0.6193372310460763,1.1435679646477646,0.3746421456079375,13128
2020-04-27,ET,30,029_base_7var_monthly_Seq2seqconvlstm_30d_compact_1layer,1.0765942904549244,0.4873103010653529,13128,1.0098284900116845,0.6722207217809624,1.0765942904549244,0.4873103010653529,13128
2020-04-28,ET,30,029_base_7var_monthly_Seq2seqconvlstm_30d_compact_1layer,1.0798047603969676,0.4918774723123447,13128,0.908233759836436,0.6212282635164198,1.0798047603969676,0.4918774723123447,13128
2020-04-29,ET,30,029_base_7var_monthly_Seq2seqconvlstm_30d_compact_1layer,1.2758079368037112,0.4232922272745845,13128,1.257831503664037,0.3730419451816247,1.2758079368037112,0.4232922272745845,13128
2020-04-30,ET,30,029_base_7var_monthly_Seq2seqconvlstm_30d_compact_1layer,1.14349195326165,0.32610842049951216,13128,0.8166381396638974,0.6757532927104382,1.14349195326165,0.32610842049951216,13128
2020-05-01,ET,30,029_base_7var_monthly_Seq2seqconvlstm_30d_compact_1layer,1.1666284955697266,0.4349371840633913,13128,0.946236460317668,0.6109094589250651,1.1666284955697266,0.4349371840633913,13128
2020-05-02,ET,30,029_base_7var_monthly_Seq2seqconvlstm_30d_compact_1layer,1.1152090008396969,0.4700932723257425,13128,0.947983916902918,0.5001898392602069,1.1152090008396969,0.4700932723257425,13128
2020-05-03,ET,30,029_base_7var_monthly_Seq2seqconvlstm_30d_compact_1layer,1.067778951629031,0.5227599973231558,13128,1.0616176041663337,0.49878508042435976,1.067778951629031,0.5227599973231558,13128
2020-05-04,ET,30,029_base_7var_monthly_Seq2seqconvlstm_30d_compact_1layer,1.1402200267021052,0.4291723111955904,13128,1.3007918167960864,0.28073996692446623,1.1402200267021052,0.4291723111955904,13128
2020-05-05,ET,30,029_base_7var_monthly_Seq2seqconvlstm_30d_compact_1layer,1.2384793648038595,0.3867357524261775,13128,1.4395413121686205,0.18419731837270792,1.2384793648038595,0.3867357524261775,13128
2020-05-06,ET,30,029_base_7var_monthly_Seq2seqconvlstm_30d_compact_1layer,1.3189742330194374,0.30687461427078344,13128,1.0097186690495548,0.554470306278185,1.3189742330194374,0.30687461427078344,13128
2020-05-07,ET,30,029_base_7var_monthly_Seq2seqconvlstm_30d_compact_1layer,1.3199764189235192,0.27027943207494154,13128,1.0079234012778524,0.6317445652984078,1.3199764189235192,0.27027943207494154,13128
2020-05-08,ET,30,029_base_7var_monthly_Seq2seqconvlstm_30d_compact_1layer,1.2493233278375446,0.3864056888373114,13128,1.0322913540514171,0.6800953866922638,1.2493233278375446,0.3864056888373114,13128
2020-05-09,ET,30,029_base_7var_monthly_Seq2seqconvlstm_30d_compact_1layer,1.4189977566384244,0.2644638578059263,13128,1.09465920264977,0.5767419647820995,1.4189977566384244,0.2644638578059263,13128
2020-05-10,ET,30,029_base_7var_monthly_Seq2seqconvlstm_30d_compact_1layer,1.5061236919565364,0.16817779844729208,13128,1.1415706111752544,0.5869177353617154,1.5061236919565364,0.16817779844729208,13128
2020-05-11,ET,30,029_base_7var_monthly_Seq2seqconvlstm_30d_compact_1layer,1.5953322982390041,-0.0040028213148266545,13128,1.2955233896003782,0.3366551086368468,1.5953322982390041,-0.0040028213148266545,13128
2020-05-12,ET,30,029_base_7var_monthly_Seq2seqconvlstm_30d_compact_1layer,1.637988715982548,0.13083745188301366,13128,1.7174578706522499,0.28286688376993174,1.637988715982548,0.13083745188301366,13128
2020-05-13,ET,30,029_base_7var_monthly_Seq2seqconvlstm_30d_compact_1layer,1.115701266102179,0.555915755065695,13128,1.3838030261748027,0.39731363407605047,1.115701266102179,0.555915755065695,13128
2020-05-14,ET,30,029_base_7var_monthly_Seq2seqconvlstm_30d_compact_1layer,1.2437668550661807,0.4864462403899704,13128,1.7940195317893572,0.12603195112067367,1.2437668550661807,0.4864462403899704,13128
2020-05-15,ET,30,029_base_7var_monthly_Seq2seqconvlstm_30d_compact_1layer,1.0635186036694504,0.5752424604189503,13128,1.4630887961077907,0.280221197808581,1.0635186036694504,0.5752424604189503,13128
2020-05-16,ET,30,029_base_7var_monthly_Seq2seqconvlstm_30d_compact_1layer,1.279804239253025,0.4925329467162466,13128,1.848380530516451,0.20735621233288382,1.279804239253025,0.4925329467162466,13128
2020-05-17,ET,30,029_base_7var_monthly_Seq2seqconvlstm_30d_compact_1layer,1.1322509478850087,0.5801386540440723,13128,1.7427635585625998,0.2332711550687231,1.1322509478850087,0.5801386540440723,13128
2020-05-18,ET,30,029_base_7var_monthly_Seq2seqconvlstm_30d_compact_1layer,0.9870547108050052,0.6468337634651323,13128,1.4668104529678776,0.31854648318421064,0.9870547108050052,0.6468337634651323,13128
2020-05-19,ET,30,029_base_7var_monthly_Seq2seqconvlstm_30d_compact_1layer,1.0109573130450866,0.6334683296135901,13128,1.2801735249113153,0.4285966177310059,1.0109573130450866,0.6334683296135901,13128
2020-05-20,ET,30,029_base_7var_monthly_Seq2seqconvlstm_30d_compact_1layer,0.9626971488862839,0.645100575741169,13128,1.1661999314487075,0.5411873459436516,0.9626971488862839,0.645100575741169,13128
2020-05-21,ET,30,029_base_7var_monthly_Seq2seqconvlstm_30d_compact_1layer,1.3127192282405764,0.5206727896916012,13128,1.6027900247350662,0.39764217929349555,1.3127192282405764,0.5206727896916012,13128
2020-05-22,ET,30,029_base_7var_monthly_Seq2seqconvlstm_30d_compact_1layer,1.1857881755403177,0.5821282153905476,13128,1.4520848599336926,0.44476200926612663,1.1857881755403177,0.5821282153905476,13128
2020-05-23,ET,30,029_base_7var_monthly_Seq2seqconvlstm_30d_compact_1layer,1.186184824408153,0.5492083562982056,13128,1.4262342261428946,0.4776564915187095,1.186184824408153,0.5492083562982056,13128
2020-05-24,ET,30,029_base_7var_monthly_Seq2seqconvlstm_30d_compact_1layer,1.421779596920841,0.48890335785687467,13128,1.8415454187609273,0.33107842389569864,1.421779596920841,0.48890335785687467,13128
2020-05-25,ET,30,029_base_7var_monthly_Seq2seqconvlstm_30d_compact_1layer,1.5628496610872613,0.38736886320828323,13128,2.0962267460217006,0.20230368129531262,1.5628496610872613,0.38736886320828323,13128
2020-05-26,ET,30,029_base_7var_monthly_Seq2seqconvlstm_30d_compact_1layer,1.4584798995127306,0.42081397772677076,13128,1.9155614123470313,0.24827565084290804,1.4584798995127306,0.42081397772677076,13128
2020-05-27,ET,30,029_base_7var_monthly_Seq2seqconvlstm_30d_compact_1layer,1.2932836083945234,0.5233642761022755,13128,1.6447089788530194,0.38578208841199135,1.2932836083945234,0.5233642761022755,13128
2020-05-28,ET,30,029_base_7var_monthly_Seq2seqconvlstm_30d_compact_1layer,1.2466521661797567,0.5478968995040006,13128,1.5402939190186122,0.4326376435653745,1.2466521661797567,0.5478968995040006,13128
2020-05-29,ET,30,029_base_7var_monthly_Seq2seqconvlstm_30d_compact_1layer,1.436717235573338,0.4718914414352501,13128,1.5211449245398763,0.5373560730175462,1.436717235573338,0.4718914414352501,13128
2020-05-30,ET,30,029_base_7var_monthly_Seq2seqconvlstm_30d_compact_1layer,1.104723299375733,0.5811303077506216,13128,1.4500431364871944,0.4481002185969384,1.104723299375733,0.5811303077506216,13128
2020-05-31,ET,30,029_base_7var_monthly_Seq2seqconvlstm_30d_compact_1layer,1.0464032619430204,0.6076022646186787,13128,1.3682982209737662,0.5559484110149941,1.0464032619430204,0.6076022646186787,13128
2020-06-01,ET,30,029_base_7var_monthly_Seq2seqconvlstm_30d_compact_1layer,1.2492395302189145,0.5426324957652385,13128,1.6658579022982578,0.4114306841474724,1.2492395302189145,0.5426324957652385,13128
2020-06-02,ET,30,029_base_7var_monthly_Seq2seqconvlstm_30d_compact_1layer,1.2412060090319617,0.5391026078171826,13128,1.5748535485354471,0.4585979283789504,1.2412060090319617,0.5391026078171826,13128
2020-06-03,ET,30,029_base_7var_monthly_Seq2seqconvlstm_30d_compact_1layer,1.1889346857365921,0.5845790020347674,13128,1.5945286011188644,0.4359828502845705,1.1889346857365921,0.5845790020347674,13128
2020-06-04,ET,30,029_base_7var_monthly_Seq2seqconvlstm_30d_compact_1layer,1.259428178099631,0.5436491255223428,13128,1.506298071446102,0.5196157510271255,1.259428178099631,0.5436491255223428,13128
2020-06-05,ET,30,029_base_7var_monthly_Seq2seqconvlstm_30d_compact_1layer,1.3360577893860714,0.5012212543652075,13128,1.7932926513376561,0.36116425435932953,1.3360577893860714,0.5012212543652075,13128
2020-06-06,ET,30,029_base_7var_monthly_Seq2seqconvlstm_30d_compact_1layer,1.2277170921454996,0.5524283326617749,13128,1.6918551271257638,0.35707370446201403,1.2277170921454996,0.5524283326617749,13128
2020-06-07,ET,30,029_base_7var_monthly_Seq2seqconvlstm_30d_compact_1layer,1.1530334180414035,0.6024780077035675,13128,1.4918446826952916,0.49624312930458814,1.1530334180414035,0.6024780077035675,13128
2020-06-08,ET,30,029_base_7var_monthly_Seq2seqconvlstm_30d_compact_1layer,1.1644838093228544,0.5366248134735775,13128,1.3827877985803136,0.522616248675323,1.1644838093228544,0.5366248134735775,13128
2020-06-09,ET,30,029_base_7var_monthly_Seq2seqconvlstm_30d_compact_1layer,1.3139036970048419,0.49998655999988717,13128,1.7197410085605864,0.3239558749551955,1.3139036970048419,0.49998655999988717,13128
2020-06-10,ET,30,029_base_7var_monthly_Seq2seqconvlstm_30d_compact_1layer,1.7258593928774628,0.3875760936060695,13128,2.4552744684779606,-0.10186014648181851,1.7258593928774628,0.3875760936060695,13128
2020-06-11,ET,30,029_base_7var_monthly_Seq2seqconvlstm_30d_compact_1layer,1.4887313056890619,0.4351356396617815,13128,2.352408895300877,-0.22162707671710047,1.4887313056890619,0.4351356396617815,13128
2020-06-12,ET,30,029_base_7var_monthly_Seq2seqconvlstm_30d_compact_1layer,1.2649173407018832,0.5156313026893438,13128,1.7105963277158274,0.3081367661467572,1.2649173407018832,0.5156313026893438,13128
2020-06-13,ET,30,029_base_7var_monthly_Seq2seqconvlstm_30d_compact_1layer,1.321911844723441,0.4699708389283047,13128,1.8401230105207502,0.34728388916800157,1.321911844723441,0.4699708389283047,13128
2020-06-14,ET,30,029_base_7var_monthly_Seq2seqconvlstm_30d_compact_1layer,1.3331189367796161,0.41962160239018365,13128,1.569710259307566,0.42439452327168903,1.3331189367796161,0.41962160239018365,13128
2020-06-15,ET,30,029_base_7var_monthly_Seq2seqconvlstm_30d_compact_1layer,1.3730752319379158,0.34068687545388765,13128,2.03727577770427,0.12552922804157252,1.3730752319379158,0.34068687545388765,13128
2020-06-16,ET,30,029_base_7var_monthly_Seq2seqconvlstm_30d_compact_1layer,1.361232258958171,0.3470008386858463,13128,1.6143070291737482,0.3864382837278372,1.361232258958171,0.3470008386858463,13128
2020-06-17,ET,30,029_base_7var_monthly_Seq2seqconvlstm_30d_compact_1layer,1.387219035928958,0.30349862730443633,13128,1.3750221054417493,0.4819134000377926,1.387219035928958,0.30349862730443633,13128
2020-06-18,ET,30,029_base_7var_monthly_Seq2seqconvlstm_30d_compact_1layer,1.48877112965847,0.35652394914779983,13128,1.4886112393582371,0.531309396835016,1.48877112965847,0.35652394914779983,13128
2020-06-19,ET,30,029_base_7var_monthly_Seq2seqconvlstm_30d_compact_1layer,1.276408894081954,0.5501388280317275,13128,1.5566112449751002,0.5235746864280801,1.276408894081954,0.5501388280317275,13128
2020-06-20,ET,30,029_base_7var_monthly_Seq2seqconvlstm_30d_compact_1layer,1.7539624172665786,0.4303839693141376,13128,2.1519517091974123,0.42060054038823746,1.7539624172665786,0.4303839693141376,13128
2020-06-21,ET,30,029_base_7var_monthly_Seq2seqconvlstm_30d_compact_1layer,1.4276327464471152,0.5286050158965374,13128,1.7292567565831256,0.5630065097509367,1.4276327464471152,0.5286050158965374,13128
2020-06-22,ET,30,029_base_7var_monthly_Seq2seqconvlstm_30d_compact_1layer,1.3916133847113517,0.5325767811880155,13128,1.334053952249274,0.7225181650982839,1.3916133847113517,0.5325767811880155,13128
2020-06-23,ET,30,029_base_7var_monthly_Seq2seqconvlstm_30d_compact_1layer,1.7406137517481988,0.4478244274185278,13128,1.8676560519753127,0.5934095529960794,1.7406137517481988,0.4478244274185278,13128
2020-06-24,ET,30,029_base_7var_monthly_Seq2seqconvlstm_30d_compact_1layer,1.359981169579875,0.6000047989478526,13128,2.039703324937319,0.38225325289671497,1.359981169579875,0.6000047989478526,13128
2020-06-25,ET,30,029_base_7var_monthly_Seq2seqconvlstm_30d_compact_1layer,1.275677557104721,0.5965224254601943,13128,1.7945326902276335,0.5232298789257734,1.275677557104721,0.5965224254601943,13128
2020-06-26,ET,30,029_base_7var_monthly_Seq2seqconvlstm_30d_compact_1layer,1.2116244881621971,0.6101106292712432,13128,1.4019093028702347,0.6738202301417527,1.2116244881621971,0.6101106292712432,13128
2020-06-27,ET,30,029_base_7var_monthly_Seq2seqconvlstm_30d_compact_1layer,1.3557276820168882,0.5795977815424864,13128,1.4949583891184963,0.6660851790778782,1.3557276820168882,0.5795977815424864,13128
2020-06-28,ET,30,029_base_7var_monthly_Seq2seqconvlstm_30d_compact_1layer,1.4643862517467348,0.5320190074020731,13128,1.7608298477153126,0.5831895352358346,1.4643862517467348,0.5320190074020731,13128
2020-06-29,ET,30,029_base_7var_monthly_Seq2seqconvlstm_30d_compact_1layer,1.233139006878226,0.5923829350105982,13128,1.5772438865329064,0.5850185229078086,1.233139006878226,0.5923829350105982,13128
2020-06-30,ET,30,029_base_7var_monthly_Seq2seqconvlstm_30d_compact_1layer,1.27329896636374,0.5178700709020223,13128,1.395165536110144,0.6284999145631871,1.27329896636374,0.5178700709020223,13128
2020-07-01,ET,30,029_base_7var_monthly_Seq2seqconvlstm_30d_compact_1layer,1.4469715444749414,0.4517518536183529,13128,1.6082151797288768,0.5439667792865548,1.4469715444749414,0.4517518536183529,13128
2020-07-02,ET,30,029_base_7var_monthly_Seq2seqconvlstm_30d_compact_1layer,1.5712386108720118,0.41770576827815387,13128,1.7302269764430114,0.5249692287770515,1.5712386108720118,0.41770576827815387,13128
2020-07-03,ET,30,029_base_7var_monthly_Seq2seqconvlstm_30d_compact_1layer,1.4865894518422569,0.4762077912479975,13128,1.8063561567060225,0.5030896126379717,1.4865894518422569,0.4762077912479975,13128
2020-07-04,ET,30,029_base_7var_monthly_Seq2seqconvlstm_30d_compact_1layer,1.5284419194325964,0.42732019226693163,13128,1.8083206992784624,0.5012699831406973,1.5284419194325964,0.42732019226693163,13128
2020-07-05,ET,30,029_base_7var_monthly_Seq2seqconvlstm_30d_compact_1layer,1.6522181873253925,0.35397702163045,13128,1.998882788080728,0.42804089997342276,1.6522181873253925,0.35397702163045,13128
2020-07-06,ET,30,029_base_7var_monthly_Seq2seqconvlstm_30d_compact_1layer,1.6714720988685805,0.34526191969515496,13128,2.019579948550328,0.3867618212909132,1.6714720988685805,0.34526191969515496,13128
2020-07-07,ET,30,029_base_7var_monthly_Seq2seqconvlstm_30d_compact_1layer,1.3822518752489918,0.5001746022447325,13128,1.6499536427241568,0.5909656979677281,1.3822518752489918,0.5001746022447325,13128
2020-07-08,ET,30,029_base_7var_monthly_Seq2seqconvlstm_30d_compact_1layer,1.4352288939932212,0.4649391457163642,13128,1.6331913089749817,0.5594284929273999,1.4352288939932212,0.4649391457163642,13128
2020-07-09,ET,30,029_base_7var_monthly_Seq2seqconvlstm_30d_compact_1layer,1.3274896750603051,0.5198176218178161,13128,1.8868016037837554,0.4913843762047624,1.3274896750603051,0.5198176218178161,13128
2020-07-10,ET,30,029_base_7var_monthly_Seq2seqconvlstm_30d_compact_1layer,1.3201616763997386,0.48882197129078064,13128,1.876275270258833,0.5881248060602862,1.3201616763997386,0.48882197129078064,13128
2020-07-11,ET,30,029_base_7var_monthly_Seq2seqconvlstm_30d_compact_1layer,1.3592945994949497,0.4527424146226574,13128,1.6281001391829713,0.5960151895887765,1.3592945994949497,0.4527424146226574,13128
2020-07-12,ET,30,029_base_7var_monthly_Seq2seqconvlstm_30d_compact_1layer,1.4594100314857712,0.43940897186387695,13128,1.6280504517307446,0.5344824648893252,1.4594100314857712,0.43940897186387695,13128
2020-07-13,ET,30,029_base_7var_monthly_Seq2seqconvlstm_30d_compact_1layer,1.6247532253152501,0.40019444330590515,13128,1.7278357154750859,0.5069247081158125,1.6247532253152501,0.40019444330590515,13128
2020-07-14,ET,30,029_base_7var_monthly_Seq2seqconvlstm_30d_compact_1layer,1.4783804008944645,0.43038234744258075,13128,1.6852361010780046,0.4989804600880262,1.4783804008944645,0.43038234744258075,13128
2020-07-15,ET,30,029_base_7var_monthly_Seq2seqconvlstm_30d_compact_1layer,1.645256922828637,0.3569584184192113,13128,1.96406424787605,0.3562623178845561,1.645256922828637,0.3569584184192113,13128
2020-07-16,ET,30,029_base_7var_monthly_Seq2seqconvlstm_30d_compact_1layer,1.7618016914415429,0.2779095997049045,13128,2.1196951758142935,0.2670025023713156,1.7618016914415429,0.2779095997049045,13128
2020-07-17,ET,30,029_base_7var_monthly_Seq2seqconvlstm_30d_compact_1layer,1.4937837868312298,0.3722287730865269,13128,1.763615379877498,0.3851907241488888,1.4937837868312298,0.3722287730865269,13128
2020-07-18,ET,30,029_base_7var_monthly_Seq2seqconvlstm_30d_compact_1layer,1.3851569910811206,0.3937291742937383,13128,1.8836965671032935,0.30181594240866694,1.3851569910811206,0.3937291742937383,13128
2020-07-19,ET,30,029_base_7var_monthly_Seq2seqconvlstm_30d_compact_1layer,1.6214482363954037,0.2988407501794279,13128,1.7641171226924333,0.4552943981956412,1.6214482363954037,0.2988407501794279,13128
2020-07-20,ET,30,029_base_7var_monthly_Seq2seqconvlstm_30d_compact_1layer,1.627199825017234,0.3079724463379896,13128,2.5278375775675372,0.21635229740300066,1.627199825017234,0.3079724463379896,13128
2020-07-21,ET,30,029_base_7var_monthly_Seq2seqconvlstm_30d_compact_1layer,1.664415166548185,0.35295532484644576,13128,2.264043268909412,0.3597256095846634,1.664415166548185,0.35295532484644576,13128
2020-07-22,ET,30,029_base_7var_monthly_Seq2seqconvlstm_30d_compact_1layer,1.4958093158661674,0.4057388210024253,13128,1.9605081495150505,0.4918467670764637,1.4958093158661674,0.4057388210024253,13128
2020-07-23,ET,30,029_base_7var_monthly_Seq2seqconvlstm_30d_compact_1layer,1.4375081742091746,0.428294108696913,13128,2.2503626838366353,0.3269238031531084,1.4375081742091746,0.428294108696913,13128
2020-07-24,ET,30,029_base_7var_monthly_Seq2seqconvlstm_30d_compact_1layer,1.5840461383703632,0.31592615001833313,13128,2.2077925186534193,0.24313020907318317,1.5840461383703632,0.31592615001833313,13128
2020-07-25,ET,30,029_base_7var_monthly_Seq2seqconvlstm_30d_compact_1layer,1.5845236794977375,0.3156355308564148,13128,2.1470419196928656,0.32630721893826187,1.5845236794977375,0.3156355308564148,13128
2020-07-26,ET,30,029_base_7var_monthly_Seq2seqconvlstm_30d_compact_1layer,1.5171052833479013,0.3045320193229649,13128,2.019155393805901,0.34151045097808885,1.5171052833479013,0.3045320193229649,13128
2020-07-27,ET,30,029_base_7var_monthly_Seq2seqconvlstm_30d_compact_1layer,1.6645643208505565,0.2603961277766311,13128,2.025872938612254,0.4254265143289051,1.6645643208505565,0.2603961277766311,13128
2020-07-28,ET,30,029_base_7var_monthly_Seq2seqconvlstm_30d_compact_1layer,1.8510179828164661,0.17289805555181348,13128,2.235311307904781,0.33123298348137553,1.8510179828164661,0.17289805555181348,13128
2020-07-29,ET,30,029_base_7var_monthly_Seq2seqconvlstm_30d_compact_1layer,1.9112259868703383,0.13526349033692486,13128,2.2357024459156323,0.33028296658282463,1.9112259868703383,0.13526349033692486,13128
2020-07-30,ET,30,029_base_7var_monthly_Seq2seqconvlstm_30d_compact_1layer,1.7395455865167928,0.21924272851852744,13128,2.0028696091203,0.409767235591151,1.7395455865167928,0.21924272851852744,13128
2020-07-31,ET,30,029_base_7var_monthly_Seq2seqconvlstm_30d_compact_1layer,1.7108658256484737,0.2592236649638172,13128,1.995683048861565,0.4184991978430077,1.7108658256484737,0.2592236649638172,13128
2020-08-01,ET,30,029_base_7var_monthly_Seq2seqconvlstm_30d_compact_1layer,1.6036902882926587,0.24659837390179384,13128,2.123008521806645,0.30362804052336034,1.6036902882926587,0.24659837390179384,13128
2020-08-02,ET,30,029_base_7var_monthly_Seq2seqconvlstm_30d_compact_1layer,1.4786773877523327,0.32013487645612115,13128,1.8692550435195394,0.49574526696834,1.4786773877523327,0.32013487645612115,13128
2020-08-03,ET,30,029_base_7var_monthly_Seq2seqconvlstm_30d_compact_1layer,1.5371159622327635,0.21792853322827577,13128,1.9413811722625445,0.3921811304346927,1.5371159622327635,0.21792853322827577,13128
2020-08-04,ET,30,029_base_7var_monthly_Seq2seqconvlstm_30d_compact_1layer,1.3132438302907299,0.2953327611385982,13128,1.9093540558395266,0.31660209797486905,1.3132438302907299,0.2953327611385982,13128
2020-08-05,ET,30,029_base_7var_monthly_Seq2seqconvlstm_30d_compact_1layer,1.3757514167741238,0.3228445022194829,13128,1.982982675810741,0.3600115446745181,1.3757514167741238,0.3228445022194829,13128
2020-08-06,ET,30,029_base_7var_monthly_Seq2seqconvlstm_30d_compact_1layer,1.256758011265918,0.36736652708230866,13128,1.8265204658761227,0.38524575036527364,1.256758011265918,0.36736652708230866,13128
2020-08-07,ET,30,029_base_7var_monthly_Seq2seqconvlstm_30d_compact_1layer,1.3736336120657135,0.3228561322973239,13128,1.9667886007331128,0.3545013026749284,1.3736336120657135,0.3228561322973239,13128
2020-08-08,ET,30,029_base_7var_monthly_Seq2seqconvlstm_30d_compact_1layer,1.3603136689042403,0.29677483304640484,13128,1.9119888943901153,0.3388696464494344,1.3603136689042403,0.29677483304640484,13128
2020-08-09,ET,30,029_base_7var_monthly_Seq2seqconvlstm_30d_compact_1layer,1.2987373456293791,0.3577205970887909,13128,1.622929386863893,0.5452101895216125,1.2987373456293791,0.3577205970887909,13128
2020-08-10,ET,30,029_base_7var_monthly_Seq2seqconvlstm_30d_compact_1layer,1.2694381521389415,0.33847994146799376,13128,1.5175046019479757,0.5411884109705972,1.2694381521389415,0.33847994146799376,13128
2020-08-11,ET,30,029_base_7var_monthly_Seq2seqconvlstm_30d_compact_1layer,1.3810132871118477,0.3116487498377637,13128,1.515664947469379,0.589879531476464,1.3810132871118477,0.3116487498377637,13128
2020-08-12,ET,30,029_base_7var_monthly_Seq2seqconvlstm_30d_compact_1layer,1.4638880119754079,0.26840297643161226,13128,1.478341334270222,0.5658362655007778,1.4638880119754079,0.26840297643161226,13128
2020-08-13,ET,30,029_base_7var_monthly_Seq2seqconvlstm_30d_compact_1layer,1.311696135488388,0.20729971701550132,13128,1.4669454106709086,0.398761776144136,1.311696135488388,0.20729971701550132,13128
2020-08-14,ET,30,029_base_7var_monthly_Seq2seqconvlstm_30d_compact_1layer,1.270141624781209,0.1339323759048412,13128,1.8352331695940631,0.005854253191497016,1.270141624781209,0.1339323759048412,13128
2020-08-15,ET,30,029_base_7var_monthly_Seq2seqconvlstm_30d_compact_1layer,1.3075578069666918,0.10043385042966646,13128,1.8792184138159191,-0.061658539749128716,1.3075578069666918,0.10043385042966646,13128
2020-08-16,ET,30,029_base_7var_monthly_Seq2seqconvlstm_30d_compact_1layer,1.2618485325217321,0.19350679136314264,13128,1.5683062793393359,0.2800742369419128,1.2618485325217321,0.19350679136314264,13128
2020-08-17,ET,30,029_base_7var_monthly_Seq2seqconvlstm_30d_compact_1layer,1.5694234493743882,0.14483852277135723,13128,1.7663246014461704,0.4677248181157724,1.5694234493743882,0.14483852277135723,13128
2020-08-18,ET,30,029_base_7var_monthly_Seq2seqconvlstm_30d_compact_1layer,1.2580870324981392,0.16466988076994238,13128,1.8324664856773631,0.18036609270731907,1.2580870324981392,0.16466988076994238,13128
2020-08-19,ET,30,029_base_7var_monthly_Seq2seqconvlstm_30d_compact_1layer,1.2647290683430938,0.03198393625996199,13128,2.1743682126006307,-0.39300041319166956,1.2647290683430938,0.03198393625996199,13128
2020-08-20,ET,30,029_base_7var_monthly_Seq2seqconvlstm_30d_compact_1layer,1.2853482583098255,0.015381698846785197,13128,2.2881284859198847,-0.5831680571399711,1.2853482583098255,0.015381698846785197,13128
2020-08-21,ET,30,029_base_7var_monthly_Seq2seqconvlstm_30d_compact_1layer,1.3530068001143285,-0.05407462050301137,13128,2.1237449082635105,-0.4605776060523261,1.3530068001143285,-0.05407462050301137,13128
2020-08-22,ET,30,029_base_7var_monthly_Seq2seqconvlstm_30d_compact_1layer,1.4864215827226386,-0.09694268475243373,13128,2.1775641817449287,-0.3725447493062677,1.4864215827226386,-0.09694268475243373,13128
2020-08-23,ET,30,029_base_7var_monthly_Seq2seqconvlstm_30d_compact_1layer,1.4948505365722917,-0.22249574106792402,13128,2.2679307129155815,-0.636704967670549,1.4948505365722917,-0.22249574106792402,13128
2020-08-24,ET,30,029_base_7var_monthly_Seq2seqconvlstm_30d_compact_1layer,1.394837845207404,-0.2300406069525205,13128,2.3844275733870144,-0.9622261669924641,1.394837845207404,-0.2300406069525205,13128
2020-08-25,ET,30,029_base_7var_monthly_Seq2seqconvlstm_30d_compact_1layer,1.3601875513040003,-0.37318261858084156,13128,2.3376349188669088,-1.2906513950263068,1.3601875513040003,-0.37318261858084156,13128
2020-08-26,ET,30,029_base_7var_monthly_Seq2seqconvlstm_30d_compact_1layer,1.3206793418876015,-0.27140787411714795,13128,2.5076724022187658,-1.3038205266560543,1.3206793418876015,-0.27140787411714795,13128
2020-08-27,ET,30,029_base_7var_monthly_Seq2seqconvlstm_30d_compact_1layer,1.362836211868731,-0.16137583199633165,13128,2.6897683142951982,-1.1411729066987943,1.362836211868731,-0.16137583199633165,13128
2020-08-28,ET,30,029_base_7var_monthly_Seq2seqconvlstm_30d_compact_1layer,1.3228093725371841,-0.09994936229587026,13128,2.70359727205966,-1.1468102011909669,1.3228093725371841,-0.09994936229587026,13128
2020-08-29,ET,30,029_base_7var_monthly_Seq2seqconvlstm_30d_compact_1layer,1.4335234844908176,0.11572921621650789,13128,2.2959820630079846,-0.16563008489693543,1.4335234844908176,0.11572921621650789,13128
2020-08-30,ET,30,029_base_7var_monthly_Seq2seqconvlstm_30d_compact_1layer,1.5682785001578594,0.13474539743354597,13128,2.2160811441177355,0.1645121135361426,1.5682785001578594,0.13474539743354597,13128
2020-08-31,ET,30,029_base_7var_monthly_Seq2seqconvlstm_30d_compact_1layer,1.3630074750090755,0.17201872343504088,13128,2.1381408261414356,-0.05747365520611547,1.3630074750090755,0.17201872343504088,13128
2020-09-01,ET,30,029_base_7var_monthly_Seq2seqconvlstm_30d_compact_1layer,1.3710172432504402,0.17025850187349545,13128,2.1470216074153856,0.10856871464575768,1.3710172432504402,0.17025850187349545,13128
2020-09-02,ET,30,029_base_7var_monthly_Seq2seqconvlstm_30d_compact_1layer,1.4870637446597266,0.18394770520892056,13128,2.1405729326086473,0.20043738769808228,1.4870637446597266,0.18394770520892056,13128
2020-09-03,ET,30,029_base_7var_monthly_Seq2seqconvlstm_30d_compact_1layer,1.4199019635725625,0.2021401506548013,13128,1.8420286071755965,0.27519028559995284,1.4199019635725625,0.2021401506548013,13128
2020-09-04,ET,30,029_base_7var_monthly_Seq2seqconvlstm_30d_compact_1layer,1.414264611909732,0.20155885390435846,13128,2.030819454827857,0.18795030005548363,1.414264611909732,0.20155885390435846,13128
2020-09-05,ET,30,029_base_7var_monthly_Seq2seqconvlstm_30d_compact_1layer,1.5078155539225189,0.14397610286122864,13128,2.037765484097635,0.1735225669703293,1.5078155539225189,0.14397610286122864,13128
2020-09-06,ET,30,029_base_7var_monthly_Seq2seqconvlstm_30d_compact_1layer,1.431147062389745,0.13358826163816384,13128,1.961926709569709,0.21788180159929182,1.431147062389745,0.13358826163816384,13128
2020-09-07,ET,30,029_base_7var_monthly_Seq2seqconvlstm_30d_compact_1layer,1.5620635603743531,0.06274074462498169,13128,1.860098415110307,0.3206317494384474,1.5620635603743531,0.06274074462498169,13128
2020-09-08,ET,30,029_base_7var_monthly_Seq2seqconvlstm_30d_compact_1layer,1.3718593577684026,0.031155512867587554,13128,1.9770135780901106,0.17527383171293098,1.3718593577684026,0.031155512867587554,13128
2020-09-09,ET,30,029_base_7var_monthly_Seq2seqconvlstm_30d_compact_1layer,1.5590080107980802,-0.14875501085644482,13128,2.260437442669676,-0.15736597306062228,1.5590080107980802,-0.14875501085644482,13128
2020-09-10,ET,30,029_base_7var_monthly_Seq2seqconvlstm_30d_compact_1layer,1.1906510292465586,-0.0406396630112138,13128,2.037762294358243,-0.19405644695960045,1.1906510292465586,-0.0406396630112138,13128
2020-09-11,ET,30,029_base_7var_monthly_Seq2seqconvlstm_30d_compact_1layer,0.9661775490273705,-0.09346338953742461,13128,1.846342882822041,-0.5277630344431352,0.9661775490273705,-0.09346338953742461,13128
2020-09-12,ET,30,029_base_7var_monthly_Seq2seqconvlstm_30d_compact_1layer,1.0769922011447406,0.20463361555643755,13128,1.6506663290920796,0.1565268823664493,1.0769922011447406,0.20463361555643755,13128
2020-09-13,ET,30,029_base_7var_monthly_Seq2seqconvlstm_30d_compact_1layer,1.1309226907418646,0.20905687148072627,13128,1.6794729966776536,0.22267044843060857,1.1309226907418646,0.20905687148072627,13128
2020-09-14,ET,30,029_base_7var_monthly_Seq2seqconvlstm_30d_compact_1layer,1.2080097474722173,0.18835118568693454,13128,1.8954640808846992,0.06481455488880028,1.2080097474722173,0.18835118568693454,13128
2020-09-15,ET,30,029_base_7var_monthly_Seq2seqconvlstm_30d_compact_1layer,1.1771591576591471,0.16655692507584863,13128,1.8316015685807725,0.04429444388483461,1.1771591576591471,0.16655692507584863,13128
2020-09-16,ET,30,029_base_7var_monthly_Seq2seqconvlstm_30d_compact_1layer,1.0980405957102346,0.21878070807876626,13128,1.7453496079627582,0.2097319748684947,1.0980405957102346,0.21878070807876626,13128
2020-09-17,ET,30,029_base_7var_monthly_Seq2seqconvlstm_30d_compact_1layer,1.2093143533785173,0.2189061905330959,13128,1.6370436740056857,0.2633493958670099,1.2093143533785173,0.2189061905330959,13128
2020-09-18,ET,30,029_base_7var_monthly_Seq2seqconvlstm_30d_compact_1layer,1.321186890143512,0.17709600166927797,13128,1.674859460232493,0.2033919385988746,1.321186890143512,0.17709600166927797,13128
2020-09-19,ET,30,029_base_7var_monthly_Seq2seqconvlstm_30d_compact_1layer,1.209574446687303,0.22619870989928792,13128,1.6439859536972121,0.12355143176147654,1.209574446687303,0.22619870989928792,13128
2020-09-20,ET,30,029_base_7var_monthly_Seq2seqconvlstm_30d_compact_1layer,1.0175498158337757,0.2645141907951971,13128,1.338166003850258,0.27591646791165536,1.0175498158337757,0.2645141907951971,13128
2020-09-21,ET,30,029_base_7var_monthly_Seq2seqconvlstm_30d_compact_1layer,0.8539859702080228,0.34249746992659,13128,0.9966995773083824,0.49901306134327783,0.8539859702080228,0.34249746992659,13128
2020-09-22,ET,30,029_base_7var_monthly_Seq2seqconvlstm_30d_compact_1layer,0.8814705676195541,0.2863581169880832,13128,0.9332136753489284,0.50935949117371,0.8814705676195541,0.2863581169880832,13128
2020-09-23,ET,30,029_base_7var_monthly_Seq2seqconvlstm_30d_compact_1layer,0.9500476384632859,0.2756090079781667,13128,0.9728847584696507,0.5309123731397191,0.9500476384632859,0.2756090079781667,13128
2020-09-24,ET,30,029_base_7var_monthly_Seq2seqconvlstm_30d_compact_1layer,0.8936467800764952,0.272828415769903,13128,0.8394073366934335,0.5461500011989445,0.8936467800764952,0.272828415769903,13128
2020-09-25,ET,30,029_base_7var_monthly_Seq2seqconvlstm_30d_compact_1layer,0.9305320544361239,0.24091655732686545,13128,0.7761629404619791,0.6384477332373735,0.9305320544361239,0.24091655732686545,13128
2020-09-26,ET,30,029_base_7var_monthly_Seq2seqconvlstm_30d_compact_1layer,1.0026687665048928,0.18206759824995222,13128,0.9811611909172904,0.5891051388566195,1.0026687665048928,0.18206759824995222,13128
2020-09-27,ET,30,029_base_7var_monthly_Seq2seqconvlstm_30d_compact_1layer,1.063799516688816,0.110495677567499,13128,1.0421612969189136,0.5367870781483549,1.063799516688816,0.110495677567499,13128
2020-09-28,ET,30,029_base_7var_monthly_Seq2seqconvlstm_30d_compact_1layer,1.101083361076956,0.03518318496617323,13128,1.5652973251871307,0.11212922677872084,1.101083361076956,0.03518318496617323,13128
2020-09-29,ET,30,029_base_7var_monthly_Seq2seqconvlstm_30d_compact_1layer,1.0514417657829864,-0.23834132195750413,13128,1.9141298565377403,-0.8139201458751997,1.0514417657829864,-0.23834132195750413,13128
2020-09-30,ET,30,029_base_7var_monthly_Seq2seqconvlstm_30d_compact_1layer,0.9815962092756443,-0.13969312367981468,13128,1.3835453096131012,-0.250901638921631,0.9815962092756443,-0.13969312367981468,13128
2020-10-01,ET,30,029_base_7var_monthly_Seq2seqconvlstm_30d_compact_1layer,1.0400595934313726,-0.36342547545193615,13128,1.7563471427129504,-0.9633272191705868,1.0400595934313726,-0.36342547545193615,13128
2020-10-02,ET,30,029_base_7var_monthly_Seq2seqconvlstm_30d_compact_1layer,1.0435829803250534,-0.43870226207844043,13128,1.934359160531783,-1.4408023936515248,1.0435829803250534,-0.43870226207844043,13128
2020-10-03,ET,30,029_base_7var_monthly_Seq2seqconvlstm_30d_compact_1layer,0.949110741638955,-0.21219717674302063,13128,1.632269157474438,-0.8617705006203729,0.949110741638955,-0.21219717674302063,13128
2020-10-04,ET,30,029_base_7var_monthly_Seq2seqconvlstm_30d_compact_1layer,0.9409672905301191,-0.27460574703248875,13128,1.5232255131578476,-0.9349222753648203,0.9409672905301191,-0.27460574703248875,13128
2020-10-05,ET,30,029_base_7var_monthly_Seq2seqconvlstm_30d_compact_1layer,0.9356309613289875,-0.2781510464012269,13128,1.6210872821397024,-1.1428469773323102,0.9356309613289875,-0.2781510464012269,13128
2020-10-06,ET,30,029_base_7var_monthly_Seq2seqconvlstm_30d_compact_1layer,0.921236937253742,-0.30240278495741535,13128,1.4248850345528847,-0.9364896752089396,0.921236937253742,-0.30240278495741535,13128
2020-10-07,ET,30,029_base_7var_monthly_Seq2seqconvlstm_30d_compact_1layer,0.902528247888951,-0.30784747097492815,13128,1.4740376535369926,-1.0549593101028,0.902528247888951,-0.30784747097492815,13128
2020-10-08,ET,30,029_base_7var_monthly_Seq2seqconvlstm_30d_compact_1layer,0.8015861882370859,-0.13282199217840618,13128,1.5728141489708785,-1.167156274674487,0.8015861882370859,-0.13282199217840618,13128
2020-10-09,ET,30,029_base_7var_monthly_Seq2seqconvlstm_30d_compact_1layer,0.7486711016493761,-0.07318177566849227,13128,2.274743945787934,-2.3858832934474083,0.7486711016493761,-0.07318177566849227,13128
2020-10-10,ET,30,029_base_7var_monthly_Seq2seqconvlstm_30d_compact_1layer,0.7389190665103995,-0.14085932761094733,13128,1.8087838028757208,-1.8482522306740492,0.7389190665103995,-0.14085932761094733,13128
2020-10-11,ET,30,029_base_7var_monthly_Seq2seqconvlstm_30d_compact_1layer,0.7542943758852284,-0.06489005669774861,13128,1.590762648622259,-1.2891968063613497,0.7542943758852284,-0.06489005669774861,13128
2020-10-12,ET,30,029_base_7var_monthly_Seq2seqconvlstm_30d_compact_1layer,0.8597278369753583,-0.2101514448189108,13128,1.9091965417750147,-1.9194205786690564,0.8597278369753583,-0.2101514448189108,13128
2020-10-13,ET,30,029_base_7var_monthly_Seq2seqconvlstm_30d_compact_1layer,0.7965750174000849,-0.42436419547919013,13128,1.9448599557625075,-2.667887630383077,0.7965750174000849,-0.42436419547919013,13128
2020-10-14,ET,30,029_base_7var_monthly_Seq2seqconvlstm_30d_compact_1layer,0.7680282266739776,-0.1454451319163801,13128,1.9969868237245603,-2.227696357456155,0.7680282266739776,-0.1454451319163801,13128
2020-10-15,ET,30,029_base_7var_monthly_Seq2seqconvlstm_30d_compact_1layer,0.8267967463083343,-0.6019916676302517,13128,1.9479795384887806,-2.9008445631931425,0.8267967463083343,-0.6019916676302517,13128
2020-10-16,ET,30,029_base_7var_monthly_Seq2seqconvlstm_30d_compact_1layer,0.8860493735603228,-1.0830483698228837,13128,1.8483948270626505,-3.3245123205460567,0.8860493735603228,-1.0830483698228837,13128
2020-10-17,ET,30,029_base_7var_monthly_Seq2seqconvlstm_30d_compact_1layer,0.816957927570968,-0.4622820341910323,13128,1.8801312825210181,-2.425012007090778,0.816957927570968,-0.4622820341910323,13128
2020-10-18,ET,30,029_base_7var_monthly_Seq2seqconvlstm_30d_compact_1layer,0.8542561051028912,-0.39084632543464193,13128,1.8491989952521017,-2.0456643206310634,0.8542561051028912,-0.39084632543464193,13128
2020-10-19,ET,30,029_base_7var_monthly_Seq2seqconvlstm_30d_compact_1layer,0.8169978563410045,-0.4349875253540598,13128,1.6368925576621756,-1.8683353567156158,0.8169978563410045,-0.4349875253540598,13128
2020-10-20,ET,30,029_base_7var_monthly_Seq2seqconvlstm_30d_compact_1layer,0.7965104517980784,-0.2898502013035229,13128,1.2527296727984225,-0.9953207829710327,0.7965104517980784,-0.2898502013035229,13128
2020-10-21,ET,30,029_base_7var_monthly_Seq2seqconvlstm_30d_compact_1layer,0.7116281135172614,-0.1637334532641015,13128,0.9552669318750605,-0.5229480896160303,0.7116281135172614,-0.1637334532641015,13128
2020-10-22,ET,30,029_base_7var_monthly_Seq2seqconvlstm_30d_compact_1layer,0.6795545050219911,0.03296350066445586,13128,0.8533497679752471,-0.15491503103514037,0.6795545050219911,0.03296350066445586,13128
2020-10-23,ET,30,029_base_7var_monthly_Seq2seqconvlstm_30d_compact_1layer,0.7355626022677652,0.11227626217021114,13128,0.9446944446736205,-0.07011932458072434,0.7355626022677652,0.11227626217021114,13128
2020-10-24,ET,30,029_base_7var_monthly_Seq2seqconvlstm_30d_compact_1layer,0.762506177837886,-0.18442543489940144,13128,0.9206404797068622,-0.36985883843762957,0.762506177837886,-0.18442543489940144,13128
2020-10-25,ET,30,029_base_7var_monthly_Seq2seqconvlstm_30d_compact_1layer,0.7548611114599268,-0.02996515453654358,13128,1.0000666616601017,-0.34110855590052647,0.7548611114599268,-0.02996515453654358,13128
2020-10-26,ET,30,029_base_7var_monthly_Seq2seqconvlstm_30d_compact_1layer,0.6041660209383396,0.36062360887800615,13128,0.8995317055148119,0.031247616506827502,0.6041660209383396,0.36062360887800615,13128
2020-10-27,ET,30,029_base_7var_monthly_Seq2seqconvlstm_30d_compact_1layer,0.5400370067247402,0.3759671302228873,13128,0.9341405585330843,-0.14686585786690354,0.5400370067247402,0.3759671302228873,13128
2020-10-28,ET,30,029_base_7var_monthly_Seq2seqconvlstm_30d_compact_1layer,0.6200981474123769,0.29950847226827126,13128,1.003514257022625,-0.008861720512594484,0.6200981474123769,0.29950847226827126,13128
2020-10-29,ET,30,029_base_7var_monthly_Seq2seqconvlstm_30d_compact_1layer,0.6945634703754128,0.3016142097356531,13128,0.8115715922461335,0.27061969227610305,0.6945634703754128,0.3016142097356531,13128
2020-10-30,ET,30,029_base_7var_monthly_Seq2seqconvlstm_30d_compact_1layer,0.6981614925896575,0.12543741039556155,13128,0.7832768688643651,0.011933646542186538,0.6981614925896575,0.12543741039556155,13128
2020-10-31,ET,30,029_base_7var_monthly_Seq2seqconvlstm_30d_compact_1layer,0.6575701247226268,0.27748876540147915,13128,0.7313178442000604,0.2326418411112282,0.6575701247226268,0.27748876540147915,13128
2020-11-01,ET,30,029_base_7var_monthly_Seq2seqconvlstm_30d_compact_1layer,0.6008614259745861,0.27326571420345014,13128,0.5846199541698076,0.3440592632772421,0.6008614259745861,0.27326571420345014,13128
2020-11-02,ET,30,029_base_7var_monthly_Seq2seqconvlstm_30d_compact_1layer,0.60954788618385,0.12033253442182767,13128,0.6479035184600489,0.10780302681378207,0.60954788618385,0.12033253442182767,13128
2020-11-03,ET,30,029_base_7var_monthly_Seq2seqconvlstm_30d_compact_1layer,0.5803100826826155,0.19442735436256986,13128,0.5792398671257677,0.25847907191339314,0.5803100826826155,0.19442735436256986,13128
2020-11-04,ET,30,029_base_7var_monthly_Seq2seqconvlstm_30d_compact_1layer,0.5647679090419161,0.2403027471080349,13128,0.5382289799495583,0.355081905239378,0.5647679090419161,0.2403027471080349,13128
2020-11-05,ET,30,029_base_7var_monthly_Seq2seqconvlstm_30d_compact_1layer,0.5309830267423407,0.15794974597233347,13128,0.5159321182963902,0.1051408561795073,0.5309830267423407,0.15794974597233347,13128
2020-11-06,ET,30,029_base_7var_monthly_Seq2seqconvlstm_30d_compact_1layer,0.5136162556769176,0.2613484461913219,13128,0.4796992568842902,0.2538542585696961,0.5136162556769176,0.2613484461913219,13128
2020-11-07,ET,30,029_base_7var_monthly_Seq2seqconvlstm_30d_compact_1layer,0.5198450406556094,0.2881302975780047,13128,0.5102690698469996,0.37707830681210697,0.5198450406556094,0.2881302975780047,13128
2020-11-08,ET,30,029_base_7var_monthly_Seq2seqconvlstm_30d_compact_1layer,0.721376190024698,0.08199615109807823,13128,0.7884588102556579,0.3027884812099948,0.721376190024698,0.08199615109807823,13128
2020-11-09,ET,30,029_base_7var_monthly_Seq2seqconvlstm_30d_compact_1layer,0.5860608873532973,0.24968694361659716,13128,0.5754474852660417,0.4915923814138148,0.5860608873532973,0.24968694361659716,13128
2020-11-10,ET,30,029_base_7var_monthly_Seq2seqconvlstm_30d_compact_1layer,0.6369875206365635,0.1570090246414525,13128,0.6443988304717042,0.4624884471479651,0.6369875206365635,0.1570090246414525,13128
2020-11-11,ET,30,029_base_7var_monthly_Seq2seqconvlstm_30d_compact_1layer,0.44530538710370904,0.3551166973377259,13128,0.6092770336938597,0.08501794792630635,0.44530538710370904,0.3551166973377259,13128
2020-11-12,ET,30,029_base_7var_monthly_Seq2seqconvlstm_30d_compact_1layer,0.47054805457478904,0.27084787551660794,13128,0.4315185151278274,0.4092295282876869,0.47054805457478904,0.27084787551660794,13128
2020-11-13,ET,30,029_base_7var_monthly_Seq2seqconvlstm_30d_compact_1layer,0.42687706904226574,0.31613729158889703,13128,0.46509939131789557,0.17325444438900417,0.42687706904226574,0.31613729158889703,13128
2020-11-14,ET,30,029_base_7var_monthly_Seq2seqconvlstm_30d_compact_1layer,0.5428211249830206,0.2293893185554602,13128,0.5090330963017786,0.5034285707047483,0.5428211249830206,0.2293893185554602,13128
2020-11-15,ET,30,029_base_7var_monthly_Seq2seqconvlstm_30d_compact_1layer,0.5096639364898975,0.273503599784336,13128,0.5666900519661388,0.3708256973936812,0.5096639364898975,0.273503599784336,13128
2020-11-16,ET,30,029_base_7var_monthly_Seq2seqconvlstm_30d_compact_1layer,0.47058366596074447,-0.03176542684376771,13128,0.5417382241446987,-0.20572092111733054,0.47058366596074447,-0.03176542684376771,13128
2020-11-17,ET,30,029_base_7var_monthly_Seq2seqconvlstm_30d_compact_1layer,0.4638276351989527,-0.008099988803974334,13128,0.6161143370374462,-0.30107919041691256,0.4638276351989527,-0.008099988803974334,13128
2020-11-18,ET,30,029_base_7var_monthly_Seq2seqconvlstm_30d_compact_1layer,0.4556684484235581,0.24469325482813342,13128,0.5589793950475613,0.30901203470669925,0.4556684484235581,0.24469325482813342,13128
2020-11-19,ET,30,029_base_7var_monthly_Seq2seqconvlstm_30d_compact_1layer,0.47069842908617676,0.2523758964535795,13128,0.5621855652284559,0.3382089002182743,0.47069842908617676,0.2523758964535795,13128
2020-11-20,ET,30,029_base_7var_monthly_Seq2seqconvlstm_30d_compact_1layer,0.47039311817094887,-0.14437917312591142,13128,0.4435735325614011,-0.16821212668592422,0.47039311817094887,-0.14437917312591142,13128
2020-11-21,ET,30,029_base_7var_monthly_Seq2seqconvlstm_30d_compact_1layer,0.4535392737407809,-0.10230084753458879,13128,0.4967575770915015,-0.31941229753713496,0.4535392737407809,-0.10230084753458879,13128
2020-11-22,ET,30,029_base_7var_monthly_Seq2seqconvlstm_30d_compact_1layer,0.4704835492637908,0.058499382916237574,13128,0.6444790044966483,-0.3508879195644754,0.4704835492637908,0.058499382916237574,13128
2020-11-23,ET,30,029_base_7var_monthly_Seq2seqconvlstm_30d_compact_1layer,0.47233767488978046,0.14868901536530676,13128,0.5854564828704276,-0.028978890928718082,0.47233767488978046,0.14868901536530676,13128
2020-11-24,ET,30,029_base_7var_monthly_Seq2seqconvlstm_30d_compact_1layer,0.5106310712860201,0.20926799689817954,13128,0.6005465665270401,0.18919123553124717,0.5106310712860201,0.20926799689817954,13128
2020-11-25,ET,30,029_base_7var_monthly_Seq2seqconvlstm_30d_compact_1layer,0.46450038090699647,0.30638076421291605,13128,0.578556714666915,0.31453937113810226,0.46450038090699647,0.30638076421291605,13128
2020-11-26,ET,30,029_base_7var_monthly_Seq2seqconvlstm_30d_compact_1layer,0.3672972695204745,0.30247395145585765,13128,0.5536534873099999,-0.23393013039656285,0.3672972695204745,0.30247395145585765,13128
2020-11-27,ET,30,029_base_7var_monthly_Seq2seqconvlstm_30d_compact_1layer,0.3975513213879377,0.2988742329929739,13128,0.6833036957358005,-0.3051052709097959,0.3975513213879377,0.2988742329929739,13128
2020-11-28,ET,30,029_base_7var_monthly_Seq2seqconvlstm_30d_compact_1layer,0.37502414122459055,0.5377882303123532,13128,0.6422663333612507,0.2628018679962335,0.37502414122459055,0.5377882303123532,13128
2020-11-29,ET,30,029_base_7var_monthly_Seq2seqconvlstm_30d_compact_1layer,0.45084642327827396,0.4341583693200237,13128,0.5657667653176249,0.4253829462030755,0.45084642327827396,0.4341583693200237,13128
2020-11-30,ET,30,029_base_7var_monthly_Seq2seqconvlstm_30d_compact_1layer,0.3445904879939176,0.5936030889262314,13128,0.5628814444067961,0.2930059845696473,0.3445904879939176,0.5936030889262314,13128
2020-12-01,ET,30,029_base_7var_monthly_Seq2seqconvlstm_30d_compact_1layer,0.2990641644743356,0.6483065607203953,13128,0.4152659277484746,0.36933022577145513,0.2990641644743356,0.6483065607203953,13128
2020-12-02,ET,30,029_base_7var_monthly_Seq2seqconvlstm_30d_compact_1layer,0.34547643500273156,0.4847717050008491,13128,0.4162689004130438,0.4117478436096018,0.34547643500273156,0.4847717050008491,13128
2020-12-03,ET,30,029_base_7var_monthly_Seq2seqconvlstm_30d_compact_1layer,0.326246656237675,0.5147624814320946,13128,0.41087012283710034,0.3941242192330404,0.326246656237675,0.5147624814320946,13128
2020-12-04,ET,30,029_base_7var_monthly_Seq2seqconvlstm_30d_compact_1layer,0.23570389536709438,0.47442113245997175,13128,0.4525375019642411,-0.2947535326117663,0.23570389536709438,0.47442113245997175,13128
2020-12-05,ET,30,029_base_7var_monthly_Seq2seqconvlstm_30d_compact_1layer,0.24948505153838166,0.34495949094247846,13128,0.37279848997222187,-0.18664656588861694,0.24948505153838166,0.34495949094247846,13128
2020-12-06,ET,30,029_base_7var_monthly_Seq2seqconvlstm_30d_compact_1layer,0.2574843637971026,0.5540495419230702,13128,0.4295337345742575,0.24642207953793327,0.2574843637971026,0.5540495419230702,13128
2020-12-07,ET,30,029_base_7var_monthly_Seq2seqconvlstm_30d_compact_1layer,0.2252677854478199,0.4867221672329013,13128,0.4600288170008939,-0.25518859559048845,0.2252677854478199,0.4867221672329013,13128
2020-12-08,ET,30,029_base_7var_monthly_Seq2seqconvlstm_30d_compact_1layer,0.2702946785987479,0.29043979598713066,13128,0.782171361544791,-1.4553319574511079,0.2702946785987479,0.29043979598713066,13128
2020-12-09,ET,30,029_base_7var_monthly_Seq2seqconvlstm_30d_compact_1layer,0.2946291718624715,0.24802340286096858,13128,0.6219570296781318,-0.8291207297908993,0.2946291718624715,0.24802340286096858,13128
2020-12-10,ET,30,029_base_7var_monthly_Seq2seqconvlstm_30d_compact_1layer,0.3188136963658607,0.3026963937120085,13128,0.6868380194541669,-0.6621532187019561,0.3188136963658607,0.3026963937120085,13128
2020-12-11,ET,30,029_base_7var_monthly_Seq2seqconvlstm_30d_compact_1layer,0.4114018181396756,0.08399314905649657,13128,0.49132803404400105,0.20651714465863102,0.4114018181396756,0.08399314905649657,13128
2020-12-12,ET,30,029_base_7var_monthly_Seq2seqconvlstm_30d_compact_1layer,0.29733759361254747,0.3821145022326734,13128,0.3505999367556997,0.5108742369084398,0.29733759361254747,0.3821145022326734,13128
2020-12-13,ET,30,029_base_7var_monthly_Seq2seqconvlstm_30d_compact_1layer,0.30673639246659407,0.36981922547848123,13128,0.3277868171549711,0.5852682676831891,0.30673639246659407,0.36981922547848123,13128
2020-12-14,ET,30,029_base_7var_monthly_Seq2seqconvlstm_30d_compact_1layer,0.2752433205767186,0.4729764624034375,13128,0.48241702727444136,0.119792032259884,0.2752433205767186,0.4729764624034375,13128
2020-12-15,ET,30,029_base_7var_monthly_Seq2seqconvlstm_30d_compact_1layer,0.3204568101937621,0.22767829278367124,13128,0.5230497030656596,-0.2769076398252932,0.3204568101937621,0.22767829278367124,13128
2020-12-16,ET,30,029_base_7var_monthly_Seq2seqconvlstm_30d_compact_1layer,0.27728173096216097,0.39309349411666783,13128,0.22438511329713787,0.6889534783438793,0.27728173096216097,0.39309349411666783,13128
2020-12-17,ET,30,029_base_7var_monthly_Seq2seqconvlstm_30d_compact_1layer,0.26470701945423636,0.20841529397580327,13128,0.25867394730906235,0.36096239465615576,0.26470701945423636,0.20841529397580327,13128
2020-12-18,ET,30,029_base_7var_monthly_Seq2seqconvlstm_30d_compact_1layer,0.2851393454351254,0.28133404349253066,13128,0.34327148788725187,0.08131866820183986,0.2851393454351254,0.28133404349253066,13128
2020-12-19,ET,30,029_base_7var_monthly_Seq2seqconvlstm_30d_compact_1layer,0.27944363899923136,0.1462771438643441,13128,0.44298533872856344,-0.3553073936126394,0.27944363899923136,0.1462771438643441,13128
2020-12-20,ET,30,029_base_7var_monthly_Seq2seqconvlstm_30d_compact_1layer,0.2246481508976613,0.3818066243088687,13128,0.24101802566995284,0.47151986714686367,0.2246481508976613,0.3818066243088687,13128
2020-12-21,ET,30,029_base_7var_monthly_Seq2seqconvlstm_30d_compact_1layer,0.24272485911662828,0.20893371590909593,13128,0.2629956417584021,0.35448103364416395,0.24272485911662828,0.20893371590909593,13128
2020-12-22,ET,30,029_base_7var_monthly_Seq2seqconvlstm_30d_compact_1layer,0.23202246020629308,0.5417362850387589,13128,0.26123185546761835,0.6192631193987606,0.23202246020629308,0.5417362850387589,13128
2020-12-23,ET,30,029_base_7var_monthly_Seq2seqconvlstm_30d_compact_1layer,0.5451935877176876,-0.06583940031574809,13128,0.5402869879971978,0.21647047054083512,0.5451935877176876,-0.06583940031574809,13128
2020-12-24,ET,30,029_base_7var_monthly_Seq2seqconvlstm_30d_compact_1layer,0.44332026415818165,0.3281077337463132,13128,0.49495150730443194,0.44310427138684927,0.44332026415818165,0.3281077337463132,13128
2020-12-25,ET,30,029_base_7var_monthly_Seq2seqconvlstm_30d_compact_1layer,0.30406089515137613,-0.03390703717557808,13128,0.463896357662028,-0.7079670250009207,0.30406089515137613,-0.03390703717557808,13128
2020-12-26,ET,30,029_base_7var_monthly_Seq2seqconvlstm_30d_compact_1layer,0.2980956096623379,0.10238786437306602,13128,0.2198347572805742,0.40330109112978074,0.2980956096623379,0.10238786437306602,13128
2020-12-27,ET,30,029_base_7var_monthly_Seq2seqconvlstm_30d_compact_1layer,0.26959331578023593,0.3270137112350934,13128,0.31982957879124496,0.3502469219663279,0.26959331578023593,0.3270137112350934,13128
2020-12-28,ET,30,029_base_7var_monthly_Seq2seqconvlstm_30d_compact_1layer,0.26129521465017475,0.24946643761856058,13128,0.5059675358916962,-0.6207346112972933,0.26129521465017475,0.24946643761856058,13128
2020-12-29,ET,30,029_base_7var_monthly_Seq2seqconvlstm_30d_compact_1layer,0.31262890098509444,0.4045469988120627,13128,0.5798045478098774,-0.2141346145073446,0.31262890098509444,0.4045469988120627,13128
2020-12-30,ET,30,029_base_7var_monthly_Seq2seqconvlstm_30d_compact_1layer,0.39198872257412987,0.2762670535954842,13128,0.42211582967122346,0.5062817241434974,0.39198872257412987,0.2762670535954842,13128
2020-12-31,ET,30,029_base_7var_monthly_Seq2seqconvlstm_30d_compact_1layer,0.7385546435155845,0.02286079557515097,13128,0.7367973297765592,0.13891928311242774,0.7385546435155845,0.02286079557515097,13128
2020-01-01,ET,90,034_base_7var_seasonal_ARconvlstm_90d_compact_1layer,0.35042543191650777,0.2412565945668359,13128,1.7083931521785312,-3.479696380007243,0.35042543191650777,0.2412565945668359,13128
2020-01-02,ET,90,034_base_7var_seasonal_ARconvlstm_90d_compact_1layer,0.4176723579388622,0.02924527144924083,13128,1.7020720726471397,-3.385784088411274,0.4176723579388622,0.02924527144924083,13128
2020-01-03,ET,90,034_base_7var_seasonal_ARconvlstm_90d_compact_1layer,0.40802054782256686,0.2376722697809608,13128,1.517417394319007,-1.9685307384914843,0.40802054782256686,0.2376722697809608,13128
2020-01-04,ET,90,034_base_7var_seasonal_ARconvlstm_90d_compact_1layer,0.33411725405270015,0.223363924791391,13128,1.7374205897737454,-3.810959600722449,0.33411725405270015,0.223363924791391,13128
2020-01-05,ET,90,034_base_7var_seasonal_ARconvlstm_90d_compact_1layer,0.3026589100519954,0.33291821898234464,13128,1.381441653450346,-2.623652132126562,0.3026589100519954,0.33291821898234464,13128
2020-01-06,ET,90,034_base_7var_seasonal_ARconvlstm_90d_compact_1layer,0.3499914420993096,0.0929679814350054,13128,1.4242517075634578,-3.4307506551965643,0.3499914420993096,0.0929679814350054,13128
2020-01-07,ET,90,034_base_7var_seasonal_ARconvlstm_90d_compact_1layer,0.3285721480529535,0.04649722787525978,13128,1.274824595626186,-3.11804683430565,0.3285721480529535,0.04649722787525978,13128
2020-01-08,ET,90,034_base_7var_seasonal_ARconvlstm_90d_compact_1layer,0.30722605755340215,0.3013663283153215,13128,1.349297398158133,-2.554708743507297,0.30722605755340215,0.3013663283153215,13128
2020-01-09,ET,90,034_base_7var_seasonal_ARconvlstm_90d_compact_1layer,0.3260088016664225,0.18060974046773548,13128,1.1995556909545295,-2.3223899665961683,0.3260088016664225,0.18060974046773548,13128
2020-01-10,ET,90,034_base_7var_seasonal_ARconvlstm_90d_compact_1layer,0.3196209384333346,0.32085587539146987,13128,1.2882438720746376,-2.147932808757518,0.3196209384333346,0.32085587539146987,13128
2020-01-11,ET,90,034_base_7var_seasonal_ARconvlstm_90d_compact_1layer,0.584838401363139,0.22584533475623614,13128,0.7801664565876167,0.30789098043769736,0.584838401363139,0.22584533475623614,13128
2020-01-12,ET,90,034_base_7var_seasonal_ARconvlstm_90d_compact_1layer,0.3173996864286997,0.14797322441226812,13128,0.790304553826959,-1.3134039247233242,0.3173996864286997,0.14797322441226812,13128
2020-01-13,ET,90,034_base_7var_seasonal_ARconvlstm_90d_compact_1layer,0.36549796462569784,-0.3188507565408485,13128,1.0017354397787872,-2.903001906296648,0.36549796462569784,-0.3188507565408485,13128
2020-01-14,ET,90,034_base_7var_seasonal_ARconvlstm_90d_compact_1layer,0.36188757357747925,-0.24639436361444167,13128,1.0939697039016436,-3.0102131440189464,0.36188757357747925,-0.24639436361444167,13128
2020-01-15,ET,90,034_base_7var_seasonal_ARconvlstm_90d_compact_1layer,0.32375837131052343,0.16196311844227784,13128,1.2261049554491816,-2.596178522769733,0.32375837131052343,0.16196311844227784,13128
2020-01-16,ET,90,034_base_7var_seasonal_ARconvlstm_90d_compact_1layer,0.3145761136184936,0.41778482072055323,13128,1.1223236061817976,-1.0423798930313444,0.3145761136184936,0.41778482072055323,13128
2020-01-17,ET,90,034_base_7var_seasonal_ARconvlstm_90d_compact_1layer,0.4366214668340853,0.16853596858884012,13128,0.9783208908915998,-0.3873531853905978,0.4366214668340853,0.16853596858884012,13128
2020-01-18,ET,90,034_base_7var_seasonal_ARconvlstm_90d_compact_1layer,0.4027631992535705,0.28471005618490275,13128,0.8678804981963706,-0.14807892399327405,0.4027631992535705,0.28471005618490275,13128
2020-01-19,ET,90,034_base_7var_seasonal_ARconvlstm_90d_compact_1layer,0.42978959306664405,0.3146681320379322,13128,0.8746615856573091,-0.12978148478695672,0.42978959306664405,0.3146681320379322,13128
2020-01-20,ET,90,034_base_7var_seasonal_ARconvlstm_90d_compact_1layer,0.3212618695918277,0.39291173088349074,13128,1.256205901394872,-1.7245397051007707,0.3212618695918277,0.39291173088349074,13128
2020-01-21,ET,90,034_base_7var_seasonal_ARconvlstm_90d_compact_1layer,0.35353181326847927,0.3776494439542001,13128,0.9276859213981619,-0.5303437944921072,0.35353181326847927,0.3776494439542001,13128
2020-01-22,ET,90,034_base_7var_seasonal_ARconvlstm_90d_compact_1layer,0.4211306369576054,0.2557614577406808,13128,0.9094029761051108,-0.2649156275191391,0.4211306369576054,0.2557614577406808,13128
2020-01-23,ET,90,034_base_7var_seasonal_ARconvlstm_90d_compact_1layer,0.32648041519633186,0.36847730722580363,13128,0.7896162467955186,-0.367439590732783,0.32648041519633186,0.36847730722580363,13128
2020-01-24,ET,90,034_base_7var_seasonal_ARconvlstm_90d_compact_1layer,0.27941224325103386,0.4788666048493726,13128,1.1004247994242056,-1.7364752707210562,0.27941224325103386,0.4788666048493726,13128
2020-01-25,ET,90,034_base_7var_seasonal_ARconvlstm_90d_compact_1layer,0.3345614323934318,0.3616842762172995,13128,0.7807048437205806,-0.5970966451590525,0.3345614323934318,0.3616842762172995,13128
2020-01-26,ET,90,034_base_7var_seasonal_ARconvlstm_90d_compact_1layer,0.3156687448063515,0.34006478739313817,13128,0.7506114387326397,-0.7191561150905008,0.3156687448063515,0.34006478739313817,13128
2020-01-27,ET,90,034_base_7var_seasonal_ARconvlstm_90d_compact_1layer,0.30334023319802794,0.4503172831676546,13128,0.6490689246514793,-0.23369423760648877,0.30334023319802794,0.4503172831676546,13128
2020-01-28,ET,90,034_base_7var_seasonal_ARconvlstm_90d_compact_1layer,0.45677369880456686,0.21322289857847176,13128,0.6045584763154814,0.29520691078864914,0.45677369880456686,0.21322289857847176,13128
2020-01-29,ET,90,034_base_7var_seasonal_ARconvlstm_90d_compact_1layer,0.36174008023775384,0.4199196146823436,13128,0.6147504582547111,0.0838974690776374,0.36174008023775384,0.4199196146823436,13128
2020-01-30,ET,90,034_base_7var_seasonal_ARconvlstm_90d_compact_1layer,0.3604962742100685,0.14862226472073525,13128,0.7804948684796762,-1.2047615530019224,0.3604962742100685,0.14862226472073525,13128
2020-01-31,ET,90,034_base_7var_seasonal_ARconvlstm_90d_compact_1layer,0.32661886082605546,0.4869747878340406,13128,0.38788657989137343,0.49383608930583645,0.32661886082605546,0.4869747878340406,13128
2020-02-01,ET,90,034_base_7var_seasonal_ARconvlstm_90d_compact_1layer,0.2900367471363962,0.5581513672411231,13128,0.3745274934188294,0.5553802225472646,0.2900367471363962,0.5581513672411231,13128
2020-02-02,ET,90,034_base_7var_seasonal_ARconvlstm_90d_compact_1layer,0.32917588502294526,0.5147109941087347,13128,0.39569603023210265,0.5749177986954535,0.32917588502294526,0.5147109941087347,13128
2020-02-03,ET,90,034_base_7var_seasonal_ARconvlstm_90d_compact_1layer,0.3808718718435161,0.43090759234895104,13128,0.4418541690293299,0.486000172047776,0.3808718718435161,0.43090759234895104,13128
2020-02-04,ET,90,034_base_7var_seasonal_ARconvlstm_90d_compact_1layer,0.5017144723390655,0.22334511284224634,13128,0.5473209881897472,0.30342273810036335,0.5017144723390655,0.22334511284224634,13128
2020-02-05,ET,90,034_base_7var_seasonal_ARconvlstm_90d_compact_1layer,0.6198915958391074,0.17207297932878296,13128,0.6103069668412258,0.36175882061031017,0.6198915958391074,0.17207297932878296,13128
2020-02-06,ET,90,034_base_7var_seasonal_ARconvlstm_90d_compact_1layer,0.47598448761628037,0.34476359242772403,13128,0.7038701698916342,0.16151350088262517,0.47598448761628037,0.34476359242772403,13128
2020-02-07,ET,90,034_base_7var_seasonal_ARconvlstm_90d_compact_1layer,0.3533633901011956,0.4488746743884091,13128,0.6675684953527714,-0.24010409988013692,0.3533633901011956,0.4488746743884091,13128
2020-02-08,ET,90,034_base_7var_seasonal_ARconvlstm_90d_compact_1layer,0.3637337985752594,0.4246473181950884,13128,0.5013625925611217,0.17127926172824293,0.3637337985752594,0.4246473181950884,13128
2020-02-09,ET,90,034_base_7var_seasonal_ARconvlstm_90d_compact_1layer,0.3847413178522903,0.4358810788417089,13128,0.4528749580403003,0.4074167365731425,0.3847413178522903,0.4358810788417089,13128
2020-02-10,ET,90,034_base_7var_seasonal_ARconvlstm_90d_compact_1layer,0.4119898164177991,0.4574102646943806,13128,0.933250515242166,-0.40930670955137693,0.4119898164177991,0.4574102646943806,13128
2020-02-11,ET,90,034_base_7var_seasonal_ARconvlstm_90d_compact_1layer,0.46875209216171737,0.37797784693870085,13128,0.9765941216126571,-0.2830637858771863,0.46875209216171737,0.37797784693870085,13128
2020-02-12,ET,90,034_base_7var_seasonal_ARconvlstm_90d_compact_1layer,0.6640622445252665,0.12133753316362816,13128,0.8545736035171985,0.09312992373040307,0.6640622445252665,0.12133753316362816,13128
2020-02-13,ET,90,034_base_7var_seasonal_ARconvlstm_90d_compact_1layer,0.4681108944476419,0.4007645198144899,13128,0.785815401288045,-0.05190877625656354,0.4681108944476419,0.4007645198144899,13128
2020-02-14,ET,90,034_base_7var_seasonal_ARconvlstm_90d_compact_1layer,0.40054267493427337,0.5445591658565581,13128,0.6511695855119586,0.12094709642197665,0.40054267493427337,0.5445591658565581,13128
2020-02-15,ET,90,034_base_7var_seasonal_ARconvlstm_90d_compact_1layer,0.38407272249883717,0.5424894843994688,13128,0.5376683611956509,0.24277236016340753,0.38407272249883717,0.5424894843994688,13128
2020-02-16,ET,90,034_base_7var_seasonal_ARconvlstm_90d_compact_1layer,0.3754935904642259,0.5571029019876599,13128,0.4969952662060365,0.30240526550016034,0.3754935904642259,0.5571029019876599,13128
2020-02-17,ET,90,034_base_7var_seasonal_ARconvlstm_90d_compact_1layer,0.3679218047475283,0.6085139264858741,13128,0.5216123622542777,0.2747076589155907,0.3679218047475283,0.6085139264858741,13128
2020-02-18,ET,90,034_base_7var_seasonal_ARconvlstm_90d_compact_1layer,0.381184742222706,0.5674631860946431,13128,0.46632925453986845,0.4139892108691082,0.381184742222706,0.5674631860946431,13128
2020-02-19,ET,90,034_base_7var_seasonal_ARconvlstm_90d_compact_1layer,0.3433515509140228,0.6368128075542441,13128,0.7609560324013153,0.022021241205988584,0.3433515509140228,0.6368128075542441,13128
2020-02-20,ET,90,034_base_7var_seasonal_ARconvlstm_90d_compact_1layer,0.44052075681962016,0.5455819774207389,13128,0.650359814579685,0.04655433712882917,0.44052075681962016,0.5455819774207389,13128
2020-02-21,ET,90,034_base_7var_seasonal_ARconvlstm_90d_compact_1layer,0.3830179990391872,0.5884771948083852,13128,0.5610485016425808,0.26426282814647706,0.3830179990391872,0.5884771948083852,13128
2020-02-22,ET,90,034_base_7var_seasonal_ARconvlstm_90d_compact_1layer,0.36658701380155867,0.5864300189864582,13128,0.42273950562582185,0.527733790776423,0.36658701380155867,0.5864300189864582,13128
2020-02-23,ET,90,034_base_7var_seasonal_ARconvlstm_90d_compact_1layer,0.5137306259779024,0.2548333565450219,13128,0.35096466255351705,0.5607183324323279,0.5137306259779024,0.2548333565450219,13128
2020-02-24,ET,90,034_base_7var_seasonal_ARconvlstm_90d_compact_1layer,0.5094774702533166,0.44371789361340064,13128,0.5856038655802498,0.24025711238077807,0.5094774702533166,0.44371789361340064,13128
2020-02-25,ET,90,034_base_7var_seasonal_ARconvlstm_90d_compact_1layer,0.4935993244439042,0.4528493189940378,13128,0.560659625184575,0.32227430109022726,0.4935993244439042,0.4528493189940378,13128
2020-02-26,ET,90,034_base_7var_seasonal_ARconvlstm_90d_compact_1layer,0.5483453918687701,0.44124763740046846,13128,0.6572198026038314,0.3589726565293271,0.5483453918687701,0.44124763740046846,13128
2020-02-27,ET,90,034_base_7var_seasonal_ARconvlstm_90d_compact_1layer,0.3958211394762198,0.461910188087267,13128,0.7545434790729765,-0.1312526085629968,0.3958211394762198,0.461910188087267,13128
2020-02-28,ET,90,034_base_7var_seasonal_ARconvlstm_90d_compact_1layer,0.4031951938107168,0.4909301632690807,13128,0.6874582481729228,0.07531914199033418,0.4031951938107168,0.4909301632690807,13128
2020-03-01,ET,90,034_base_7var_seasonal_ARconvlstm_90d_compact_1layer,0.42924780663694073,0.613177885188958,13128,0.8226354786228012,0.17867735132208895,0.42924780663694073,0.613177885188958,13128
2020-03-02,ET,90,034_base_7var_seasonal_ARconvlstm_90d_compact_1layer,0.39981892948479975,0.6239807904226512,13128,0.45878246853552734,0.5685236137302705,0.39981892948479975,0.6239807904226512,13128
2020-03-03,ET,90,034_base_7var_seasonal_ARconvlstm_90d_compact_1layer,0.5464777416655108,0.4584603264154131,13128,0.6025254100100855,0.25352271794679804,0.5464777416655108,0.4584603264154131,13128
2020-03-04,ET,90,034_base_7var_seasonal_ARconvlstm_90d_compact_1layer,0.7806246862394846,0.22789615239363392,13128,0.9292443650385258,0.007771725622565007,0.7806246862394846,0.22789615239363392,13128
2020-03-05,ET,90,034_base_7var_seasonal_ARconvlstm_90d_compact_1layer,0.7503712150743511,0.3125646035964501,13128,1.0229720825288042,-0.08564201337023403,0.7503712150743511,0.3125646035964501,13128
2020-03-06,ET,90,034_base_7var_seasonal_ARconvlstm_90d_compact_1layer,0.7247597532356037,0.30555810496181735,13128,0.841298654203972,0.09101963839412419,0.7247597532356037,0.30555810496181735,13128
2020-03-07,ET,90,034_base_7var_seasonal_ARconvlstm_90d_compact_1layer,0.7481835572543932,0.28290919321475416,13128,0.8819104551387735,0.03865870044886455,0.7481835572543932,0.28290919321475416,13128
2020-03-08,ET,90,034_base_7var_seasonal_ARconvlstm_90d_compact_1layer,0.7064817080798933,0.2932071942211334,13128,0.8562653610181221,0.0461385809017969,0.7064817080798933,0.2932071942211334,13128
2020-03-09,ET,90,034_base_7var_seasonal_ARconvlstm_90d_compact_1layer,0.9671316658640609,0.05065076566665849,13128,1.0880925083218576,-0.038458226814102714,0.9671316658640609,0.05065076566665849,13128
2020-03-10,ET,90,034_base_7var_seasonal_ARconvlstm_90d_compact_1layer,0.678627650973142,0.357827602036058,13128,0.8149250053389114,0.12622204079277133,0.678627650973142,0.357827602036058,13128
2020-03-11,ET,90,034_base_7var_seasonal_ARconvlstm_90d_compact_1layer,0.6185863964492924,0.4491540387250643,13128,0.7779797098434853,0.3646073791217832,0.6185863964492924,0.4491540387250643,13128
2020-03-12,ET,90,034_base_7var_seasonal_ARconvlstm_90d_compact_1layer,0.6781616215420145,0.4187167944124812,13128,1.0094242565675413,-0.015862495342572558,0.6781616215420145,0.4187167944124812,13128
2020-03-13,ET,90,034_base_7var_seasonal_ARconvlstm_90d_compact_1layer,0.9761619718160358,0.10701587867041185,13128,1.1591738216829532,-0.049792934368741326,0.9761619718160358,0.10701587867041185,13128
2020-03-14,ET,90,034_base_7var_seasonal_ARconvlstm_90d_compact_1layer,0.981013409423766,0.09173452417131056,13128,1.200085348790293,-0.11008948747161318,0.981013409423766,0.09173452417131056,13128
2020-03-15,ET,90,034_base_7var_seasonal_ARconvlstm_90d_compact_1layer,0.6930620076542061,0.31024394891259877,13128,0.8865969819867507,-0.022241621411363433,0.6930620076542061,0.31024394891259877,13128
2020-03-16,ET,90,034_base_7var_seasonal_ARconvlstm_90d_compact_1layer,1.046916174619014,0.12175457403787782,13128,1.283990160972445,-0.15961448085674257,1.046916174619014,0.12175457403787782,13128
2020-03-17,ET,90,034_base_7var_seasonal_ARconvlstm_90d_compact_1layer,0.8233511132123192,0.2935696457346956,13128,1.120249323816192,-0.067442653231083,0.8233511132123192,0.2935696457346956,13128
2020-03-18,ET,90,034_base_7var_seasonal_ARconvlstm_90d_compact_1layer,1.1624614183968078,0.14337912170424638,13128,1.542633357049649,-0.16103683189005835,1.1624614183968078,0.14337912170424638,13128
2020-03-19,ET,90,034_base_7var_seasonal_ARconvlstm_90d_compact_1layer,1.6483420258421906,-0.04834207657883427,13128,2.1081965991470457,-0.3323673849402926,1.6483420258421906,-0.04834207657883427,13128
2020-03-20,ET,90,034_base_7var_seasonal_ARconvlstm_90d_compact_1layer,1.133459884275178,0.12012693774652272,13128,1.634038341252098,-0.4193707943489766,1.133459884275178,0.12012693774652272,13128
2020-03-21,ET,90,034_base_7var_seasonal_ARconvlstm_90d_compact_1layer,0.5824064439580157,0.505652341816818,13128,1.0649438873681119,-0.2373452738779731,0.5824064439580157,0.505652341816818,13128
2020-03-22,ET,90,034_base_7var_seasonal_ARconvlstm_90d_compact_1layer,0.6743791279248604,0.4455400738580827,13128,1.1864094162351018,-0.17045500703442884,0.6743791279248604,0.4455400738580827,13128
2020-03-23,ET,90,034_base_7var_seasonal_ARconvlstm_90d_compact_1layer,0.6038069155834284,0.5114220694994529,13128,1.1287861759105482,-0.12076778301906388,0.6038069155834284,0.5114220694994529,13128
2020-03-24,ET,90,034_base_7var_seasonal_ARconvlstm_90d_compact_1layer,0.7653808502856682,0.41038527938222047,13128,1.3749480728819052,-0.20595752054996197,0.7653808502856682,0.41038527938222047,13128
2020-03-25,ET,90,034_base_7var_seasonal_ARconvlstm_90d_compact_1layer,0.7913770581133771,0.39504647624810285,13128,1.3344549928947844,-0.18564305852794982,0.7913770581133771,0.39504647624810285,13128
2020-03-26,ET,90,034_base_7var_seasonal_ARconvlstm_90d_compact_1layer,0.8513941471849957,0.36968092127705576,13128,1.3851541291428342,-0.16208880886009824,0.8513941471849957,0.36968092127705576,13128
2020-03-27,ET,90,034_base_7var_seasonal_ARconvlstm_90d_compact_1layer,0.7845282327844474,0.43056946360463444,13128,1.4036458508085312,-0.2555438232579279,0.7845282327844474,0.43056946360463444,13128
2020-03-28,ET,90,034_base_7var_seasonal_ARconvlstm_90d_compact_1layer,1.098252806579905,0.27286910518159424,13128,1.6582260051496693,-0.3116562383118049,1.098252806579905,0.27286910518159424,13128
2020-03-29,ET,90,034_base_7var_seasonal_ARconvlstm_90d_compact_1layer,0.7846575950301056,0.4207864613294827,13128,1.334951160061426,-0.27760260447301865,0.7846575950301056,0.4207864613294827,13128
2020-03-30,ET,90,034_base_7var_seasonal_ARconvlstm_90d_compact_1layer,0.577974685850692,0.5640181130182844,13128,0.9393735180291124,0.13610878099117507,0.577974685850692,0.5640181130182844,13128
2020-03-31,ET,90,034_base_7var_seasonal_ARconvlstm_90d_compact_1layer,0.7159986320590133,0.4795872481397383,13128,1.0966995152151782,0.11252790286489289,0.7159986320590133,0.4795872481397383,13128
2020-04-01,ET,90,034_base_7var_seasonal_ARconvlstm_90d_compact_1layer,0.794817574990143,0.4295405862529448,13128,1.359480923019399,-0.1940686296025389,0.794817574990143,0.4295405862529448,13128
2020-04-02,ET,90,034_base_7var_seasonal_ARconvlstm_90d_compact_1layer,0.6031532369940796,0.5815107770928942,13128,1.2185493591753753,-0.35681483196700015,0.6031532369940796,0.5815107770928942,13128
2020-04-03,ET,90,034_base_7var_seasonal_ARconvlstm_90d_compact_1layer,0.6537739408689655,0.5534534446118214,13128,1.314791798469179,-0.3578227913030203,0.6537739408689655,0.5534534446118214,13128
2020-04-04,ET,90,034_base_7var_seasonal_ARconvlstm_90d_compact_1layer,0.5965966638020509,0.618902896273964,13128,1.1258764852495586,-0.16702840474454006,0.5965966638020509,0.618902896273964,13128
2020-04-05,ET,90,034_base_7var_seasonal_ARconvlstm_90d_compact_1layer,0.5756530673664676,0.6585741881251426,13128,1.0681889768108288,-0.09049866441784604,0.5756530673664676,0.6585741881251426,13128
2020-04-06,ET,90,034_base_7var_seasonal_ARconvlstm_90d_compact_1layer,0.6635656976629092,0.5517226182184085,13128,1.3817352073850762,-0.31889980441191423,0.6635656976629092,0.5517226182184085,13128
2020-04-07,ET,90,034_base_7var_seasonal_ARconvlstm_90d_compact_1layer,0.8088565749552619,0.4733244076060681,13128,1.6112310378839358,-0.2524540809362188,0.8088565749552619,0.4733244076060681,13128
2020-04-08,ET,90,034_base_7var_seasonal_ARconvlstm_90d_compact_1layer,0.8785354845915402,0.4554152492431204,13128,1.6158739524456047,-0.17588147782341879,0.8785354845915402,0.4554152492431204,13128
2020-04-09,ET,90,034_base_7var_seasonal_ARconvlstm_90d_compact_1layer,0.7153798500354642,0.5659010357299022,13128,1.454432262405142,-0.17401131287403504,0.7153798500354642,0.5659010357299022,13128
2020-04-10,ET,90,034_base_7var_seasonal_ARconvlstm_90d_compact_1layer,0.8477958238206688,0.5087945711874915,13128,1.57226113901913,-0.210999038337077,0.8477958238206688,0.5087945711874915,13128
2020-04-11,ET,90,034_base_7var_seasonal_ARconvlstm_90d_compact_1layer,0.8342724981830686,0.5261306228633087,13128,1.2584945938571832,0.20143801584553345,0.8342724981830686,0.5261306228633087,13128
2020-04-12,ET,90,034_base_7var_seasonal_ARconvlstm_90d_compact_1layer,1.1406789776647002,0.39302271207241946,13128,1.919787251245333,-0.2704091936305033,1.1406789776647002,0.39302271207241946,13128
2020-04-13,ET,90,034_base_7var_seasonal_ARconvlstm_90d_compact_1layer,0.777911302882596,0.5633727616172431,13128,1.45337420028311,-0.33672583589561667,0.777911302882596,0.5633727616172431,13128
2020-04-14,ET,90,034_base_7var_seasonal_ARconvlstm_90d_compact_1layer,0.7120629421460357,0.5786561725880381,13128,1.1825709731791654,-0.2852934033156602,0.7120629421460357,0.5786561725880381,13128
2020-04-15,ET,90,034_base_7var_seasonal_ARconvlstm_90d_compact_1layer,0.6215335202626666,0.628368367423336,13128,1.0692308864446312,-0.07020903714204962,0.6215335202626666,0.628368367423336,13128
2020-04-16,ET,90,034_base_7var_seasonal_ARconvlstm_90d_compact_1layer,0.6504795910086844,0.6820860362115392,13128,1.1806045822762612,-0.019475377366168,0.6504795910086844,0.6820860362115392,13128
2020-04-17,ET,90,034_base_7var_seasonal_ARconvlstm_90d_compact_1layer,0.6207842802070509,0.6455926315237113,13128,1.0819245386656426,-0.2216822412534054,0.6207842802070509,0.6455926315237113,13128
2020-04-18,ET,90,034_base_7var_seasonal_ARconvlstm_90d_compact_1layer,0.5772548484077664,0.6889652476445958,13128,1.1283610860289468,-0.1615373581401076,0.5772548484077664,0.6889652476445958,13128
2020-04-19,ET,90,034_base_7var_seasonal_ARconvlstm_90d_compact_1layer,0.6093664852471935,0.6880478316884959,13128,1.2109815316443278,0.024507817910095264,0.6093664852471935,0.6880478316884959,13128
2020-04-20,ET,90,034_base_7var_seasonal_ARconvlstm_90d_compact_1layer,0.692421003142755,0.6689493358345433,13128,1.5308246959688148,-0.2699783004737484,0.692421003142755,0.6689493358345433,13128
2020-04-21,ET,90,034_base_7var_seasonal_ARconvlstm_90d_compact_1layer,0.7459073248356565,0.6566743165817379,13128,1.5336760362632345,-0.18873364004706739,0.7459073248356565,0.6566743165817379,13128
2020-04-22,ET,90,034_base_7var_seasonal_ARconvlstm_90d_compact_1layer,0.8149568410482405,0.6483771939928952,13128,1.556446534541251,-0.26072958056185525,0.8149568410482405,0.6483771939928952,13128
2020-04-23,ET,90,034_base_7var_seasonal_ARconvlstm_90d_compact_1layer,0.7718565812135088,0.6408465179216787,13128,1.6093822573733654,-0.24020036598629257,0.7718565812135088,0.6408465179216787,13128
2020-04-24,ET,90,034_base_7var_seasonal_ARconvlstm_90d_compact_1layer,0.7192992035600119,0.670127302918322,13128,1.600591144423262,-0.2814669097307523,0.7192992035600119,0.670127302918322,13128
2020-04-25,ET,90,034_base_7var_seasonal_ARconvlstm_90d_compact_1layer,0.8276674090197296,0.5944563011623081,13128,1.6595478296768047,-0.3325141777237772,0.8276674090197296,0.5944563011623081,13128
2020-04-26,ET,90,034_base_7var_seasonal_ARconvlstm_90d_compact_1layer,0.8166276923257245,0.5712251148029297,13128,1.5609785950188815,-0.32916923750522287,0.8166276923257245,0.5712251148029297,13128
2020-04-27,ET,90,034_base_7var_seasonal_ARconvlstm_90d_compact_1layer,0.8936653839786817,0.5768439058775272,13128,1.657412155450533,-0.28874470438866107,0.8936653839786817,0.5768439058775272,13128
2020-04-28,ET,90,034_base_7var_seasonal_ARconvlstm_90d_compact_1layer,0.8761528912549822,0.616618581242395,13128,1.576491341193141,-0.2288495890294251,0.8761528912549822,0.616618581242395,13128
2020-04-29,ET,90,034_base_7var_seasonal_ARconvlstm_90d_compact_1layer,1.129665735314176,0.5076731663367582,13128,1.8045916505317106,-0.11825378966365685,1.129665735314176,0.5076731663367582,13128
2020-04-30,ET,90,034_base_7var_seasonal_ARconvlstm_90d_compact_1layer,1.0686077923838022,0.36850382766456813,13128,1.5336394072267205,-0.29134571210818594,1.0686077923838022,0.36850382766456813,13128
2020-05-01,ET,90,034_base_7var_seasonal_ARconvlstm_90d_compact_1layer,1.074221510701467,0.48450516772126406,13128,1.7574309171983056,-0.2798215760040186,1.074221510701467,0.48450516772126406,13128
2020-05-02,ET,90,034_base_7var_seasonal_ARconvlstm_90d_compact_1layer,1.0378353161461338,0.5127822832069773,13128,1.6257698440724264,-0.16031270803978503,1.0378353161461338,0.5127822832069773,13128
2020-05-03,ET,90,034_base_7var_seasonal_ARconvlstm_90d_compact_1layer,0.9765562867400179,0.5546693043069006,13128,1.7252974926216909,-0.16673699460206381,0.9765562867400179,0.5546693043069006,13128
2020-05-04,ET,90,034_base_7var_seasonal_ARconvlstm_90d_compact_1layer,1.1399309189062707,0.4679452311582496,13128,1.5618595031503202,-0.08469764798787538,1.1399309189062707,0.4679452311582496,13128
2020-05-05,ET,90,034_base_7var_seasonal_ARconvlstm_90d_compact_1layer,1.047226486053695,0.5312833067942981,13128,1.7039306674447336,-0.1940688346656696,1.047226486053695,0.5312833067942981,13128
2020-05-06,ET,90,034_base_7var_seasonal_ARconvlstm_90d_compact_1layer,1.137743466615879,0.4368941122892902,13128,1.6064842439706593,-0.16792426953432615,1.137743466615879,0.4368941122892902,13128
2020-05-07,ET,90,034_base_7var_seasonal_ARconvlstm_90d_compact_1layer,1.2562853576155548,0.3281696681996009,13128,1.4944539342600431,-0.12123784425563833,1.2562853576155548,0.3281696681996009,13128
2020-05-08,ET,90,034_base_7var_seasonal_ARconvlstm_90d_compact_1layer,1.274484012425236,0.40435533360002884,13128,1.7575765573315927,-0.275564023195793,1.274484012425236,0.40435533360002884,13128
2020-05-09,ET,90,034_base_7var_seasonal_ARconvlstm_90d_compact_1layer,1.5582689360178619,0.1978481186173473,13128,1.7256106886576998,-0.32085280897833934,1.5582689360178619,0.1978481186173473,13128
2020-05-10,ET,90,034_base_7var_seasonal_ARconvlstm_90d_compact_1layer,1.6091863324169102,0.11062092513408273,13128,1.5825822025055705,-0.25432252780232734,1.6091863324169102,0.11062092513408273,13128
2020-05-11,ET,90,034_base_7var_seasonal_ARconvlstm_90d_compact_1layer,1.656061476493303,-0.015564822438794534,13128,1.4072653724026611,-0.20778530652667215,1.656061476493303,-0.015564822438794534,13128
2020-05-12,ET,90,034_base_7var_seasonal_ARconvlstm_90d_compact_1layer,1.701703827710067,0.0940698330992028,13128,1.9690637327331888,-0.1542579039150016,1.701703827710067,0.0940698330992028,13128
2020-05-13,ET,90,034_base_7var_seasonal_ARconvlstm_90d_compact_1layer,1.2554426195260777,0.5169154020713767,13128,1.8871164326573797,-0.19080203967633547,1.2554426195260777,0.5169154020713767,13128
2020-05-14,ET,90,034_base_7var_seasonal_ARconvlstm_90d_compact_1layer,1.3775543606720375,0.49286251879722487,13128,2.1502945072039665,-0.17532021153254562,1.3775543606720375,0.49286251879722487,13128
2020-05-15,ET,90,034_base_7var_seasonal_ARconvlstm_90d_compact_1layer,1.1117539713223927,0.5952880250535215,13128,1.968457274198772,-0.16666373254579425,1.1117539713223927,0.5952880250535215,13128
2020-05-16,ET,90,034_base_7var_seasonal_ARconvlstm_90d_compact_1layer,1.4402829216877853,0.4433871402002213,13128,2.478721889159392,-0.268871515482503,1.4402829216877853,0.4433871402002213,13128
2020-05-17,ET,90,034_base_7var_seasonal_ARconvlstm_90d_compact_1layer,1.2303749909519306,0.5723659504401502,13128,2.4637130757202947,-0.23459245987389066,1.2303749909519306,0.5723659504401502,13128
2020-05-18,ET,90,034_base_7var_seasonal_ARconvlstm_90d_compact_1layer,1.1751362552134041,0.5726709379948863,13128,2.2106096062397977,-0.17911845405921634,1.1751362552134041,0.5726709379948863,13128
2020-05-19,ET,90,034_base_7var_seasonal_ARconvlstm_90d_compact_1layer,1.2896272887295692,0.5132524683940838,13128,2.1608013665352233,-0.18523542071323007,1.2896272887295692,0.5132524683940838,13128
2020-05-20,ET,90,034_base_7var_seasonal_ARconvlstm_90d_compact_1layer,1.2146088202501677,0.533566127434994,13128,2.0772873565155474,-0.12124386963820566,1.2146088202501677,0.533566127434994,13128
2020-05-21,ET,90,034_base_7var_seasonal_ARconvlstm_90d_compact_1layer,1.3654543587830956,0.4995355175974311,13128,2.2643628560278555,-0.14746836021365395,1.3654543587830956,0.4995355175974311,13128
2020-05-22,ET,90,034_base_7var_seasonal_ARconvlstm_90d_compact_1layer,1.2781495139140957,0.5071285659712812,13128,2.256728165326625,-0.1412467528178194,1.2781495139140957,0.5071285659712812,13128
2020-05-23,ET,90,034_base_7var_seasonal_ARconvlstm_90d_compact_1layer,1.2581464740653825,0.5203089915161162,13128,2.46283069616928,-0.1955150901326912,1.2581464740653825,0.5203089915161162,13128
2020-05-24,ET,90,034_base_7var_seasonal_ARconvlstm_90d_compact_1layer,1.407092951717886,0.4875266925619274,13128,2.8942654113720305,-0.452931919170529,1.407092951717886,0.4875266925619274,13128
2020-05-25,ET,90,034_base_7var_seasonal_ARconvlstm_90d_compact_1layer,1.3573738215888425,0.5023652384041158,13128,2.497937044635536,-0.08380849799874679,1.3573738215888425,0.5023652384041158,13128
2020-05-26,ET,90,034_base_7var_seasonal_ARconvlstm_90d_compact_1layer,1.379279248674629,0.48800058152532544,13128,2.333897110463173,-0.0790451967819299,1.379279248674629,0.48800058152532544,13128
2020-05-27,ET,90,034_base_7var_seasonal_ARconvlstm_90d_compact_1layer,1.277715242196607,0.5309303619306878,13128,2.106883554807642,0.019203294970586593,1.277715242196607,0.5309303619306878,13128
2020-05-28,ET,90,034_base_7var_seasonal_ARconvlstm_90d_compact_1layer,1.190710284455467,0.5521019482800247,13128,2.5647848087869196,-0.22950283364918356,1.190710284455467,0.5521019482800247,13128
2020-05-29,ET,90,034_base_7var_seasonal_ARconvlstm_90d_compact_1layer,1.4873998510669533,0.4427533228024584,13128,2.6273147967101367,-0.1890883982985041,1.4873998510669533,0.4427533228024584,13128
2020-05-30,ET,90,034_base_7var_seasonal_ARconvlstm_90d_compact_1layer,1.3688671480766743,0.47853943111075914,13128,2.0941094239436793,-0.020173199703763744,1.3688671480766743,0.47853943111075914,13128
2020-05-31,ET,90,034_base_7var_seasonal_ARconvlstm_90d_compact_1layer,1.2874305095630207,0.5243079887236611,13128,2.1903727978941507,-0.11574342704282459,1.2874305095630207,0.5243079887236611,13128
2020-06-01,ET,90,034_base_7var_seasonal_ARconvlstm_90d_compact_1layer,1.4215818719441498,0.4786219277913807,13128,2.4758049407761633,-0.25111439961945026,1.4215818719441498,0.4786219277913807,13128
2020-06-02,ET,90,034_base_7var_seasonal_ARconvlstm_90d_compact_1layer,1.3794801210804204,0.49051598724357015,13128,2.304156202280299,-0.1873364758336309,1.3794801210804204,0.49051598724357015,13128
2020-06-03,ET,90,034_base_7var_seasonal_ARconvlstm_90d_compact_1layer,1.339455770436159,0.5043247580562933,13128,2.090160945462443,-0.019253229668062755,1.339455770436159,0.5043247580562933,13128
2020-06-04,ET,90,034_base_7var_seasonal_ARconvlstm_90d_compact_1layer,1.3528035710940722,0.5045452111912523,13128,2.3021333441818963,-0.15225964764137556,1.3528035710940722,0.5045452111912523,13128
2020-06-05,ET,90,034_base_7var_seasonal_ARconvlstm_90d_compact_1layer,1.3063571191201802,0.523797946240046,13128,2.3041320034211448,-0.06479758422027837,1.3063571191201802,0.523797946240046,13128
2020-06-06,ET,90,034_base_7var_seasonal_ARconvlstm_90d_compact_1layer,1.4127882924708435,0.48820988306558577,13128,2.144601184321865,-0.06064633854308288,1.4127882924708435,0.48820988306558577,13128
2020-06-07,ET,90,034_base_7var_seasonal_ARconvlstm_90d_compact_1layer,1.465795213973905,0.4679539472858625,13128,2.3056415913450388,-0.20696071266683957,1.465795213973905,0.4679539472858625,13128
2020-06-08,ET,90,034_base_7var_seasonal_ARconvlstm_90d_compact_1layer,1.5202051085308799,0.33702775139574903,13128,1.8919360411248174,-0.07235744406172828,1.5202051085308799,0.33702775139574903,13128
2020-06-09,ET,90,034_base_7var_seasonal_ARconvlstm_90d_compact_1layer,1.6667166220681264,0.3429585029149196,13128,2.0845814954768658,-0.12657170597863243,1.6667166220681264,0.3429585029149196,13128
2020-06-10,ET,90,034_base_7var_seasonal_ARconvlstm_90d_compact_1layer,1.8269103908510647,0.3508738959416273,13128,2.507065462590134,-0.15810968869217956,1.8269103908510647,0.3508738959416273,13128
2020-06-11,ET,90,034_base_7var_seasonal_ARconvlstm_90d_compact_1layer,1.7105673326906266,0.30707919155144614,13128,2.2265003161235013,-0.3350742861362377,1.7105673326906266,0.30707919155144614,13128
2020-06-12,ET,90,034_base_7var_seasonal_ARconvlstm_90d_compact_1layer,1.5745285194413328,0.3371402126068411,13128,1.9213883435468349,-0.22243670078691902,1.5745285194413328,0.3371402126068411,13128
2020-06-13,ET,90,034_base_7var_seasonal_ARconvlstm_90d_compact_1layer,1.624492896256286,0.2841282928364024,13128,1.8534521442772882,-0.1848240275560742,1.624492896256286,0.2841282928364024,13128
2020-06-14,ET,90,034_base_7var_seasonal_ARconvlstm_90d_compact_1layer,1.633363498462257,0.23844882640629772,13128,2.0815920333763245,-0.3301061138779071,1.633363498462257,0.23844882640629772,13128
2020-06-15,ET,90,034_base_7var_seasonal_ARconvlstm_90d_compact_1layer,1.609998120899825,0.2020442140073877,13128,1.7816682438551215,-0.14487086122615778,1.609998120899825,0.2020442140073877,13128
2020-06-16,ET,90,034_base_7var_seasonal_ARconvlstm_90d_compact_1layer,1.5949245343838923,0.20727293748676245,13128,1.8682043776393653,-0.06480750039182093,1.5949245343838923,0.20727293748676245,13128
2020-06-17,ET,90,034_base_7var_seasonal_ARconvlstm_90d_compact_1layer,1.636938949456532,0.15849008918321794,13128,2.0267190338843504,-0.06764269587473049,1.636938949456532,0.15849008918321794,13128
2020-06-18,ET,90,034_base_7var_seasonal_ARconvlstm_90d_compact_1layer,1.7471950428554965,0.1868729011584941,13128,1.4501018298176416,0.2826101695755884,1.7471950428554965,0.1868729011584941,13128
2020-06-19,ET,90,034_base_7var_seasonal_ARconvlstm_90d_compact_1layer,1.3754442529846944,0.48838476802337893,13128,1.8808923356410163,-0.005611926043588511,1.3754442529846944,0.48838476802337893,13128
2020-06-20,ET,90,034_base_7var_seasonal_ARconvlstm_90d_compact_1layer,1.6347891658817022,0.4435352059242532,13128,2.759647823306443,-0.0617300820271649,1.6347891658817022,0.4435352059242532,13128
2020-06-21,ET,90,034_base_7var_seasonal_ARconvlstm_90d_compact_1layer,1.4720868857567142,0.47997912277693344,13128,2.427577546324784,-0.04197756719940071,1.4720868857567142,0.47997912277693344,13128
2020-06-22,ET,90,034_base_7var_seasonal_ARconvlstm_90d_compact_1layer,1.4474168517935933,0.49331961852016115,13128,2.355816829254712,0.10570670240150559,1.4474168517935933,0.49331961852016115,13128
2020-06-23,ET,90,034_base_7var_seasonal_ARconvlstm_90d_compact_1layer,1.5821970714111866,0.4560693122247753,13128,2.4749617499405128,0.13118355800071846,1.5821970714111866,0.4560693122247753,13128
2020-06-24,ET,90,034_base_7var_seasonal_ARconvlstm_90d_compact_1layer,1.4109740468090153,0.4803250540677678,13128,2.1173788744528244,0.23059410568304461,1.4109740468090153,0.4803250540677678,13128
2020-06-25,ET,90,034_base_7var_seasonal_ARconvlstm_90d_compact_1layer,1.4118551658049023,0.48183533835496584,13128,2.149039679675398,0.18534758785968442,1.4118551658049023,0.48183533835496584,13128
2020-06-26,ET,90,034_base_7var_seasonal_ARconvlstm_90d_compact_1layer,1.3288818689624675,0.5068939969211053,13128,1.8688277996406406,0.3179098583236618,1.3288818689624675,0.5068939969211053,13128
2020-06-27,ET,90,034_base_7var_seasonal_ARconvlstm_90d_compact_1layer,1.4131543642773259,0.48630074364498177,13128,1.9992259267684565,0.23339677719243435,1.4131543642773259,0.48630074364498177,13128
2020-06-28,ET,90,034_base_7var_seasonal_ARconvlstm_90d_compact_1layer,1.593323225428608,0.4172407009411271,13128,2.3048093867796253,0.07479493703998263,1.593323225428608,0.4172407009411271,13128
2020-06-29,ET,90,034_base_7var_seasonal_ARconvlstm_90d_compact_1layer,1.4314569724672297,0.4617175886066851,13128,1.773163249354958,0.2600938610371245,1.4314569724672297,0.4617175886066851,13128
2020-06-30,ET,90,034_base_7var_seasonal_ARconvlstm_90d_compact_1layer,1.4328682947878137,0.407254608874687,13128,1.4785429293704544,0.36968196422966826,1.4328682947878137,0.407254608874687,13128
2020-07-01,ET,90,034_base_7var_seasonal_ARconvlstm_90d_compact_1layer,1.6119995070510111,0.32789137736856655,13128,1.7646456455380077,0.12239230782520572,1.6119995070510111,0.32789137736856655,13128
2020-07-02,ET,90,034_base_7var_seasonal_ARconvlstm_90d_compact_1layer,1.692459336557469,0.32123375132396903,13128,1.8335568694204125,0.17592137890463244,1.692459336557469,0.32123375132396903,13128
2020-07-03,ET,90,034_base_7var_seasonal_ARconvlstm_90d_compact_1layer,1.5276699590096579,0.43902690496449914,13128,2.2938444391545256,-0.08104345246039557,1.5276699590096579,0.43902690496449914,13128
2020-07-04,ET,90,034_base_7var_seasonal_ARconvlstm_90d_compact_1layer,1.5643180118398048,0.3968396473584498,13128,2.30617412322302,-0.15901634214912974,1.5643180118398048,0.3968396473584498,13128
2020-07-05,ET,90,034_base_7var_seasonal_ARconvlstm_90d_compact_1layer,1.6057907401434433,0.37205695662344684,13128,2.210871390500662,-0.012326643752091027,1.6057907401434433,0.37205695662344684,13128
2020-07-06,ET,90,034_base_7var_seasonal_ARconvlstm_90d_compact_1layer,1.5530027568549662,0.4014110174393911,13128,2.0861422825687392,0.16927642004378196,1.5530027568549662,0.4014110174393911,13128
2020-07-07,ET,90,034_base_7var_seasonal_ARconvlstm_90d_compact_1layer,1.4259744552971263,0.4530677183366624,13128,1.808604102466615,0.3354833231566525,1.4259744552971263,0.4530677183366624,13128
2020-07-08,ET,90,034_base_7var_seasonal_ARconvlstm_90d_compact_1layer,1.6010527360314015,0.365382074282145,13128,1.7286417153316744,0.31742331363141163,1.6010527360314015,0.365382074282145,13128
2020-07-09,ET,90,034_base_7var_seasonal_ARconvlstm_90d_compact_1layer,1.4997641900268794,0.42536740615916935,13128,2.0052939921995603,0.24889859118018653,1.4997641900268794,0.42536740615916935,13128
2020-07-10,ET,90,034_base_7var_seasonal_ARconvlstm_90d_compact_1layer,1.4534341240894244,0.43727259207003055,13128,2.0651067586810394,0.20308240108728404,1.4534341240894244,0.43727259207003055,13128
2020-07-11,ET,90,034_base_7var_seasonal_ARconvlstm_90d_compact_1layer,1.5558755148443268,0.3756344452526712,13128,2.08641444400091,0.2843363226479606,1.5558755148443268,0.3756344452526712,13128
2020-07-12,ET,90,034_base_7var_seasonal_ARconvlstm_90d_compact_1layer,1.605665866247679,0.35371057520653115,13128,2.0266005316962876,0.1616904845234748,1.605665866247679,0.35371057520653115,13128
2020-07-13,ET,90,034_base_7var_seasonal_ARconvlstm_90d_compact_1layer,1.560445161164457,0.402252422443764,13128,2.252225154912824,-0.026319686713652368,1.560445161164457,0.402252422443764,13128
2020-07-14,ET,90,034_base_7var_seasonal_ARconvlstm_90d_compact_1layer,1.4673466498554946,0.40629356968415054,13128,2.1013139906911436,0.013426310396236985,1.4673466498554946,0.40629356968415054,13128
2020-07-15,ET,90,034_base_7var_seasonal_ARconvlstm_90d_compact_1layer,1.5453604435647377,0.4068714792637337,13128,2.2994536219477526,-0.018691010521802554,1.5453604435647377,0.4068714792637337,13128
2020-07-16,ET,90,034_base_7var_seasonal_ARconvlstm_90d_compact_1layer,1.6513788369493694,0.3724176571144491,13128,2.3557052097268567,-0.08939519213316172,1.6513788369493694,0.3724176571144491,13128
2020-07-17,ET,90,034_base_7var_seasonal_ARconvlstm_90d_compact_1layer,1.5182446473183961,0.39548656262099147,13128,1.9456031636922173,0.1007358245629616,1.5182446473183961,0.39548656262099147,13128
2020-07-18,ET,90,034_base_7var_seasonal_ARconvlstm_90d_compact_1layer,1.54810063600472,0.3391146747263608,13128,1.781982181370308,0.18853532742920798,1.54810063600472,0.3391146747263608,13128
2020-07-19,ET,90,034_base_7var_seasonal_ARconvlstm_90d_compact_1layer,1.6854272118674292,0.2678198970030091,13128,1.960625246243922,0.15395143077390905,1.6854272118674292,0.2678198970030091,13128
2020-07-20,ET,90,034_base_7var_seasonal_ARconvlstm_90d_compact_1layer,1.5800067542749692,0.3433258622762727,13128,2.1564734949258764,0.11046942207442834,1.5800067542749692,0.3433258622762727,13128
2020-07-21,ET,90,034_base_7var_seasonal_ARconvlstm_90d_compact_1layer,1.5818943023525234,0.3692746295934939,13128,2.180069578298689,0.1511298537489869,1.5818943023525234,0.3692746295934939,13128
2020-07-22,ET,90,034_base_7var_seasonal_ARconvlstm_90d_compact_1layer,1.4417709600774955,0.4042936744987615,13128,1.9650014255034967,0.2546304335461267,1.4417709600774955,0.4042936744987615,13128
2020-07-23,ET,90,034_base_7var_seasonal_ARconvlstm_90d_compact_1layer,1.4437251449820279,0.39374245394236285,13128,2.0569827567872183,0.1344927204926858,1.4437251449820279,0.39374245394236285,13128
2020-07-24,ET,90,034_base_7var_seasonal_ARconvlstm_90d_compact_1layer,1.6327973915295197,0.2698271448243096,13128,2.0904448662815245,0.13906878131587197,1.6327973915295197,0.2698271448243096,13128
2020-07-25,ET,90,034_base_7var_seasonal_ARconvlstm_90d_compact_1layer,1.6531011830653666,0.2567713296511075,13128,2.301740114793907,0.04731390289167037,1.6531011830653666,0.2567713296511075,13128
2020-07-26,ET,90,034_base_7var_seasonal_ARconvlstm_90d_compact_1layer,1.618960861294927,0.22624283231759978,13128,2.2091821363407043,0.09396418704777132,1.618960861294927,0.22624283231759978,13128
2020-07-27,ET,90,034_base_7var_seasonal_ARconvlstm_90d_compact_1layer,1.6538690571842345,0.268869433022084,13128,2.2824939228581242,0.08288505744767516,1.6538690571842345,0.268869433022084,13128
2020-07-28,ET,90,034_base_7var_seasonal_ARconvlstm_90d_compact_1layer,1.6606459135939307,0.2887622217647019,13128,2.415763250805357,0.1985404240748716,1.6606459135939307,0.2887622217647019,13128
2020-07-29,ET,90,034_base_7var_seasonal_ARconvlstm_90d_compact_1layer,1.6957922777142242,0.26323290964096335,13128,2.5161696117994805,0.10290227146996456,1.6957922777142242,0.26323290964096335,13128
2020-07-30,ET,90,034_base_7var_seasonal_ARconvlstm_90d_compact_1layer,1.5671732655656454,0.33104006022699883,13128,2.171481198773173,0.2581820277564354,1.5671732655656454,0.33104006022699883,13128
2020-07-31,ET,90,034_base_7var_seasonal_ARconvlstm_90d_compact_1layer,1.5515928730863398,0.3574370055523248,13128,2.1154510135981304,0.2532159668910158,1.5515928730863398,0.3574370055523248,13128
2020-08-01,ET,90,034_base_7var_seasonal_ARconvlstm_90d_compact_1layer,1.5624693270973709,0.2945636398027184,13128,1.9692559364622786,0.2767194321677079,1.5624693270973709,0.2945636398027184,13128
2020-08-02,ET,90,034_base_7var_seasonal_ARconvlstm_90d_compact_1layer,1.50674259560822,0.3298528077635794,13128,2.0294352644500377,0.21435094536473542,1.50674259560822,0.3298528077635794,13128
2020-08-03,ET,90,034_base_7var_seasonal_ARconvlstm_90d_compact_1layer,1.5556020241299449,0.2669121397145241,13128,2.1091068825428247,0.16699224057207673,1.5556020241299449,0.2669121397145241,13128
2020-08-04,ET,90,034_base_7var_seasonal_ARconvlstm_90d_compact_1layer,1.3782105141021315,0.32550545862577007,13128,1.5632729214287195,0.3912949233639105,1.3782105141021315,0.32550545862577007,13128
2020-08-05,ET,90,034_base_7var_seasonal_ARconvlstm_90d_compact_1layer,1.3514951564281088,0.3829507828198281,13128,1.8235837580198355,0.23620704515515978,1.3514951564281088,0.3829507828198281,13128
2020-08-06,ET,90,034_base_7var_seasonal_ARconvlstm_90d_compact_1layer,1.2710220084899904,0.40704241394572704,13128,1.4758239638723292,0.46777868069142625,1.2710220084899904,0.40704241394572704,13128
2020-08-07,ET,90,034_base_7var_seasonal_ARconvlstm_90d_compact_1layer,1.446794360325341,0.31916373616488447,13128,1.6262229212161736,0.366012933012862,1.446794360325341,0.31916373616488447,13128
2020-08-08,ET,90,034_base_7var_seasonal_ARconvlstm_90d_compact_1layer,1.5418150297799358,0.19956183934277139,13128,1.5591063976058805,0.35879104529441397,1.5418150297799358,0.19956183934277139,13128
2020-08-09,ET,90,034_base_7var_seasonal_ARconvlstm_90d_compact_1layer,1.5038197400747984,0.2779506000790334,13128,1.8938858557519873,0.03032282812029785,1.5038197400747984,0.2779506000790334,13128
2020-08-10,ET,90,034_base_7var_seasonal_ARconvlstm_90d_compact_1layer,1.4559029050189192,0.26384879207193557,13128,2.2176010034472378,-0.16019232553265295,1.4559029050189192,0.26384879207193557,13128
2020-08-11,ET,90,034_base_7var_seasonal_ARconvlstm_90d_compact_1layer,1.499233000695729,0.26564930886671057,13128,1.8016040069641086,0.30305203327088537,1.499233000695729,0.26564930886671057,13128
2020-08-12,ET,90,034_base_7var_seasonal_ARconvlstm_90d_compact_1layer,1.5219426509769727,0.247284790782889,13128,1.9800555875593195,0.29759826717729887,1.5219426509769727,0.247284790782889,13128
2020-08-13,ET,90,034_base_7var_seasonal_ARconvlstm_90d_compact_1layer,1.488865294802885,0.13278496635999482,13128,1.6290186320908717,0.31625995201652835,1.488865294802885,0.13278496635999482,13128
2020-08-14,ET,90,034_base_7var_seasonal_ARconvlstm_90d_compact_1layer,1.5326876523350594,-0.00794916688750913,13128,2.1962265711152673,-0.19997107143563797,1.5326876523350594,-0.00794916688750913,13128
2020-08-15,ET,90,034_base_7var_seasonal_ARconvlstm_90d_compact_1layer,1.5727754028651835,-0.04989288897391031,13128,2.0853841630156014,-0.1303350038304243,1.5727754028651835,-0.04989288897391031,13128
2020-08-16,ET,90,034_base_7var_seasonal_ARconvlstm_90d_compact_1layer,1.4588407126138103,0.12119580257482665,13128,1.906584742826888,0.10250190222489652,1.4588407126138103,0.12119580257482665,13128
2020-08-17,ET,90,034_base_7var_seasonal_ARconvlstm_90d_compact_1layer,1.5355043082143804,0.25846220163499534,13128,1.7840070195057265,0.44045966540578907,1.5355043082143804,0.25846220163499534,13128
2020-08-18,ET,90,034_base_7var_seasonal_ARconvlstm_90d_compact_1layer,1.4026916400768323,0.16035234170836477,13128,1.633333225488535,0.2976469212570575,1.4026916400768323,0.16035234170836477,13128
2020-08-19,ET,90,034_base_7var_seasonal_ARconvlstm_90d_compact_1layer,1.4932519983282355,-0.10663314554997294,13128,2.005126117116589,-0.22007369265193066,1.4932519983282355,-0.10663314554997294,13128
2020-08-20,ET,90,034_base_7var_seasonal_ARconvlstm_90d_compact_1layer,1.513684642283224,-0.13346910686993207,13128,1.9355745950331926,-0.21465950385923427,1.513684642283224,-0.13346910686993207,13128
2020-08-21,ET,90,034_base_7var_seasonal_ARconvlstm_90d_compact_1layer,1.5584427385946005,-0.2022482668312049,13128,2.0153031760990125,-0.3464441569786725,1.5584427385946005,-0.2022482668312049,13128
2020-08-22,ET,90,034_base_7var_seasonal_ARconvlstm_90d_compact_1layer,1.5671713100008349,-0.1619692366479284,13128,2.2855696837524877,-0.47875451500095556,1.5671713100008349,-0.1619692366479284,13128
2020-08-23,ET,90,034_base_7var_seasonal_ARconvlstm_90d_compact_1layer,1.6694384799475732,-0.39914591647699793,13128,2.350401184951247,-0.7519393361086288,1.6694384799475732,-0.39914591647699793,13128
2020-08-24,ET,90,034_base_7var_seasonal_ARconvlstm_90d_compact_1layer,1.656773050984277,-0.47640484819846174,13128,2.1841178585036074,-0.7418892277918572,1.656773050984277,-0.47640484819846174,13128
2020-08-25,ET,90,034_base_7var_seasonal_ARconvlstm_90d_compact_1layer,1.642541591109879,-0.6568482384450962,13128,1.9895755070327523,-0.8743884343265786,1.642541591109879,-0.6568482384450962,13128
2020-08-26,ET,90,034_base_7var_seasonal_ARconvlstm_90d_compact_1layer,1.5499286898177438,-0.4937087566385905,13128,2.1173319497272787,-0.917343671180815,1.5499286898177438,-0.4937087566385905,13128
2020-08-27,ET,90,034_base_7var_seasonal_ARconvlstm_90d_compact_1layer,1.520774810098056,-0.3004972573737905,13128,2.1882607233925997,-0.6707385840517435,1.520774810098056,-0.3004972573737905,13128
2020-08-28,ET,90,034_base_7var_seasonal_ARconvlstm_90d_compact_1layer,1.4493187122288376,-0.21996390262791987,13128,1.779384087802676,-0.294824340526078,1.4493187122288376,-0.21996390262791987,13128
2020-08-29,ET,90,034_base_7var_seasonal_ARconvlstm_90d_compact_1layer,1.580050824575346,0.03186508083641282,13128,1.9392442723222376,0.11418148923229055,1.580050824575346,0.03186508083641282,13128
2020-08-30,ET,90,034_base_7var_seasonal_ARconvlstm_90d_compact_1layer,1.6757971873139224,0.11345710913635465,13128,2.257937961479319,0.1522196906583524,1.6757971873139224,0.11345710913635465,13128
2020-08-31,ET,90,034_base_7var_seasonal_ARconvlstm_90d_compact_1layer,1.4612976038757275,0.1250767586956798,13128,1.9899503265242429,0.09612967288680996,1.4612976038757275,0.1250767586956798,13128
2020-09-01,ET,90,034_base_7var_seasonal_ARconvlstm_90d_compact_1layer,1.532116665401569,0.04212670876357716,13128,2.0988801415770864,0.11806839898491761,1.532116665401569,0.04212670876357716,13128
2020-09-02,ET,90,034_base_7var_seasonal_ARconvlstm_90d_compact_1layer,1.667575544664072,0.05384300004493314,13128,2.1154623775561796,0.2569197146392701,1.667575544664072,0.05384300004493314,13128
2020-09-03,ET,90,034_base_7var_seasonal_ARconvlstm_90d_compact_1layer,1.608533494190041,0.07854584935387487,13128,1.9550710285433006,0.2830606227567082,1.608533494190041,0.07854584935387487,13128
2020-09-04,ET,90,034_base_7var_seasonal_ARconvlstm_90d_compact_1layer,1.5934380132585932,0.09256609711854735,13128,1.9470453036063775,0.253388841158665,1.5934380132585932,0.09256609711854735,13128
2020-09-05,ET,90,034_base_7var_seasonal_ARconvlstm_90d_compact_1layer,1.6713881358716407,0.05633492012874408,13128,2.027780158182864,0.27415381043770315,1.6713881358716407,0.05633492012874408,13128
2020-09-06,ET,90,034_base_7var_seasonal_ARconvlstm_90d_compact_1layer,1.59320418504125,0.060133214428835347,13128,1.6142463883779892,0.45980177844908154,1.59320418504125,0.060133214428835347,13128
2020-09-07,ET,90,034_base_7var_seasonal_ARconvlstm_90d_compact_1layer,1.7515018014518913,-0.022572162072323376,13128,2.1353198042034593,0.1592695075944317,1.7515018014518913,-0.022572162072323376,13128
2020-09-08,ET,90,034_base_7var_seasonal_ARconvlstm_90d_compact_1layer,1.4549659394068926,0.09749402510335459,13128,2.235517860675579,0.09219878481578714,1.4549659394068926,0.09749402510335459,13128
2020-09-09,ET,90,034_base_7var_seasonal_ARconvlstm_90d_compact_1layer,1.504777742161705,-0.14927001616994406,13128,2.2820943735629795,-0.1873409674934048,1.504777742161705,-0.14927001616994406,13128
2020-09-10,ET,90,034_base_7var_seasonal_ARconvlstm_90d_compact_1layer,1.2500984723683728,-0.05403593109011684,13128,1.8689989511635317,-0.10924842278190372,1.2500984723683728,-0.05403593109011684,13128
2020-09-11,ET,90,034_base_7var_seasonal_ARconvlstm_90d_compact_1layer,1.061829113725463,-0.055649150593283014,13128,1.7491099049245922,-0.42461975064749,1.061829113725463,-0.055649150593283014,13128
2020-09-12,ET,90,034_base_7var_seasonal_ARconvlstm_90d_compact_1layer,0.9570550640864496,0.3048178892282405,13128,1.6103311485085443,0.14650957518197893,0.9570550640864496,0.3048178892282405,13128
2020-09-13,ET,90,034_base_7var_seasonal_ARconvlstm_90d_compact_1layer,1.0645485298552726,0.2627950587632769,13128,1.5877741412650734,0.2884308041554795,1.0645485298552726,0.2627950587632769,13128
2020-09-14,ET,90,034_base_7var_seasonal_ARconvlstm_90d_compact_1layer,1.1804189379075847,0.13656944499592116,13128,1.6365613301198778,0.28152612068192295,1.1804189379075847,0.13656944499592116,13128
2020-09-15,ET,90,034_base_7var_seasonal_ARconvlstm_90d_compact_1layer,1.2283819791520554,0.08316567792741847,13128,1.5889605474180808,0.2773318882393252,1.2283819791520554,0.08316567792741847,13128
2020-09-16,ET,90,034_base_7var_seasonal_ARconvlstm_90d_compact_1layer,1.2147984232362736,0.10859941431947195,13128,1.6487041119698562,0.2369690188997936,1.2147984232362736,0.10859941431947195,13128
2020-09-17,ET,90,034_base_7var_seasonal_ARconvlstm_90d_compact_1layer,1.3511114821498695,0.061326421451033064,13128,1.8959833124060148,0.17401304757134273,1.3511114821498695,0.061326421451033064,13128
2020-09-18,ET,90,034_base_7var_seasonal_ARconvlstm_90d_compact_1layer,1.4697417986916965,0.0165583448386748,13128,2.6143578030932715,-0.09364222233922281,1.4697417986916965,0.0165583448386748,13128
2020-09-19,ET,90,034_base_7var_seasonal_ARconvlstm_90d_compact_1layer,1.3806786908656958,0.07841831087048057,13128,2.16000977172468,0.05744754332410862,1.3806786908656958,0.07841831087048057,13128
2020-09-20,ET,90,034_base_7var_seasonal_ARconvlstm_90d_compact_1layer,1.180547691154043,0.16738489511044763,13128,2.4072093127770327,-0.39785965742132334,1.180547691154043,0.16738489511044763,13128
2020-09-21,ET,90,034_base_7var_seasonal_ARconvlstm_90d_compact_1layer,1.1344670003883264,0.10073682189162092,13128,2.7572070976930974,-1.148791866418236,1.1344670003883264,0.10073682189162092,13128
2020-09-22,ET,90,034_base_7var_seasonal_ARconvlstm_90d_compact_1layer,1.1143101148458814,0.0699409143756532,13128,2.4087587347094255,-0.934371210809805,1.1143101148458814,0.0699409143756532,13128
2020-09-23,ET,90,034_base_7var_seasonal_ARconvlstm_90d_compact_1layer,1.1490708290235427,0.09982096242921135,13128,2.16704648033429,-0.5199533087648454,1.1490708290235427,0.09982096242921135,13128
2020-09-24,ET,90,034_base_7var_seasonal_ARconvlstm_90d_compact_1layer,1.1299957971303665,0.05961535356882608,13128,2.117503656028589,-0.648597947815875,1.1299957971303665,0.05961535356882608,13128
2020-09-25,ET,90,034_base_7var_seasonal_ARconvlstm_90d_compact_1layer,1.1336120241926737,0.08004005928729485,13128,2.321526999254574,-0.7543659582844862,1.1336120241926737,0.08004005928729485,13128
2020-09-26,ET,90,034_base_7var_seasonal_ARconvlstm_90d_compact_1layer,1.1852066313284984,0.03862555160991432,13128,2.3783260449853407,-0.7911455902698203,1.1852066313284984,0.03862555160991432,13128
2020-09-27,ET,90,034_base_7var_seasonal_ARconvlstm_90d_compact_1layer,1.2495262006303893,-0.06464858267107476,13128,2.01312414984771,-0.48885764780767293,1.2495262006303893,-0.06464858267107476,13128
2020-09-28,ET,90,034_base_7var_seasonal_ARconvlstm_90d_compact_1layer,1.3472350908962798,-0.25127878927619696,13128,1.7115208596235416,-0.327227054323761,1.3472350908962798,-0.25127878927619696,13128
2020-09-29,ET,90,034_base_7var_seasonal_ARconvlstm_90d_compact_1layer,1.3557499404335578,-0.6585580879960371,13128,1.8714894407810048,-0.9891151202139348,1.3557499404335578,-0.6585580879960371,13128
2020-09-30,ET,90,034_base_7var_seasonal_ARconvlstm_90d_compact_1layer,1.292428821807361,-0.5699999524406303,13128,2.1248039859713286,-1.3059140302509205,1.292428821807361,-0.5699999524406303,13128
2020-10-01,ET,90,034_base_7var_seasonal_ARconvlstm_90d_compact_1layer,1.2861262674648002,-0.769551765446103,13128,2.52854038846026,-2.0546949822532747,1.2861262674648002,-0.769551765446103,13128
2020-10-02,ET,90,034_base_7var_seasonal_ARconvlstm_90d_compact_1layer,1.2020845736661077,-0.7359221589098996,13128,2.554687880303844,-2.3601780229619993,1.2020845736661077,-0.7359221589098996,13128
2020-10-03,ET,90,034_base_7var_seasonal_ARconvlstm_90d_compact_1layer,1.1490516267175597,-0.5178416139879511,13128,2.5506576402560373,-2.131736904195421,1.1490516267175597,-0.5178416139879511,13128
2020-10-04,ET,90,034_base_7var_seasonal_ARconvlstm_90d_compact_1layer,1.086818217195769,-0.5174270537881911,13128,2.6168660278800875,-2.494847274008539,1.086818217195769,-0.5174270537881911,13128
2020-10-05,ET,90,034_base_7var_seasonal_ARconvlstm_90d_compact_1layer,1.0215269225430095,-0.4346338766407907,13128,2.389480020556421,-2.2616689507712127,1.0215269225430095,-0.4346338766407907,13128
2020-10-06,ET,90,034_base_7var_seasonal_ARconvlstm_90d_compact_1layer,1.0063729461442092,-0.46292977734996255,13128,2.230744728214155,-2.095578866691246,1.0063729461442092,-0.46292977734996255,13128
2020-10-07,ET,90,034_base_7var_seasonal_ARconvlstm_90d_compact_1layer,1.048781560509363,-0.5602630393395776,13128,2.40861526002618,-2.344949840879647,1.048781560509363,-0.5602630393395776,13128
2020-10-08,ET,90,034_base_7var_seasonal_ARconvlstm_90d_compact_1layer,1.0316090754759797,-0.5096701377296344,13128,2.436291025352167,-2.3293140452509156,1.0316090754759797,-0.5096701377296344,13128
2020-10-09,ET,90,034_base_7var_seasonal_ARconvlstm_90d_compact_1layer,1.03918990928013,-0.5634752974553148,13128,2.3446683366838337,-2.152452969357459,1.03918990928013,-0.5634752974553148,13128
2020-10-10,ET,90,034_base_7var_seasonal_ARconvlstm_90d_compact_1layer,1.068327882489876,-0.7212818671875865,13128,2.369238359683711,-2.531745037248096,1.068327882489876,-0.7212818671875865,13128
2020-10-11,ET,90,034_base_7var_seasonal_ARconvlstm_90d_compact_1layer,1.0881620209654133,-0.6394944984841167,13128,2.499561515965747,-2.429811197636891,1.0881620209654133,-0.6394944984841167,13128
2020-10-12,ET,90,034_base_7var_seasonal_ARconvlstm_90d_compact_1layer,1.1505001844581215,-0.7640091726811042,13128,2.3614760085664352,-2.254716651699546,1.1505001844581215,-0.7640091726811042,13128
2020-10-13,ET,90,034_base_7var_seasonal_ARconvlstm_90d_compact_1layer,1.1239024582337125,-1.1148311258986814,13128,2.708634652060135,-3.679948819103581,1.1239024582337125,-1.1148311258986814,13128
2020-10-14,ET,90,034_base_7var_seasonal_ARconvlstm_90d_compact_1layer,1.0636860904668906,-0.7232077982420178,13128,2.7090300893238486,-3.0573202549405654,1.0636860904668906,-0.7232077982420178,13128
2020-10-15,ET,90,034_base_7var_seasonal_ARconvlstm_90d_compact_1layer,1.1286538421712127,-1.3065718180719768,13128,2.4967672315144616,-3.5929987282321987,1.1286538421712127,-1.3065718180719768,13128
2020-10-16,ET,90,034_base_7var_seasonal_ARconvlstm_90d_compact_1layer,1.224890491061549,-2.0060707126374404,13128,2.3590208956387433,-4.090261563621979,1.224890491061549,-2.0060707126374404,13128
2020-10-17,ET,90,034_base_7var_seasonal_ARconvlstm_90d_compact_1layer,1.1914170396578372,-1.2683511028127241,13128,2.474095985490821,-3.1206236640989307,1.1914170396578372,-1.2683511028127241,13128
2020-10-18,ET,90,034_base_7var_seasonal_ARconvlstm_90d_compact_1layer,1.1444198647119286,-1.02293102938699,13128,2.752067037359693,-3.418179576175943,1.1444198647119286,-1.02293102938699,13128
2020-10-19,ET,90,034_base_7var_seasonal_ARconvlstm_90d_compact_1layer,1.0735965914169527,-0.9765688058899924,13128,2.970943719548983,-4.188888021070129,1.0735965914169527,-0.9765688058899924,13128
2020-10-20,ET,90,034_base_7var_seasonal_ARconvlstm_90d_compact_1layer,1.0253698318068518,-0.7130155327287033,13128,2.7125493829064036,-3.391181271747536,1.0253698318068518,-0.7130155327287033,13128
2020-10-21,ET,90,034_base_7var_seasonal_ARconvlstm_90d_compact_1layer,0.9878049287273506,-0.6651695468855956,13128,2.621938351287623,-3.4259675797023936,0.9878049287273506,-0.6651695468855956,13128
2020-10-22,ET,90,034_base_7var_seasonal_ARconvlstm_90d_compact_1layer,0.9921274886739659,-0.5549356518120081,13128,2.5799426552603033,-2.93688001732141,0.9921274886739659,-0.5549356518120081,13128
2020-10-23,ET,90,034_base_7var_seasonal_ARconvlstm_90d_compact_1layer,0.979330031543865,-0.3562361619190544,13128,2.760120028104501,-2.726030675706883,0.979330031543865,-0.3562361619190544,13128
2020-10-24,ET,90,034_base_7var_seasonal_ARconvlstm_90d_compact_1layer,0.975502673900713,-0.6478168053084958,13128,2.804878150264324,-3.807789848764565,0.975502673900713,-0.6478168053084958,13128
2020-10-25,ET,90,034_base_7var_seasonal_ARconvlstm_90d_compact_1layer,0.9562583806827508,-0.5388954456980115,13128,2.920131487686423,-3.6295405689646127,0.9562583806827508,-0.5388954456980115,13128
2020-10-26,ET,90,034_base_7var_seasonal_ARconvlstm_90d_compact_1layer,0.7687684739588198,0.01832950919469667,13128,2.850191245700806,-2.7275145494066546,0.7687684739588198,0.01832950919469667,13128
2020-10-27,ET,90,034_base_7var_seasonal_ARconvlstm_90d_compact_1layer,0.8374028904650944,-0.20525128511920787,13128,3.0112573707359513,-3.3967208925140255,0.8374028904650944,-0.20525128511920787,13128
2020-10-28,ET,90,034_base_7var_seasonal_ARconvlstm_90d_compact_1layer,0.7930345154899912,-0.06304307985230095,13128,2.8474578509472313,-2.78229188418331,0.7930345154899912,-0.06304307985230095,13128
2020-10-29,ET,90,034_base_7var_seasonal_ARconvlstm_90d_compact_1layer,0.7202305356587887,0.09426884195051366,13128,2.8212880206572937,-2.783861145500957,0.7202305356587887,0.09426884195051366,13128
2020-10-30,ET,90,034_base_7var_seasonal_ARconvlstm_90d_compact_1layer,0.7743343306115249,-0.0978060557392002,13128,2.6793291104050505,-3.2671104564659412,0.7743343306115249,-0.0978060557392002,13128
2020-10-31,ET,90,034_base_7var_seasonal_ARconvlstm_90d_compact_1layer,0.7356390355526643,0.05772212757063955,13128,2.4433050196895825,-2.4339904541064743,0.7356390355526643,0.05772212757063955,13128
2020-11-01,ET,90,034_base_7var_seasonal_ARconvlstm_90d_compact_1layer,0.6802347011434619,0.02520378511098753,13128,2.4288273492960117,-2.9897286966986365,0.6802347011434619,0.02520378511098753,13128
2020-11-02,ET,90,034_base_7var_seasonal_ARconvlstm_90d_compact_1layer,0.7372289550329284,-0.2610989325173845,13128,2.0842275147188434,-2.8963291903681734,0.7372289550329284,-0.2610989325173845,13128
2020-11-03,ET,90,034_base_7var_seasonal_ARconvlstm_90d_compact_1layer,0.6867181059097134,-0.14321393025961804,13128,2.2498079310662806,-3.1699818531377915,0.6867181059097134,-0.14321393025961804,13128
2020-11-04,ET,90,034_base_7var_seasonal_ARconvlstm_90d_compact_1layer,0.7218725646873699,-0.20573807693193702,13128,2.0641977510158656,-2.658663254333591,0.7218725646873699,-0.20573807693193702,13128
2020-11-05,ET,90,034_base_7var_seasonal_ARconvlstm_90d_compact_1layer,0.6794671925033509,-0.30387032522751967,13128,2.12643057625064,-3.603565951270995,0.6794671925033509,-0.30387032522751967,13128
2020-11-06,ET,90,034_base_7var_seasonal_ARconvlstm_90d_compact_1layer,0.6474976391121811,-0.13693970112796605,13128,1.8288385384721262,-2.74476584797338,0.6474976391121811,-0.13693970112796605,13128
2020-11-07,ET,90,034_base_7var_seasonal_ARconvlstm_90d_compact_1layer,0.7370402421508067,-0.2991059909261431,13128,2.0479167726381236,-2.742448378205909,0.7370402421508067,-0.2991059909261431,13128
2020-11-08,ET,90,034_base_7var_seasonal_ARconvlstm_90d_compact_1layer,0.8898735377763414,-0.2380478193693305,13128,1.9168302031658178,-1.1394862511494206,0.8898735377763414,-0.2380478193693305,13128
2020-11-09,ET,90,034_base_7var_seasonal_ARconvlstm_90d_compact_1layer,0.7523889068298389,-0.1551594928925737,13128,1.9042570104962597,-1.7334638722651103,0.7523889068298389,-0.1551594928925737,13128
2020-11-10,ET,90,034_base_7var_seasonal_ARconvlstm_90d_compact_1layer,0.805901129055673,-0.19683603891712131,13128,1.7897300738067303,-1.3783246798162372,0.805901129055673,-0.19683603891712131,13128
2020-11-11,ET,90,034_base_7var_seasonal_ARconvlstm_90d_compact_1layer,0.7582174669787173,-0.5130982994824238,13128,1.6776107999540244,-2.5119362157841567,0.7582174669787173,-0.5130982994824238,13128
2020-11-12,ET,90,034_base_7var_seasonal_ARconvlstm_90d_compact_1layer,0.7232429352989751,-0.49756651589810685,13128,1.4653990954573224,-2.2360432257025686,0.7232429352989751,-0.49756651589810685,13128
2020-11-13,ET,90,034_base_7var_seasonal_ARconvlstm_90d_compact_1layer,0.7325044579976964,-0.5900981689826201,13128,1.456617942789058,-2.428511099759836,0.7325044579976964,-0.5900981689826201,13128
2020-11-14,ET,90,034_base_7var_seasonal_ARconvlstm_90d_compact_1layer,0.7129549834290709,-0.16101941767849803,13128,1.5295799698017176,-1.3390475331528715,0.7129549834290709,-0.16101941767849803,13128
2020-11-15,ET,90,034_base_7var_seasonal_ARconvlstm_90d_compact_1layer,0.6948817760807342,-0.14068559850844142,13128,2.028116926741734,-2.4346209180521847,0.6948817760807342,-0.14068559850844142,13128
2020-11-16,ET,90,034_base_7var_seasonal_ARconvlstm_90d_compact_1layer,0.6366353122374968,-0.6786048095129715,13128,1.6700255262267487,-3.9134599852824117,0.6366353122374968,-0.6786048095129715,13128
2020-11-17,ET,90,034_base_7var_seasonal_ARconvlstm_90d_compact_1layer,0.5605675428108858,-0.46452099222595744,13128,1.3085729830582808,-2.710051513994897,0.5605675428108858,-0.46452099222595744,13128
2020-11-18,ET,90,034_base_7var_seasonal_ARconvlstm_90d_compact_1layer,0.6251530255109824,-0.28238658902779323,13128,1.208795588678445,-1.4105340392261692,0.6251530255109824,-0.28238658902779323,13128
2020-11-19,ET,90,034_base_7var_seasonal_ARconvlstm_90d_compact_1layer,0.7022866006865839,-0.3904574284669706,13128,1.218991490747545,-1.2799905220584225,0.7022866006865839,-0.3904574284669706,13128
2020-11-20,ET,90,034_base_7var_seasonal_ARconvlstm_90d_compact_1layer,0.5530403223795024,-0.5396515775112631,13128,1.3525855049768944,-3.1284243846588806,0.5530403223795024,-0.5396515775112631,13128
2020-11-21,ET,90,034_base_7var_seasonal_ARconvlstm_90d_compact_1layer,0.5006802887470297,-0.35011073338068366,13128,1.202140987830837,-2.59068252118981,0.5006802887470297,-0.35011073338068366,13128
2020-11-22,ET,90,034_base_7var_seasonal_ARconvlstm_90d_compact_1layer,0.5348928326942902,-0.20813669162425175,13128,1.089989226385796,-1.5684876544566166,0.5348928326942902,-0.20813669162425175,13128
2020-11-23,ET,90,034_base_7var_seasonal_ARconvlstm_90d_compact_1layer,0.4688105253228173,0.03774974655589425,13128,0.9330689878723206,-1.0247382930958588,0.4688105253228173,0.03774974655589425,13128
2020-11-24,ET,90,034_base_7var_seasonal_ARconvlstm_90d_compact_1layer,0.4858246839980362,0.09275306928720861,13128,0.9217404647381815,-0.5415703434788901,0.4858246839980362,0.09275306928720861,13128
2020-11-25,ET,90,034_base_7var_seasonal_ARconvlstm_90d_compact_1layer,0.524641464783515,0.10743639713455033,13128,1.0741493242640934,-0.6798090242810666,0.524641464783515,0.10743639713455033,13128
2020-11-26,ET,90,034_base_7var_seasonal_ARconvlstm_90d_compact_1layer,0.4091413667532322,0.043819699103613496,13128,1.1934292491456249,-2.1150813056754565,0.4091413667532322,0.043819699103613496,13128
2020-11-27,ET,90,034_base_7var_seasonal_ARconvlstm_90d_compact_1layer,0.414261457402321,0.09626538874368917,13128,1.7503566375517294,-3.225809333030357,0.414261457402321,0.09626538874368917,13128
2020-11-28,ET,90,034_base_7var_seasonal_ARconvlstm_90d_compact_1layer,0.4271075863620399,0.342960694422796,13128,2.129998442484267,-2.500441907902361,0.4271075863620399,0.342960694422796,13128
2020-11-29,ET,90,034_base_7var_seasonal_ARconvlstm_90d_compact_1layer,0.48731471515968294,0.3117762301845234,13128,1.5667333795212772,-0.9534180081740826,0.48731471515968294,0.3117762301845234,13128
2020-11-30,ET,90,034_base_7var_seasonal_ARconvlstm_90d_compact_1layer,0.38897645281327786,0.41152279429452554,13128,1.8841453492195335,-2.237049789273543,0.38897645281327786,0.41152279429452554,13128
2020-12-01,ET,90,034_base_7var_seasonal_ARconvlstm_90d_compact_1layer,0.34628107002837877,0.40074094112331626,13128,2.1123114627914745,-3.87920753748854,0.34628107002837877,0.40074094112331626,13128
2020-12-02,ET,90,034_base_7var_seasonal_ARconvlstm_90d_compact_1layer,0.3736847704360905,0.2981138283158755,13128,1.9338211475456168,-3.521312538154226,0.3736847704360905,0.2981138283158755,13128
2020-12-03,ET,90,034_base_7var_seasonal_ARconvlstm_90d_compact_1layer,0.3806453036750651,0.25427707509303155,13128,1.8338607482251212,-3.2692604794203577,0.3806453036750651,0.25427707509303155,13128
2020-12-04,ET,90,034_base_7var_seasonal_ARconvlstm_90d_compact_1layer,0.3479183381386835,-0.11119735639701656,13128,2.028415901113381,-6.073326478613328,0.3479183381386835,-0.11119735639701656,13128
2020-12-05,ET,90,034_base_7var_seasonal_ARconvlstm_90d_compact_1layer,0.3624347751525642,-0.2147201528119873,13128,1.89809126880787,-6.653911599584141,0.3624347751525642,-0.2147201528119873,13128
2020-12-06,ET,90,034_base_7var_seasonal_ARconvlstm_90d_compact_1layer,0.33111916503119976,0.26333424834846375,13128,1.826353097576963,-3.684539614898066,0.33111916503119976,0.26333424834846375,13128
2020-12-07,ET,90,034_base_7var_seasonal_ARconvlstm_90d_compact_1layer,0.30764265782862155,0.05881932456268446,13128,1.9921883636988706,-5.949450725313366,0.30764265782862155,0.05881932456268446,13128
2020-12-08,ET,90,034_base_7var_seasonal_ARconvlstm_90d_compact_1layer,0.32248338315444147,-0.015440315388592918,13128,2.6066721798288204,-8.629364139642488,0.32248338315444147,-0.015440315388592918,13128
2020-12-09,ET,90,034_base_7var_seasonal_ARconvlstm_90d_compact_1layer,0.32091626037935306,0.006004701057409578,13128,2.0979440991254243,-6.541092947862139,0.32091626037935306,0.006004701057409578,13128
2020-12-10,ET,90,034_base_7var_seasonal_ARconvlstm_90d_compact_1layer,0.29952152184113,0.27937604073650735,13128,1.7647180993808955,-4.296614690590722,0.29952152184113,0.27937604073650735,13128
2020-12-11,ET,90,034_base_7var_seasonal_ARconvlstm_90d_compact_1layer,0.4209541624370701,0.04457840997664275,13128,2.0699756598236054,-3.339333328839932,0.4209541624370701,0.04457840997664275,13128
2020-12-12,ET,90,034_base_7var_seasonal_ARconvlstm_90d_compact_1layer,0.35120939140436697,0.30624645599440925,13128,2.043846894480748,-3.643761252066314,0.35120939140436697,0.30624645599440925,13128
2020-12-13,ET,90,034_base_7var_seasonal_ARconvlstm_90d_compact_1layer,0.32454634620356865,0.4008219780145621,13128,2.1617793722993484,-3.7073175578803426,0.32454634620356865,0.4008219780145621,13128
2020-12-14,ET,90,034_base_7var_seasonal_ARconvlstm_90d_compact_1layer,0.325768986510661,0.31276923875732654,13128,2.0994070143529457,-4.50634170309011,0.325768986510661,0.31276923875732654,13128
2020-12-15,ET,90,034_base_7var_seasonal_ARconvlstm_90d_compact_1layer,0.3693624991902852,-0.006583120399697995,13128,1.99445493552353,-4.842006227629778,0.3693624991902852,-0.006583120399697995,13128
2020-12-16,ET,90,034_base_7var_seasonal_ARconvlstm_90d_compact_1layer,0.34230116480577,0.09225304568774728,13128,2.12717092493362,-5.9382720047487645,0.34230116480577,0.09225304568774728,13128
2020-12-17,ET,90,034_base_7var_seasonal_ARconvlstm_90d_compact_1layer,0.3377458799431312,-0.18789640734963164,13128,2.155017177706992,-7.83813382845457,0.3377458799431312,-0.18789640734963164,13128
2020-12-18,ET,90,034_base_7var_seasonal_ARconvlstm_90d_compact_1layer,0.35313880528465263,-0.020455931868006427,13128,1.9361192365457962,-5.832483656037069,0.35313880528465263,-0.020455931868006427,13128
2020-12-19,ET,90,034_base_7var_seasonal_ARconvlstm_90d_compact_1layer,0.3368724058578026,-0.18334777249156087,13128,1.6074694889361305,-5.465490599504452,0.3368724058578026,-0.18334777249156087,13128
2020-12-20,ET,90,034_base_7var_seasonal_ARconvlstm_90d_compact_1layer,0.30459655733806945,-0.03412130649106637,13128,1.2762712169675143,-3.9783768163051683,0.30459655733806945,-0.03412130649106637,13128
2020-12-21,ET,90,034_base_7var_seasonal_ARconvlstm_90d_compact_1layer,0.33617929396213014,-0.28857918414188877,13128,1.2017099712208548,-3.9949605195843754,0.33617929396213014,-0.28857918414188877,13128
2020-12-22,ET,90,034_base_7var_seasonal_ARconvlstm_90d_compact_1layer,0.31566336377630083,0.2350070225424974,13128,1.2374256626005067,-2.811456349590266,0.31566336377630083,0.2350070225424974,13128
2020-12-23,ET,90,034_base_7var_seasonal_ARconvlstm_90d_compact_1layer,0.5184486323269591,0.04202894359042719,13128,1.0444150330104776,-0.3835649337404887,0.5184486323269591,0.04202894359042719,13128
2020-12-24,ET,90,034_base_7var_seasonal_ARconvlstm_90d_compact_1layer,0.4613252520340447,0.2616716192967893,13128,0.9413902420960836,-0.5732035781241214,0.4613252520340447,0.2616716192967893,13128
2020-12-25,ET,90,034_base_7var_seasonal_ARconvlstm_90d_compact_1layer,0.34363758755306684,-0.35349072747204535,13128,1.256409123650319,-4.356959684990868,0.34363758755306684,-0.35349072747204535,13128
2020-12-26,ET,90,034_base_7var_seasonal_ARconvlstm_90d_compact_1layer,0.3438498259356048,-0.2849244359273382,13128,1.1937115607931388,-3.622542115661166,0.3438498259356048,-0.2849244359273382,13128
2020-12-27,ET,90,034_base_7var_seasonal_ARconvlstm_90d_compact_1layer,0.32303536831278645,-0.023551615731360664,13128,1.1599472163605298,-2.978441749430149,0.32303536831278645,-0.023551615731360664,13128
2020-12-28,ET,90,034_base_7var_seasonal_ARconvlstm_90d_compact_1layer,0.3287978021942671,-0.1584549563526787,13128,0.8688938889796629,-2.2587763557444562,0.3287978021942671,-0.1584549563526787,13128
2020-12-29,ET,90,034_base_7var_seasonal_ARconvlstm_90d_compact_1layer,0.3299886615910828,0.27380505237882724,13128,0.773740323565659,-0.8514015846323901,0.3299886615910828,0.27380505237882724,13128
2020-12-30,ET,90,034_base_7var_seasonal_ARconvlstm_90d_compact_1layer,0.3935133876998311,0.22490933461446017,13128,0.7205177915259611,-0.18423961063161332,0.3935133876998311,0.22490933461446017,13128
2020-12-31,ET,90,034_base_7var_seasonal_ARconvlstm_90d_compact_1layer,0.6812556243185046,0.1116348124167662,13128,0.7747644573774956,0.43057321106856894,0.6812556243185046,0.1116348124167662,13128
2020-01-01,SM,7,007_base_7var_weekly_DEconvlstm_7d_low_lr_wd_hidden48,0.04115695592751199,0.8710295761947802,13149,0.031823815975763003,0.9145220318160842,0.04115695592751199,0.8710295761947802,13149
2020-01-02,SM,7,007_base_7var_weekly_DEconvlstm_7d_low_lr_wd_hidden48,0.040826259980876,0.8758169845808843,13149,0.03204455065124059,0.8991772957130827,0.040826259980876,0.8758169845808843,13149
2020-01-03,SM,7,007_base_7var_weekly_DEconvlstm_7d_low_lr_wd_hidden48,0.036869551403989384,0.8946714045771343,13149,0.031674458919619855,0.8880627643012603,0.036869551403989384,0.8946714045771343,13149
2020-01-04,SM,7,007_base_7var_weekly_DEconvlstm_7d_low_lr_wd_hidden48,0.03680093098077591,0.8940653669877741,13149,0.029080864093686327,0.9042857303715849,0.03680093098077591,0.8940653669877741,13149
2020-01-05,SM,7,007_base_7var_weekly_DEconvlstm_7d_low_lr_wd_hidden48,0.03786342606665963,0.8844828410025126,13149,0.023643992488931488,0.951365924303675,0.03786342606665963,0.8844828410025126,13149
2020-01-06,SM,7,007_base_7var_weekly_DEconvlstm_7d_low_lr_wd_hidden48,0.040292391300295174,0.8648581394101807,13149,0.026497280826144748,0.919058747892798,0.040292391300295174,0.8648581394101807,13149
2020-01-07,SM,7,007_base_7var_weekly_DEconvlstm_7d_low_lr_wd_hidden48,0.04161587197102694,0.8615904084327011,13149,0.021399877537777695,0.9503879010243894,0.04161587197102694,0.8615904084327011,13149
2020-01-08,SM,7,007_base_7var_weekly_DEconvlstm_7d_low_lr_wd_hidden48,0.04267651827324839,0.8616298057641985,13149,0.01772832927257409,0.9630326976312356,0.04267651827324839,0.8616298057641985,13149
2020-01-09,SM,7,007_base_7var_weekly_DEconvlstm_7d_low_lr_wd_hidden48,0.04534897581123408,0.8464812216116582,13149,0.019349470277881423,0.9553327082313176,0.04534897581123408,0.8464812216116582,13149
2020-01-10,SM,7,007_base_7var_weekly_DEconvlstm_7d_low_lr_wd_hidden48,0.043915872679195285,0.8537121548417321,13149,0.018233015970509553,0.95986149599324,0.043915872679195285,0.8537121548417321,13149
2020-01-11,SM,7,007_base_7var_weekly_DEconvlstm_7d_low_lr_wd_hidden48,0.04047676667860419,0.8698851876393953,13149,0.02668679137369253,0.8897365914163936,0.04047676667860419,0.8698851876393953,13149
2020-01-12,SM,7,007_base_7var_weekly_DEconvlstm_7d_low_lr_wd_hidden48,0.036598626510350354,0.8768031075791692,13149,0.024378240703696687,0.8889208442004948,0.036598626510350354,0.8768031075791692,13149
2020-01-13,SM,7,007_base_7var_weekly_DEconvlstm_7d_low_lr_wd_hidden48,0.036317969903219456,0.8731219249567248,13149,0.024469104420150847,0.8805357003535768,0.036317969903219456,0.8731219249567248,13149
2020-01-14,SM,7,007_base_7var_weekly_DEconvlstm_7d_low_lr_wd_hidden48,0.03715871836140711,0.8113685253462046,13149,0.022717040908234662,0.8919031486860967,0.03715871836140711,0.8113685253462046,13149
2020-01-15,SM,7,007_base_7var_weekly_DEconvlstm_7d_low_lr_wd_hidden48,0.039723135554471385,0.7740010951600631,13149,0.02070509534033691,0.9068703518371652,0.039723135554471385,0.7740010951600631,13149
2020-01-16,SM,7,007_base_7var_weekly_DEconvlstm_7d_low_lr_wd_hidden48,0.03970309090749061,0.7781433204626205,13149,0.021440056323158988,0.9107976367019475,0.03970309090749061,0.7781433204626205,13149
2020-01-17,SM,7,007_base_7var_weekly_DEconvlstm_7d_low_lr_wd_hidden48,0.04655934975814556,0.7862715175778361,13149,0.04168750808614996,0.8536374464255696,0.04655934975814556,0.7862715175778361,13149
2020-01-18,SM,7,007_base_7var_weekly_DEconvlstm_7d_low_lr_wd_hidden48,0.04949625879721999,0.8016856353719548,13149,0.038956483591917036,0.9020547083002443,0.04949625879721999,0.8016856353719548,13149
2020-01-19,SM,7,007_base_7var_weekly_DEconvlstm_7d_low_lr_wd_hidden48,0.04565473871735267,0.8153054448129332,13149,0.03105814528274725,0.9282318866364991,0.04565473871735267,0.8153054448129332,13149
2020-01-20,SM,7,007_base_7var_weekly_DEconvlstm_7d_low_lr_wd_hidden48,0.04448873853720738,0.8138420971068393,13149,0.027620055708839568,0.938881228004342,0.04448873853720738,0.8138420971068393,13149
2020-01-21,SM,7,007_base_7var_weekly_DEconvlstm_7d_low_lr_wd_hidden48,0.04179474599376851,0.8447285389889586,13149,0.0265712073973515,0.9444340831019785,0.04179474599376851,0.8447285389889586,13149
2020-01-22,SM,7,007_base_7var_weekly_DEconvlstm_7d_low_lr_wd_hidden48,0.04353931407006085,0.8403924761578021,13149,0.03210984284512647,0.9135021096053169,0.04353931407006085,0.8403924761578021,13149
2020-01-23,SM,7,007_base_7var_weekly_DEconvlstm_7d_low_lr_wd_hidden48,0.044899045762899305,0.8020388040802453,13149,0.030039920844929093,0.9144712311964595,0.044899045762899305,0.8020388040802453,13149
2020-01-24,SM,7,007_base_7var_weekly_DEconvlstm_7d_low_lr_wd_hidden48,0.037699250028464644,0.850155224189935,13149,0.023420425569829848,0.9656555216228653,0.037699250028464644,0.850155224189935,13149
2020-01-25,SM,7,007_base_7var_weekly_DEconvlstm_7d_low_lr_wd_hidden48,0.03842640591202022,0.8439477532508544,13149,0.023785253117550108,0.9479518009171602,0.03842640591202022,0.8439477532508544,13149
2020-01-26,SM,7,007_base_7var_weekly_DEconvlstm_7d_low_lr_wd_hidden48,0.03789074659037725,0.8352763024520019,13149,0.018175927791699433,0.952405418027185,0.03789074659037725,0.8352763024520019,13149
2020-01-27,SM,7,007_base_7var_weekly_DEconvlstm_7d_low_lr_wd_hidden48,0.04120435949905395,0.801119976104042,13149,0.016279124679590112,0.9625613767251828,0.04120435949905395,0.801119976104042,13149
2020-01-28,SM,7,007_base_7var_weekly_DEconvlstm_7d_low_lr_wd_hidden48,0.03920880988130998,0.7948908181063281,13149,0.018787132652004324,0.9751762245445186,0.03920880988130998,0.7948908181063281,13149
2020-01-29,SM,7,007_base_7var_weekly_DEconvlstm_7d_low_lr_wd_hidden48,0.03857429954651646,0.8124961503109003,13149,0.020510601337344708,0.9728758911244914,0.03857429954651646,0.8124961503109003,13149
2020-01-30,SM,7,007_base_7var_weekly_DEconvlstm_7d_low_lr_wd_hidden48,0.03657651781932473,0.8470349340743286,13149,0.020211746946760124,0.9571114163910853,0.03657651781932473,0.8470349340743286,13149
2020-01-31,SM,7,007_base_7var_weekly_DEconvlstm_7d_low_lr_wd_hidden48,0.03657134143952716,0.8472801446423839,13149,0.018093151339704815,0.9674719265197445,0.03657134143952716,0.8472801446423839,13149
2020-02-01,SM,7,007_base_7var_weekly_DEconvlstm_7d_low_lr_wd_hidden48,0.03744198130135937,0.8457062079084823,13149,0.016527739633377503,0.971593174374221,0.03744198130135937,0.8457062079084823,13149
2020-02-02,SM,7,007_base_7var_weekly_DEconvlstm_7d_low_lr_wd_hidden48,0.035807393160176504,0.8785939552376277,13149,0.016974377075671496,0.9646339163110529,0.035807393160176504,0.8785939552376277,13149
2020-02-03,SM,7,007_base_7var_weekly_DEconvlstm_7d_low_lr_wd_hidden48,0.03393708444126164,0.8873060093351336,13149,0.016734505692815278,0.9640395798408784,0.03393708444126164,0.8873060093351336,13149
2020-02-04,SM,7,007_base_7var_weekly_DEconvlstm_7d_low_lr_wd_hidden48,0.03474600329278994,0.9174360580546838,13149,0.020574117944814053,0.9444830128286195,0.03474600329278994,0.9174360580546838,13149
2020-02-05,SM,7,007_base_7var_weekly_DEconvlstm_7d_low_lr_wd_hidden48,0.03599325815893768,0.9187995434662461,13149,0.022806248728792035,0.9385380346949584,0.03599325815893768,0.9187995434662461,13149
2020-02-06,SM,7,007_base_7var_weekly_DEconvlstm_7d_low_lr_wd_hidden48,0.038033962821796226,0.9065723135026367,13149,0.0192156701670979,0.9734217015837603,0.038033962821796226,0.9065723135026367,13149
2020-02-07,SM,7,007_base_7var_weekly_DEconvlstm_7d_low_lr_wd_hidden48,0.039944544584637684,0.8964286290496561,13149,0.019267559331407655,0.9773824187983532,0.039944544584637684,0.8964286290496561,13149
2020-02-08,SM,7,007_base_7var_weekly_DEconvlstm_7d_low_lr_wd_hidden48,0.039637337112320134,0.8940796674967334,13149,0.016649109893301647,0.9816695715211643,0.039637337112320134,0.8940796674967334,13149
2020-02-09,SM,7,007_base_7var_weekly_DEconvlstm_7d_low_lr_wd_hidden48,0.03825983485648843,0.9005374946260247,13149,0.015416882606813115,0.9766215220131403,0.03825983485648843,0.9005374946260247,13149
2020-02-10,SM,7,007_base_7var_weekly_DEconvlstm_7d_low_lr_wd_hidden48,0.038093958896511106,0.8915377602304811,13149,0.01649445006976506,0.9815416900323419,0.038093958896511106,0.8915377602304811,13149
2020-02-11,SM,7,007_base_7var_weekly_DEconvlstm_7d_low_lr_wd_hidden48,0.040585290676150625,0.8668772606097908,13149,0.023116470781231455,0.9594914616641551,0.040585290676150625,0.8668772606097908,13149
2020-02-12,SM,7,007_base_7var_weekly_DEconvlstm_7d_low_lr_wd_hidden48,0.045419576924266174,0.839312150896045,13149,0.030679495179265943,0.9304450521043562,0.045419576924266174,0.839312150896045,13149
2020-02-13,SM,7,007_base_7var_weekly_DEconvlstm_7d_low_lr_wd_hidden48,0.042462408197389494,0.8508293077018435,13149,0.02685442236234557,0.9504952543398415,0.042462408197389494,0.8508293077018435,13149
2020-02-14,SM,7,007_base_7var_weekly_DEconvlstm_7d_low_lr_wd_hidden48,0.044653777375162004,0.8249526740734008,13149,0.022085910961329815,0.963051168117488,0.044653777375162004,0.8249526740734008,13149
2020-02-15,SM,7,007_base_7var_weekly_DEconvlstm_7d_low_lr_wd_hidden48,0.043987327678300846,0.8281230167472544,13149,0.021260495519679627,0.9570792331736878,0.043987327678300846,0.8281230167472544,13149
2020-02-16,SM,7,007_base_7var_weekly_DEconvlstm_7d_low_lr_wd_hidden48,0.04059572512348864,0.8342838232809108,13149,0.0189454487606927,0.9577347282102178,0.04059572512348864,0.8342838232809108,13149
2020-02-17,SM,7,007_base_7var_weekly_DEconvlstm_7d_low_lr_wd_hidden48,0.0374225751481786,0.8375193575802222,13149,0.015537174133928954,0.9766028531608493,0.0374225751481786,0.8375193575802222,13149
2020-02-18,SM,7,007_base_7var_weekly_DEconvlstm_7d_low_lr_wd_hidden48,0.03708904866319757,0.8272790992813508,13149,0.018253755410276278,0.9661334826667486,0.03708904866319757,0.8272790992813508,13149
2020-02-19,SM,7,007_base_7var_weekly_DEconvlstm_7d_low_lr_wd_hidden48,0.03508990031060423,0.8708838454136578,13149,0.023098907714153356,0.937064771247485,0.03508990031060423,0.8708838454136578,13149
2020-02-20,SM,7,007_base_7var_weekly_DEconvlstm_7d_low_lr_wd_hidden48,0.039224380005383815,0.8252219009508585,13149,0.020571313273118806,0.9571068200420543,0.039224380005383815,0.8252219009508585,13149
2020-02-21,SM,7,007_base_7var_weekly_DEconvlstm_7d_low_lr_wd_hidden48,0.03926343163370144,0.8134002750000998,13149,0.019681253156968923,0.9604867905553177,0.03926343163370144,0.8134002750000998,13149
2020-02-22,SM,7,007_base_7var_weekly_DEconvlstm_7d_low_lr_wd_hidden48,0.03961508003206649,0.8056253061437691,13149,0.019757951197215417,0.9609471527355347,0.03961508003206649,0.8056253061437691,13149
2020-02-23,SM,7,007_base_7var_weekly_DEconvlstm_7d_low_lr_wd_hidden48,0.038809863606829025,0.8188105898221671,13149,0.018125904650796384,0.9670533630211633,0.038809863606829025,0.8188105898221671,13149
2020-02-24,SM,7,007_base_7var_weekly_DEconvlstm_7d_low_lr_wd_hidden48,0.04651071385673686,0.7715112790789079,13149,0.024342527346926456,0.9406760467190052,0.04651071385673686,0.7715112790789079,13149
2020-02-25,SM,7,007_base_7var_weekly_DEconvlstm_7d_low_lr_wd_hidden48,0.045993187376009,0.7760561024889497,13149,0.021866751770633918,0.9556448833551828,0.045993187376009,0.7760561024889497,13149
2020-02-26,SM,7,007_base_7var_weekly_DEconvlstm_7d_low_lr_wd_hidden48,0.04429051439991888,0.7916920196509386,13149,0.02141305259919332,0.9713673585236984,0.04429051439991888,0.7916920196509386,13149
2020-02-27,SM,7,007_base_7var_weekly_DEconvlstm_7d_low_lr_wd_hidden48,0.046909676184929354,0.774020143894594,13149,0.025390946397304805,0.9465900615692829,0.046909676184929354,0.774020143894594,13149
2020-02-28,SM,7,007_base_7var_weekly_DEconvlstm_7d_low_lr_wd_hidden48,0.047858589206691365,0.7538588133480669,13149,0.021293631498558882,0.9598865015389263,0.047858589206691365,0.7538588133480669,13149
2020-03-01,SM,7,007_base_7var_weekly_DEconvlstm_7d_low_lr_wd_hidden48,0.047542469357518116,0.734151542119023,13149,0.021315339531725635,0.960825257444896,0.047542469357518116,0.734151542119023,13149
2020-03-02,SM,7,007_base_7var_weekly_DEconvlstm_7d_low_lr_wd_hidden48,0.042755716323740305,0.7713214549908278,13149,0.019354278037059032,0.9600039284649451,0.042755716323740305,0.7713214549908278,13149
2020-03-03,SM,7,007_base_7var_weekly_DEconvlstm_7d_low_lr_wd_hidden48,0.03841714317082267,0.8280432872047991,13149,0.02585724663827765,0.8854906285922743,0.03841714317082267,0.8280432872047991,13149
2020-03-04,SM,7,007_base_7var_weekly_DEconvlstm_7d_low_lr_wd_hidden48,0.049509843156382,0.7914746649162858,13149,0.03859586073485758,0.8707256632291169,0.049509843156382,0.7914746649162858,13149
2020-03-05,SM,7,007_base_7var_weekly_DEconvlstm_7d_low_lr_wd_hidden48,0.05347763756930426,0.7589820152121474,13149,0.04161307982246219,0.8787440209425428,0.05347763756930426,0.7589820152121474,13149
2020-03-06,SM,7,007_base_7var_weekly_DEconvlstm_7d_low_lr_wd_hidden48,0.047015754520918586,0.7991977607857802,13149,0.03666398370235697,0.8839916709995665,0.047015754520918586,0.7991977607857802,13149
2020-03-07,SM,7,007_base_7var_weekly_DEconvlstm_7d_low_lr_wd_hidden48,0.04466973496851052,0.8111737033059734,13149,0.03479824549892662,0.8873294811242476,0.04466973496851052,0.8111737033059734,13149
2020-03-08,SM,7,007_base_7var_weekly_DEconvlstm_7d_low_lr_wd_hidden48,0.044885016721239984,0.8082092703736096,13149,0.03646125712466896,0.8838144538976,0.044885016721239984,0.8082092703736096,13149
2020-03-09,SM,7,007_base_7var_weekly_DEconvlstm_7d_low_lr_wd_hidden48,0.050830302786195554,0.7739173547663416,13149,0.03960899353326327,0.8883107385018434,0.050830302786195554,0.7739173547663416,13149
2020-03-10,SM,7,007_base_7var_weekly_DEconvlstm_7d_low_lr_wd_hidden48,0.046067010055963524,0.804543871745303,13149,0.03562245808311584,0.899962965791699,0.046067010055963524,0.804543871745303,13149
2020-03-11,SM,7,007_base_7var_weekly_DEconvlstm_7d_low_lr_wd_hidden48,0.039334592004072494,0.8368883568667448,13149,0.03655536425989512,0.9017960733620257,0.039334592004072494,0.8368883568667448,13149
2020-03-12,SM,7,007_base_7var_weekly_DEconvlstm_7d_low_lr_wd_hidden48,0.04039645578427723,0.8110904920889235,13149,0.03896384334438696,0.8822385030146802,0.04039645578427723,0.8110904920889235,13149
2020-03-13,SM,7,007_base_7var_weekly_DEconvlstm_7d_low_lr_wd_hidden48,0.04373381531063866,0.7833534811360482,13149,0.031495419800835915,0.9163121076093107,0.04373381531063866,0.7833534811360482,13149
2020-03-14,SM,7,007_base_7var_weekly_DEconvlstm_7d_low_lr_wd_hidden48,0.05655836051746586,0.7081351352228056,13149,0.03936430219761519,0.8876680581829648,0.05655836051746586,0.7081351352228056,13149
2020-03-15,SM,7,007_base_7var_weekly_DEconvlstm_7d_low_lr_wd_hidden48,0.051002278944550915,0.7368054776885498,13149,0.03712311713132373,0.8911035365625957,0.051002278944550915,0.7368054776885498,13149
2020-03-16,SM,7,007_base_7var_weekly_DEconvlstm_7d_low_lr_wd_hidden48,0.05085516489184635,0.7432281264367964,13149,0.03579418802214724,0.8918163358406845,0.05085516489184635,0.7432281264367964,13149
2020-03-17,SM,7,007_base_7var_weekly_DEconvlstm_7d_low_lr_wd_hidden48,0.04693191614278842,0.7688771207962293,13149,0.03244260930574989,0.8993450664776499,0.04693191614278842,0.7688771207962293,13149
2020-03-18,SM,7,007_base_7var_weekly_DEconvlstm_7d_low_lr_wd_hidden48,0.051379186529769146,0.7391128583666458,13149,0.04362215320870417,0.8652645319240833,0.051379186529769146,0.7391128583666458,13149
2020-03-19,SM,7,007_base_7var_weekly_DEconvlstm_7d_low_lr_wd_hidden48,0.05420594835811342,0.7074703988615854,13149,0.04232023206454524,0.8689377963654176,0.05420594835811342,0.7074703988615854,13149
2020-03-20,SM,7,007_base_7var_weekly_DEconvlstm_7d_low_lr_wd_hidden48,0.051643075400672075,0.7160330320008479,13149,0.036924683947223425,0.8836269630505353,0.051643075400672075,0.7160330320008479,13149
2020-03-21,SM,7,007_base_7var_weekly_DEconvlstm_7d_low_lr_wd_hidden48,0.05107357140528363,0.7359173143491284,13149,0.03681868612300393,0.9017970546735974,0.05107357140528363,0.7359173143491284,13149
2020-03-22,SM,7,007_base_7var_weekly_DEconvlstm_7d_low_lr_wd_hidden48,0.05005424875024802,0.716289374821489,13149,0.03792155477127339,0.8740112794176904,0.05005424875024802,0.716289374821489,13149
2020-03-23,SM,7,007_base_7var_weekly_DEconvlstm_7d_low_lr_wd_hidden48,0.039814509533293,0.7848748593667321,13149,0.0306752193194361,0.9265902823332659,0.039814509533293,0.7848748593667321,13149
2020-03-24,SM,7,007_base_7var_weekly_DEconvlstm_7d_low_lr_wd_hidden48,0.037198139305917824,0.7940545683690099,13149,0.026315747583653577,0.9357733547001682,0.037198139305917824,0.7940545683690099,13149
2020-03-25,SM,7,007_base_7var_weekly_DEconvlstm_7d_low_lr_wd_hidden48,0.0351343119803387,0.8186513321827041,13149,0.033728862646352865,0.8943099586448494,0.0351343119803387,0.8186513321827041,13149
2020-03-26,SM,7,007_base_7var_weekly_DEconvlstm_7d_low_lr_wd_hidden48,0.03298005854887866,0.8786157090998629,13149,0.03406172989628958,0.8604305931040334,0.03298005854887866,0.8786157090998629,13149
2020-03-27,SM,7,007_base_7var_weekly_DEconvlstm_7d_low_lr_wd_hidden48,0.03402118847904139,0.8848058679656586,13149,0.03309638237152823,0.8474328109645204,0.03402118847904139,0.8848058679656586,13149
2020-03-28,SM,7,007_base_7var_weekly_DEconvlstm_7d_low_lr_wd_hidden48,0.03875893830925186,0.8508290974633674,13149,0.031245442918033512,0.8652066164758043,0.03875893830925186,0.8508290974633674,13149
2020-03-29,SM,7,007_base_7var_weekly_DEconvlstm_7d_low_lr_wd_hidden48,0.03807196054352004,0.8654572503590623,13149,0.035976541245312764,0.8341235265346563,0.03807196054352004,0.8654572503590623,13149
2020-03-30,SM,7,007_base_7var_weekly_DEconvlstm_7d_low_lr_wd_hidden48,0.03607791726166576,0.8841441211878716,13149,0.029141555827920787,0.8719525708141639,0.03607791726166576,0.8841441211878716,13149
2020-03-31,SM,7,007_base_7var_weekly_DEconvlstm_7d_low_lr_wd_hidden48,0.03448021332230007,0.8898546624686526,13149,0.02606072124240433,0.926334494995102,0.03448021332230007,0.8898546624686526,13149
2020-04-01,SM,7,007_base_7var_weekly_DEconvlstm_7d_low_lr_wd_hidden48,0.03238211831293194,0.9080492671330281,13149,0.024303499914990864,0.914179340779856,0.03238211831293194,0.9080492671330281,13149
2020-04-02,SM,7,007_base_7var_weekly_DEconvlstm_7d_low_lr_wd_hidden48,0.032905540593789466,0.8953141907600336,13149,0.02177195778884576,0.9203405443405952,0.032905540593789466,0.8953141907600336,13149
2020-04-03,SM,7,007_base_7var_weekly_DEconvlstm_7d_low_lr_wd_hidden48,0.033749034442003216,0.9015647003895245,13149,0.01863564839348752,0.9596162294913733,0.033749034442003216,0.9015647003895245,13149
2020-04-04,SM,7,007_base_7var_weekly_DEconvlstm_7d_low_lr_wd_hidden48,0.03926975478055918,0.8662664523005115,13149,0.03144828354763532,0.9170861975442878,0.03926975478055918,0.8662664523005115,13149
2020-04-05,SM,7,007_base_7var_weekly_DEconvlstm_7d_low_lr_wd_hidden48,0.04206815853657944,0.8232882341498482,13149,0.03466869973749353,0.9000590684230608,0.04206815853657944,0.8232882341498482,13149
2020-04-06,SM,7,007_base_7var_weekly_DEconvlstm_7d_low_lr_wd_hidden48,0.03671992319369625,0.8675864020553791,13149,0.027997720449797623,0.9307579272364909,0.03671992319369625,0.8675864020553791,13149
2020-04-07,SM,7,007_base_7var_weekly_DEconvlstm_7d_low_lr_wd_hidden48,0.03932261739176839,0.8576675692447275,13149,0.030206548266349848,0.8983395043489785,0.03932261739176839,0.8576675692447275,13149
2020-04-08,SM,7,007_base_7var_weekly_DEconvlstm_7d_low_lr_wd_hidden48,0.0375112456753059,0.8654465924754107,13149,0.026689156909065304,0.9153495691929302,0.0375112456753059,0.8654465924754107,13149
2020-04-09,SM,7,007_base_7var_weekly_DEconvlstm_7d_low_lr_wd_hidden48,0.033234574663306336,0.8829953573542071,13149,0.025199770800324976,0.9122542816615506,0.033234574663306336,0.8829953573542071,13149
2020-04-10,SM,7,007_base_7var_weekly_DEconvlstm_7d_low_lr_wd_hidden48,0.032705027713033005,0.8910654833691776,13149,0.029723890354558902,0.8897380771302227,0.032705027713033005,0.8910654833691776,13149
2020-04-11,SM,7,007_base_7var_weekly_DEconvlstm_7d_low_lr_wd_hidden48,0.02919839230176546,0.9022627387891229,13149,0.031149211825788697,0.8345490472455066,0.02919839230176546,0.9022627387891229,13149
2020-04-12,SM,7,007_base_7var_weekly_DEconvlstm_7d_low_lr_wd_hidden48,0.033558279659661044,0.884225741692136,13149,0.030621387159198633,0.9101600622478646,0.033558279659661044,0.884225741692136,13149
2020-04-13,SM,7,007_base_7var_weekly_DEconvlstm_7d_low_lr_wd_hidden48,0.03143892148584631,0.9002673774443151,13149,0.02522959819275444,0.9323397724362688,0.03143892148584631,0.9002673774443151,13149
2020-04-14,SM,7,007_base_7var_weekly_DEconvlstm_7d_low_lr_wd_hidden48,0.031984746633829476,0.9030295516028691,13149,0.022497923851674415,0.9421174778702375,0.031984746633829476,0.9030295516028691,13149
2020-04-15,SM,7,007_base_7var_weekly_DEconvlstm_7d_low_lr_wd_hidden48,0.030743135119202618,0.9071961562234573,13149,0.01948419725503697,0.95483693671727,0.030743135119202618,0.9071961562234573,13149
2020-04-16,SM,7,007_base_7var_weekly_DEconvlstm_7d_low_lr_wd_hidden48,0.03297273026442956,0.8918921714378444,13149,0.017175599753385475,0.967132110746436,0.03297273026442956,0.8918921714378444,13149
2020-04-17,SM,7,007_base_7var_weekly_DEconvlstm_7d_low_lr_wd_hidden48,0.03444296816127147,0.8771576711343831,13149,0.021994423068933018,0.9444167754967754,0.03444296816127147,0.8771576711343831,13149
2020-04-18,SM,7,007_base_7var_weekly_DEconvlstm_7d_low_lr_wd_hidden48,0.03061862612861381,0.9032434336347941,13149,0.019189438158535962,0.9571389187149787,0.03061862612861381,0.9032434336347941,13149
2020-04-19,SM,7,007_base_7var_weekly_DEconvlstm_7d_low_lr_wd_hidden48,0.027785191927543154,0.9214483360303684,13149,0.023874371073992977,0.9034680054111262,0.027785191927543154,0.9214483360303684,13149
2020-04-20,SM,7,007_base_7var_weekly_DEconvlstm_7d_low_lr_wd_hidden48,0.027934542404947544,0.9115282972576547,13149,0.0217119208702048,0.9237722390121003,0.027934542404947544,0.9115282972576547,13149
2020-04-21,SM,7,007_base_7var_weekly_DEconvlstm_7d_low_lr_wd_hidden48,0.028534117011172436,0.9091512968471288,13149,0.021210117892524805,0.9144437501547287,0.028534117011172436,0.9091512968471288,13149
2020-04-22,SM,7,007_base_7var_weekly_DEconvlstm_7d_low_lr_wd_hidden48,0.029800042710197906,0.8921627791774404,13149,0.022978318529129394,0.9430904088878919,0.029800042710197906,0.8921627791774404,13149
2020-04-23,SM,7,007_base_7var_weekly_DEconvlstm_7d_low_lr_wd_hidden48,0.03672116316714867,0.8492584405057692,13149,0.029603872439463066,0.8937924187712584,0.03672116316714867,0.8492584405057692,13149
2020-04-24,SM,7,007_base_7var_weekly_DEconvlstm_7d_low_lr_wd_hidden48,0.034605353561260606,0.8726420134110502,13149,0.025154204048810906,0.9384218631208392,0.034605353561260606,0.8726420134110502,13149
2020-04-25,SM,7,007_base_7var_weekly_DEconvlstm_7d_low_lr_wd_hidden48,0.03784394502960502,0.8497848767048413,13149,0.024282483832606106,0.9320266956821615,0.03784394502960502,0.8497848767048413,13149
2020-04-26,SM,7,007_base_7var_weekly_DEconvlstm_7d_low_lr_wd_hidden48,0.03608731763803846,0.868743340610363,13149,0.02269789977699394,0.9443576587242895,0.03608731763803846,0.868743340610363,13149
2020-04-27,SM,7,007_base_7var_weekly_DEconvlstm_7d_low_lr_wd_hidden48,0.03205246257342694,0.8885289384228483,13149,0.023435356870665218,0.936266805809593,0.03205246257342694,0.8885289384228483,13149
2020-04-28,SM,7,007_base_7var_weekly_DEconvlstm_7d_low_lr_wd_hidden48,0.0301780471317679,0.8972249029406626,13149,0.022182837176829943,0.9417741488550273,0.0301780471317679,0.8972249029406626,13149
2020-04-29,SM,7,007_base_7var_weekly_DEconvlstm_7d_low_lr_wd_hidden48,0.031201826632329874,0.8841510280479625,13149,0.02314558899635426,0.933886406823581,0.031201826632329874,0.8841510280479625,13149
2020-04-30,SM,7,007_base_7var_weekly_DEconvlstm_7d_low_lr_wd_hidden48,0.03031097925510869,0.8934311011364449,13149,0.028820838231458066,0.9004990146002002,0.03031097925510869,0.8934311011364449,13149
2020-05-01,SM,7,007_base_7var_weekly_DEconvlstm_7d_low_lr_wd_hidden48,0.033366468634314896,0.8754916684267231,13149,0.02782639783117838,0.9043195854029056,0.033366468634314896,0.8754916684267231,13149
2020-05-02,SM,7,007_base_7var_weekly_DEconvlstm_7d_low_lr_wd_hidden48,0.0332351445599711,0.8738096891214167,13149,0.030059851284512457,0.8699833931579363,0.0332351445599711,0.8738096891214167,13149
2020-05-03,SM,7,007_base_7var_weekly_DEconvlstm_7d_low_lr_wd_hidden48,0.03531888562303818,0.8627424950139786,13149,0.030041586199227262,0.8931519497333285,0.03531888562303818,0.8627424950139786,13149
2020-05-04,SM,7,007_base_7var_weekly_DEconvlstm_7d_low_lr_wd_hidden48,0.04336252250009405,0.8223151699668779,13149,0.03520055820134216,0.876391212826977,0.04336252250009405,0.8223151699668779,13149
2020-05-05,SM,7,007_base_7var_weekly_DEconvlstm_7d_low_lr_wd_hidden48,0.04239754441105838,0.8405483296991253,13149,0.0357591879556146,0.8634136713062247,0.04239754441105838,0.8405483296991253,13149
2020-05-06,SM,7,007_base_7var_weekly_DEconvlstm_7d_low_lr_wd_hidden48,0.04237099034010977,0.8074139080181364,13149,0.03455356897029007,0.8739296217883592,0.04237099034010977,0.8074139080181364,13149
2020-05-07,SM,7,007_base_7var_weekly_DEconvlstm_7d_low_lr_wd_hidden48,0.037402072635682744,0.840674579528252,13149,0.03247284081943403,0.8841540110183853,0.037402072635682744,0.840674579528252,13149
2020-05-08,SM,7,007_base_7var_weekly_DEconvlstm_7d_low_lr_wd_hidden48,0.03136320025125739,0.9024547969688217,13149,0.03148590825439711,0.8914253962753168,0.03136320025125739,0.9024547969688217,13149
2020-05-09,SM,7,007_base_7var_weekly_DEconvlstm_7d_low_lr_wd_hidden48,0.032373103562168874,0.8959418598801561,13149,0.02923157379005581,0.8992044664525388,0.032373103562168874,0.8959418598801561,13149
2020-05-10,SM,7,007_base_7var_weekly_DEconvlstm_7d_low_lr_wd_hidden48,0.03314349581682573,0.8848343831012411,13149,0.029364443247988425,0.9074933148204369,0.03314349581682573,0.8848343831012411,13149
2020-05-11,SM,7,007_base_7var_weekly_DEconvlstm_7d_low_lr_wd_hidden48,0.036504558619407775,0.8498895959678415,13149,0.02992990008322469,0.8897826352216002,0.036504558619407775,0.8498895959678415,13149
2020-05-12,SM,7,007_base_7var_weekly_DEconvlstm_7d_low_lr_wd_hidden48,0.0409606204756568,0.8445325578023505,13149,0.04076640516211574,0.8482283097887794,0.0409606204756568,0.8445325578023505,13149
2020-05-13,SM,7,007_base_7var_weekly_DEconvlstm_7d_low_lr_wd_hidden48,0.04144523560468715,0.8327853208742086,13149,0.039704828871180736,0.8405281522321594,0.04144523560468715,0.8327853208742086,13149
2020-05-14,SM,7,007_base_7var_weekly_DEconvlstm_7d_low_lr_wd_hidden48,0.03845596180562781,0.8531091218022979,13149,0.0382753438293364,0.8443015306533787,0.03845596180562781,0.8531091218022979,13149
2020-05-15,SM,7,007_base_7var_weekly_DEconvlstm_7d_low_lr_wd_hidden48,0.03725045197410621,0.8621263258365455,13149,0.03342014816701623,0.8985755034945049,0.03725045197410621,0.8621263258365455,13149
2020-05-16,SM,7,007_base_7var_weekly_DEconvlstm_7d_low_lr_wd_hidden48,0.048737106557367287,0.775057688283963,13149,0.05602025386930555,0.7422301999031087,0.048737106557367287,0.775057688283963,13149
2020-05-17,SM,7,007_base_7var_weekly_DEconvlstm_7d_low_lr_wd_hidden48,0.049751017462963024,0.7253455149026896,13149,0.05391970525509873,0.7311960734856644,0.049751017462963024,0.7253455149026896,13149
2020-05-18,SM,7,007_base_7var_weekly_DEconvlstm_7d_low_lr_wd_hidden48,0.041256150557812545,0.7719860837305424,13149,0.04328125539285594,0.7925941434509653,0.041256150557812545,0.7719860837305424,13149
2020-05-19,SM,7,007_base_7var_weekly_DEconvlstm_7d_low_lr_wd_hidden48,0.035402891359700685,0.8557970669880125,13149,0.037163558709256674,0.8726116332881073,0.035402891359700685,0.8557970669880125,13149
2020-05-20,SM,7,007_base_7var_weekly_DEconvlstm_7d_low_lr_wd_hidden48,0.03463305952811968,0.8541008316300565,13149,0.031436993440279414,0.8810571719176757,0.03463305952811968,0.8541008316300565,13149
2020-05-21,SM,7,007_base_7var_weekly_DEconvlstm_7d_low_lr_wd_hidden48,0.03779499668728183,0.8449449883306825,13149,0.031234083259255273,0.8777421346986592,0.03779499668728183,0.8449449883306825,13149
2020-05-22,SM,7,007_base_7var_weekly_DEconvlstm_7d_low_lr_wd_hidden48,0.03395151748179004,0.8745748991814981,13149,0.03471566478835278,0.8914862157008163,0.03395151748179004,0.8745748991814981,13149
2020-05-23,SM,7,007_base_7var_weekly_DEconvlstm_7d_low_lr_wd_hidden48,0.03504687732588356,0.863382863569379,13149,0.04934040298174403,0.8108461386047883,0.03504687732588356,0.863382863569379,13149
2020-05-24,SM,7,007_base_7var_weekly_DEconvlstm_7d_low_lr_wd_hidden48,0.03378259958375761,0.8633139066125203,13149,0.0421260067945392,0.8441395282845259,0.03378259958375761,0.8633139066125203,13149
2020-05-25,SM,7,007_base_7var_weekly_DEconvlstm_7d_low_lr_wd_hidden48,0.043909107345564975,0.7565285714615183,13149,0.04713428967819063,0.8002340172737653,0.043909107345564975,0.7565285714615183,13149
2020-05-26,SM,7,007_base_7var_weekly_DEconvlstm_7d_low_lr_wd_hidden48,0.04260777551365335,0.7687137970689353,13149,0.049090752821268444,0.7476609161261645,0.04260777551365335,0.7687137970689353,13149
2020-05-27,SM,7,007_base_7var_weekly_DEconvlstm_7d_low_lr_wd_hidden48,0.03711891965901716,0.8218876237198095,13149,0.042290216805832205,0.7734978910354419,0.03711891965901716,0.8218876237198095,13149
2020-05-28,SM,7,007_base_7var_weekly_DEconvlstm_7d_low_lr_wd_hidden48,0.03508728991017804,0.8233336294214932,13149,0.03907369615671506,0.7820136853727975,0.03508728991017804,0.8233336294214932,13149
2020-05-29,SM,7,007_base_7var_weekly_DEconvlstm_7d_low_lr_wd_hidden48,0.04039133679521999,0.8402428556388428,13149,0.03269837251596352,0.883023608147419,0.04039133679521999,0.8402428556388428,13149
2020-05-30,SM,7,007_base_7var_weekly_DEconvlstm_7d_low_lr_wd_hidden48,0.03865738578133265,0.855601563612064,13149,0.03081915061526644,0.9205969945431337,0.03865738578133265,0.855601563612064,13149
2020-05-31,SM,7,007_base_7var_weekly_DEconvlstm_7d_low_lr_wd_hidden48,0.03897666780556154,0.8565009164380146,13149,0.032440684537163395,0.9059340544760388,0.03897666780556154,0.8565009164380146,13149
2020-06-01,SM,7,007_base_7var_weekly_DEconvlstm_7d_low_lr_wd_hidden48,0.047506169021980835,0.8088219191874857,13149,0.04933927782190165,0.747009745346753,0.047506169021980835,0.8088219191874857,13149
2020-06-02,SM,7,007_base_7var_weekly_DEconvlstm_7d_low_lr_wd_hidden48,0.04640041895057366,0.8040120278863274,13149,0.05062770931866871,0.6764903837770974,0.04640041895057366,0.8040120278863274,13149
2020-06-03,SM,7,007_base_7var_weekly_DEconvlstm_7d_low_lr_wd_hidden48,0.04458346734541165,0.8023582183612694,13149,0.042997560563304414,0.716948317228872,0.04458346734541165,0.8023582183612694,13149
2020-06-04,SM,7,007_base_7var_weekly_DEconvlstm_7d_low_lr_wd_hidden48,0.04288783583121552,0.8079959666389632,13149,0.039588713503566964,0.7437503905233567,0.04288783583121552,0.8079959666389632,13149
2020-06-05,SM,7,007_base_7var_weekly_DEconvlstm_7d_low_lr_wd_hidden48,0.040266100557336704,0.8222438996414613,13149,0.03711296113460853,0.75340536487336,0.040266100557336704,0.8222438996414613,13149
2020-06-06,SM,7,007_base_7var_weekly_DEconvlstm_7d_low_lr_wd_hidden48,0.042155672060894364,0.7977608409543995,13149,0.03412277176672957,0.7489273370095405,0.042155672060894364,0.7977608409543995,13149
2020-06-07,SM,7,007_base_7var_weekly_DEconvlstm_7d_low_lr_wd_hidden48,0.042365865028347736,0.7792203230774022,13149,0.03370988493085757,0.7122688846671752,0.042365865028347736,0.7792203230774022,13149
2020-06-08,SM,7,007_base_7var_weekly_DEconvlstm_7d_low_lr_wd_hidden48,0.04429892872403898,0.7435438742345388,13149,0.037030349897490114,0.6456803829323006,0.04429892872403898,0.7435438742345388,13149
2020-06-09,SM,7,007_base_7var_weekly_DEconvlstm_7d_low_lr_wd_hidden48,0.04505327925006885,0.7557332840300512,13149,0.04017619577023677,0.7137804251854054,0.04505327925006885,0.7557332840300512,13149
2020-06-10,SM,7,007_base_7var_weekly_DEconvlstm_7d_low_lr_wd_hidden48,0.04445706845981676,0.7539117957529679,13149,0.044528017855325244,0.7989003290857055,0.04445706845981676,0.7539117957529679,13149
2020-06-11,SM,7,007_base_7var_weekly_DEconvlstm_7d_low_lr_wd_hidden48,0.03984073902566395,0.7932576249451396,13149,0.03539219768279265,0.8267533083645757,0.03984073902566395,0.7932576249451396,13149
2020-06-12,SM,7,007_base_7var_weekly_DEconvlstm_7d_low_lr_wd_hidden48,0.0370017348403644,0.7999126029745636,13149,0.03264696408208164,0.8090299616471724,0.0370017348403644,0.7999126029745636,13149
2020-06-13,SM,7,007_base_7var_weekly_DEconvlstm_7d_low_lr_wd_hidden48,0.03304690856023574,0.8192748440193011,13149,0.029002193192534546,0.8102779812518698,0.03304690856023574,0.8192748440193011,13149
2020-06-14,SM,7,007_base_7var_weekly_DEconvlstm_7d_low_lr_wd_hidden48,0.03394722676299846,0.8078417854368701,13149,0.025591497707440194,0.8133044286313406,0.03394722676299846,0.8078417854368701,13149
2020-06-15,SM,7,007_base_7var_weekly_DEconvlstm_7d_low_lr_wd_hidden48,0.030956749397410572,0.8181921815440594,13149,0.02258073588932714,0.8280991905216346,0.030956749397410572,0.8181921815440594,13149
2020-06-16,SM,7,007_base_7var_weekly_DEconvlstm_7d_low_lr_wd_hidden48,0.033062384276561364,0.8054890619891646,13149,0.02761936576959133,0.7608009087926897,0.033062384276561364,0.8054890619891646,13149
2020-06-17,SM,7,007_base_7var_weekly_DEconvlstm_7d_low_lr_wd_hidden48,0.03759570167078679,0.7339464554265855,13149,0.044959270934559245,0.47465566148099747,0.03759570167078679,0.7339464554265855,13149
2020-06-18,SM,7,007_base_7var_weekly_DEconvlstm_7d_low_lr_wd_hidden48,0.03720490448666306,0.7604925564600447,13149,0.03615279916180704,0.6656379636915636,0.03720490448666306,0.7604925564600447,13149
2020-06-19,SM,7,007_base_7var_weekly_DEconvlstm_7d_low_lr_wd_hidden48,0.03651444046414547,0.7271587099362156,13149,0.033345861747468335,0.8435991853757083,0.03651444046414547,0.7271587099362156,13149
2020-06-20,SM,7,007_base_7var_weekly_DEconvlstm_7d_low_lr_wd_hidden48,0.0512503047614543,0.5730145241802161,13149,0.04997686980216133,0.6540452773446517,0.0512503047614543,0.5730145241802161,13149
2020-06-21,SM,7,007_base_7var_weekly_DEconvlstm_7d_low_lr_wd_hidden48,0.04805660076179512,0.5750358410038277,13149,0.046443454119371376,0.6683458357803326,0.04805660076179512,0.5750358410038277,13149
2020-06-22,SM,7,007_base_7var_weekly_DEconvlstm_7d_low_lr_wd_hidden48,0.05352139610130029,0.491459451155541,13149,0.053489212102650154,0.5843200652897522,0.05352139610130029,0.491459451155541,13149
2020-06-23,SM,7,007_base_7var_weekly_DEconvlstm_7d_low_lr_wd_hidden48,0.05399749107712232,0.46825812481373497,13149,0.056827288244333696,0.5528165934470483,0.05399749107712232,0.46825812481373497,13149
2020-06-24,SM,7,007_base_7var_weekly_DEconvlstm_7d_low_lr_wd_hidden48,0.04991951450171974,0.4984102532835929,13149,0.053983620226154765,0.5691188181112823,0.04991951450171974,0.4984102532835929,13149
2020-06-25,SM,7,007_base_7var_weekly_DEconvlstm_7d_low_lr_wd_hidden48,0.04498965129988566,0.5581152962561526,13149,0.049963773927136516,0.6116510304605758,0.04498965129988566,0.5581152962561526,13149
2020-06-26,SM,7,007_base_7var_weekly_DEconvlstm_7d_low_lr_wd_hidden48,0.03805971299797923,0.6342579486667098,13149,0.04332618237733523,0.7599177916650257,0.03805971299797923,0.6342579486667098,13149
2020-06-27,SM,7,007_base_7var_weekly_DEconvlstm_7d_low_lr_wd_hidden48,0.03813671199314941,0.6422901017452265,13149,0.04545424032261853,0.7431451575468684,0.03813671199314941,0.6422901017452265,13149
2020-06-28,SM,7,007_base_7var_weekly_DEconvlstm_7d_low_lr_wd_hidden48,0.03939534410354158,0.65065163110131,13149,0.04260194415628472,0.7740309793293624,0.03939534410354158,0.65065163110131,13149
2020-06-29,SM,7,007_base_7var_weekly_DEconvlstm_7d_low_lr_wd_hidden48,0.03533538952986894,0.7099421166860154,13149,0.0456415892869238,0.6811491955170343,0.03533538952986894,0.7099421166860154,13149
2020-06-30,SM,7,007_base_7var_weekly_DEconvlstm_7d_low_lr_wd_hidden48,0.03510215780425355,0.7647995247040584,13149,0.046738140090238016,0.6331180323832456,0.03510215780425355,0.7647995247040584,13149
2020-07-01,SM,7,007_base_7var_weekly_DEconvlstm_7d_low_lr_wd_hidden48,0.03364309385643467,0.7816307396529839,13149,0.044655845188420584,0.684188199627557,0.03364309385643467,0.7816307396529839,13149
2020-07-02,SM,7,007_base_7var_weekly_DEconvlstm_7d_low_lr_wd_hidden48,0.037377843391461496,0.7713687940770109,13149,0.04222280857797325,0.7073339434887854,0.037377843391461496,0.7713687940770109,13149
2020-07-03,SM,7,007_base_7var_weekly_DEconvlstm_7d_low_lr_wd_hidden48,0.04013145376492605,0.733076037052597,13149,0.04205959562993513,0.7389106822769076,0.04013145376492605,0.733076037052597,13149
2020-07-04,SM,7,007_base_7var_weekly_DEconvlstm_7d_low_lr_wd_hidden48,0.03791590351216466,0.7629064553954865,13149,0.039773108100424955,0.7312213524037269,0.03791590351216466,0.7629064553954865,13149
2020-07-05,SM,7,007_base_7var_weekly_DEconvlstm_7d_low_lr_wd_hidden48,0.04289779837906053,0.6953516417282628,13149,0.041190842317146786,0.6739118430680098,0.04289779837906053,0.6953516417282628,13149
2020-07-06,SM,7,007_base_7var_weekly_DEconvlstm_7d_low_lr_wd_hidden48,0.03903156479921997,0.7138467234543687,13149,0.0370924699829017,0.724147669973558,0.03903156479921997,0.7138467234543687,13149
2020-07-07,SM,7,007_base_7var_weekly_DEconvlstm_7d_low_lr_wd_hidden48,0.039807851854690934,0.6934934944308394,13149,0.03853504952425121,0.7453232983502484,0.039807851854690934,0.6934934944308394,13149
2020-07-08,SM,7,007_base_7var_weekly_DEconvlstm_7d_low_lr_wd_hidden48,0.037408437892453746,0.7112544319226499,13149,0.0370625093470325,0.7518041076394122,0.037408437892453746,0.7112544319226499,13149
2020-07-09,SM,7,007_base_7var_weekly_DEconvlstm_7d_low_lr_wd_hidden48,0.03614960212785751,0.6893907166925712,13149,0.03701780333208874,0.7731590249790994,0.03614960212785751,0.6893907166925712,13149
2020-07-10,SM,7,007_base_7var_weekly_DEconvlstm_7d_low_lr_wd_hidden48,0.03435314377532142,0.7032318714830026,13149,0.03806561577110213,0.7784394845382676,0.03435314377532142,0.7032318714830026,13149
2020-07-11,SM,7,007_base_7var_weekly_DEconvlstm_7d_low_lr_wd_hidden48,0.035744613669555066,0.6938264605346212,13149,0.04039060437478999,0.7335796760798401,0.035744613669555066,0.6938264605346212,13149
2020-07-12,SM,7,007_base_7var_weekly_DEconvlstm_7d_low_lr_wd_hidden48,0.033757030678439694,0.7749791905515221,13149,0.04087003084611847,0.7003825429578674,0.033757030678439694,0.7749791905515221,13149
2020-07-13,SM,7,007_base_7var_weekly_DEconvlstm_7d_low_lr_wd_hidden48,0.03478476739979282,0.7937689509353869,13149,0.040107956873091134,0.6961041262256028,0.03478476739979282,0.7937689509353869,13149
2020-07-14,SM,7,007_base_7var_weekly_DEconvlstm_7d_low_lr_wd_hidden48,0.03729272236504321,0.766625349018651,13149,0.04269058430057852,0.69177555468278,0.03729272236504321,0.766625349018651,13149
2020-07-15,SM,7,007_base_7var_weekly_DEconvlstm_7d_low_lr_wd_hidden48,0.03467931777481931,0.7448846077396376,13149,0.044791416141195556,0.6550218051335501,0.03467931777481931,0.7448846077396376,13149
2020-07-16,SM,7,007_base_7var_weekly_DEconvlstm_7d_low_lr_wd_hidden48,0.03741996486840169,0.7306838109591978,13149,0.0421926475791092,0.7275685320534028,0.03741996486840169,0.7306838109591978,13149
2020-07-17,SM,7,007_base_7var_weekly_DEconvlstm_7d_low_lr_wd_hidden48,0.03311049496705867,0.7288438068076204,13149,0.037062989070513065,0.7633852994384398,0.03311049496705867,0.7288438068076204,13149
2020-07-18,SM,7,007_base_7var_weekly_DEconvlstm_7d_low_lr_wd_hidden48,0.02981581558281092,0.7758711177324173,13149,0.03723378288282756,0.7082513074415367,0.02981581558281092,0.7758711177324173,13149
2020-07-19,SM,7,007_base_7var_weekly_DEconvlstm_7d_low_lr_wd_hidden48,0.033220644571051984,0.7134254883552196,13149,0.0418895170962342,0.6826043841260765,0.033220644571051984,0.7134254883552196,13149
2020-07-20,SM,7,007_base_7var_weekly_DEconvlstm_7d_low_lr_wd_hidden48,0.03632818146357257,0.6711747992710739,13149,0.041746340300590365,0.7110751506029525,0.03632818146357257,0.6711747992710739,13149
2020-07-21,SM,7,007_base_7var_weekly_DEconvlstm_7d_low_lr_wd_hidden48,0.04880720415880485,0.551088102104859,13149,0.049551810947161594,0.6369103535410577,0.04880720415880485,0.551088102104859,13149
2020-07-22,SM,7,007_base_7var_weekly_DEconvlstm_7d_low_lr_wd_hidden48,0.04322308096844761,0.6223222357431635,13149,0.039194904798562934,0.7774372156138243,0.04322308096844761,0.6223222357431635,13149
2020-07-23,SM,7,007_base_7var_weekly_DEconvlstm_7d_low_lr_wd_hidden48,0.03726585904723651,0.6743483319616724,13149,0.035189019655606606,0.8150223223381505,0.03726585904723651,0.6743483319616724,13149
2020-07-24,SM,7,007_base_7var_weekly_DEconvlstm_7d_low_lr_wd_hidden48,0.037451076551496265,0.6867698402830954,13149,0.034789597507917915,0.7899750040380374,0.037451076551496265,0.6867698402830954,13149
2020-07-25,SM,7,007_base_7var_weekly_DEconvlstm_7d_low_lr_wd_hidden48,0.03893518592642501,0.6409637466078095,13149,0.03890074825004152,0.7190729213349945,0.03893518592642501,0.6409637466078095,13149
2020-07-26,SM,7,007_base_7var_weekly_DEconvlstm_7d_low_lr_wd_hidden48,0.04757341389303642,0.5466181877389074,13149,0.05075759663647822,0.6015269596667954,0.04757341389303642,0.5466181877389074,13149
2020-07-27,SM,7,007_base_7var_weekly_DEconvlstm_7d_low_lr_wd_hidden48,0.05749895998120734,0.520513423385246,13149,0.05870030255837218,0.5930836518477351,0.05749895998120734,0.520513423385246,13149
2020-07-28,SM,7,007_base_7var_weekly_DEconvlstm_7d_low_lr_wd_hidden48,0.05329164637701796,0.5938939195575965,13149,0.0567301489741774,0.6905436777564682,0.05329164637701796,0.5938939195575965,13149
2020-07-29,SM,7,007_base_7var_weekly_DEconvlstm_7d_low_lr_wd_hidden48,0.050776450567388116,0.611772975687755,13149,0.05413653979432199,0.6928944005141134,0.050776450567388116,0.611772975687755,13149
2020-07-30,SM,7,007_base_7var_weekly_DEconvlstm_7d_low_lr_wd_hidden48,0.05132277306606405,0.5673611544809749,13149,0.05613687450152076,0.6446275275612579,0.05132277306606405,0.5673611544809749,13149
2020-07-31,SM,7,007_base_7var_weekly_DEconvlstm_7d_low_lr_wd_hidden48,0.05099276768151605,0.53703496294071,13149,0.05566558139055927,0.6168257780098949,0.05099276768151605,0.53703496294071,13149
2020-08-01,SM,7,007_base_7var_weekly_DEconvlstm_7d_low_lr_wd_hidden48,0.043858590064729544,0.5858817828760181,13149,0.051086104747341717,0.6382475040647477,0.043858590064729544,0.5858817828760181,13149
2020-08-02,SM,7,007_base_7var_weekly_DEconvlstm_7d_low_lr_wd_hidden48,0.038686201462088794,0.6492367353562778,13149,0.04525466553093357,0.7381827774704892,0.038686201462088794,0.6492367353562778,13149
2020-08-03,SM,7,007_base_7var_weekly_DEconvlstm_7d_low_lr_wd_hidden48,0.03431992481209022,0.7381865265577107,13149,0.04598812929043637,0.6549925038340556,0.03431992481209022,0.7381865265577107,13149
2020-08-04,SM,7,007_base_7var_weekly_DEconvlstm_7d_low_lr_wd_hidden48,0.03531081483813339,0.7509114755775255,13149,0.044057512030007386,0.646201818845984,0.03531081483813339,0.7509114755775255,13149
2020-08-05,SM,7,007_base_7var_weekly_DEconvlstm_7d_low_lr_wd_hidden48,0.03374461313837308,0.7974520569947308,13149,0.04165701376170046,0.6789182420059882,0.03374461313837308,0.7974520569947308,13149
2020-08-06,SM,7,007_base_7var_weekly_DEconvlstm_7d_low_lr_wd_hidden48,0.036011706340487296,0.7931226328626718,13149,0.046985228363716436,0.590782398477069,0.036011706340487296,0.7931226328626718,13149
2020-08-07,SM,7,007_base_7var_weekly_DEconvlstm_7d_low_lr_wd_hidden48,0.033842545269315634,0.7898001035948004,13149,0.043991483662540534,0.6133903847157849,0.033842545269315634,0.7898001035948004,13149
2020-08-08,SM,7,007_base_7var_weekly_DEconvlstm_7d_low_lr_wd_hidden48,0.03590002332989175,0.791484875510152,13149,0.03869405098277324,0.6610442003416688,0.03590002332989175,0.791484875510152,13149
2020-08-09,SM,7,007_base_7var_weekly_DEconvlstm_7d_low_lr_wd_hidden48,0.03255513257844877,0.8073708425655884,13149,0.034744166379353736,0.7075561448420281,0.03255513257844877,0.8073708425655884,13149
2020-08-10,SM,7,007_base_7var_weekly_DEconvlstm_7d_low_lr_wd_hidden48,0.03345970205352162,0.784523486677317,13149,0.03334655230402965,0.7846129962127817,0.03345970205352162,0.784523486677317,13149
2020-08-11,SM,7,007_base_7var_weekly_DEconvlstm_7d_low_lr_wd_hidden48,0.034235123717802136,0.7569230976407815,13149,0.031925834642336164,0.8315998356507112,0.034235123717802136,0.7569230976407815,13149
2020-08-12,SM,7,007_base_7var_weekly_DEconvlstm_7d_low_lr_wd_hidden48,0.033160569324875884,0.7914128746168663,13149,0.028577905709109185,0.8494542512800154,0.033160569324875884,0.7914128746168663,13149
2020-08-13,SM,7,007_base_7var_weekly_DEconvlstm_7d_low_lr_wd_hidden48,0.03657871559612502,0.7783451822168814,13149,0.027828646758401486,0.841904114465611,0.03657871559612502,0.7783451822168814,13149
2020-08-14,SM,7,007_base_7var_weekly_DEconvlstm_7d_low_lr_wd_hidden48,0.03637885029730699,0.7706192694748387,13149,0.02616729420837076,0.8384613377047514,0.03637885029730699,0.7706192694748387,13149
2020-08-15,SM,7,007_base_7var_weekly_DEconvlstm_7d_low_lr_wd_hidden48,0.03695074170151895,0.7557232384420826,13149,0.022737984871806404,0.8673522421015695,0.03695074170151895,0.7557232384420826,13149
2020-08-16,SM,7,007_base_7var_weekly_DEconvlstm_7d_low_lr_wd_hidden48,0.038191293931229685,0.7331298063205515,13149,0.022431709938888628,0.853824163148502,0.038191293931229685,0.7331298063205515,13149
2020-08-17,SM,7,007_base_7var_weekly_DEconvlstm_7d_low_lr_wd_hidden48,0.0394635555128332,0.732234794313597,13149,0.031927798482953046,0.8125706376600261,0.0394635555128332,0.732234794313597,13149
2020-08-18,SM,7,007_base_7var_weekly_DEconvlstm_7d_low_lr_wd_hidden48,0.03917086138973202,0.7403149594544545,13149,0.030994654213010044,0.7912685530549307,0.03917086138973202,0.7403149594544545,13149
2020-08-19,SM,7,007_base_7var_weekly_DEconvlstm_7d_low_lr_wd_hidden48,0.041877144304991634,0.6858010348866985,13149,0.028871360641982008,0.7868607846200937,0.041877144304991634,0.6858010348866985,13149
2020-08-20,SM,7,007_base_7var_weekly_DEconvlstm_7d_low_lr_wd_hidden48,0.03752692197456385,0.6992451392275771,13149,0.02588392286250577,0.7884265402549158,0.03752692197456385,0.6992451392275771,13149
2020-08-21,SM,7,007_base_7var_weekly_DEconvlstm_7d_low_lr_wd_hidden48,0.034252285593630506,0.7409852618000934,13149,0.02358365132177494,0.8060167158141265,0.034252285593630506,0.7409852618000934,13149
2020-08-22,SM,7,007_base_7var_weekly_DEconvlstm_7d_low_lr_wd_hidden48,0.033327757774363136,0.7604062843610553,13149,0.02217122151433587,0.8467774541653468,0.033327757774363136,0.7604062843610553,13149
2020-08-23,SM,7,007_base_7var_weekly_DEconvlstm_7d_low_lr_wd_hidden48,0.03613420517150784,0.7417047727117244,13149,0.022019831099391516,0.8762940404684973,0.03613420517150784,0.7417047727117244,13149
2020-08-24,SM,7,007_base_7var_weekly_DEconvlstm_7d_low_lr_wd_hidden48,0.03614177775290339,0.7213603365264148,13149,0.028313402003238664,0.7370650304000943,0.03614177775290339,0.7213603365264148,13149
2020-08-25,SM,7,007_base_7var_weekly_DEconvlstm_7d_low_lr_wd_hidden48,0.03650920501094199,0.701626402060693,13149,0.023322378430534387,0.8057628909928551,0.03650920501094199,0.701626402060693,13149
2020-08-26,SM,7,007_base_7var_weekly_DEconvlstm_7d_low_lr_wd_hidden48,0.0370486378155571,0.6915462310279281,13149,0.018923762385402346,0.8559983657375171,0.0370486378155571,0.6915462310279281,13149
2020-08-27,SM,7,007_base_7var_weekly_DEconvlstm_7d_low_lr_wd_hidden48,0.03635051942043033,0.7142920891574818,13149,0.019968658967705707,0.8956860414470089,0.03635051942043033,0.7142920891574818,13149
2020-08-28,SM,7,007_base_7var_weekly_DEconvlstm_7d_low_lr_wd_hidden48,0.035792622721807235,0.7189343192397044,13149,0.018976116178389058,0.9020447010831848,0.035792622721807235,0.7189343192397044,13149
2020-08-29,SM,7,007_base_7var_weekly_DEconvlstm_7d_low_lr_wd_hidden48,0.03476777250122355,0.7415514006401229,13149,0.02694148249938002,0.7958783480479049,0.03476777250122355,0.7415514006401229,13149
2020-08-30,SM,7,007_base_7var_weekly_DEconvlstm_7d_low_lr_wd_hidden48,0.03837821712873503,0.6295514213036186,13149,0.03790532053383568,0.6782094831007501,0.03837821712873503,0.6295514213036186,13149
2020-08-31,SM,7,007_base_7var_weekly_DEconvlstm_7d_low_lr_wd_hidden48,0.03571910212887976,0.6325782842608023,13149,0.03416645786973789,0.7043503374930316,0.03571910212887976,0.6325782842608023,13149
2020-09-01,SM,7,007_base_7var_weekly_DEconvlstm_7d_low_lr_wd_hidden48,0.043623157509141246,0.5290395540175041,13149,0.045870015764527344,0.5638511516947862,0.043623157509141246,0.5290395540175041,13149
2020-09-02,SM,7,007_base_7var_weekly_DEconvlstm_7d_low_lr_wd_hidden48,0.0586711315705144,0.41320551137444217,13149,0.061605412662983396,0.42981495193980035,0.0586711315705144,0.41320551137444217,13149
2020-09-03,SM,7,007_base_7var_weekly_DEconvlstm_7d_low_lr_wd_hidden48,0.059181442133723075,0.39472908348377567,13149,0.05730594872065202,0.4910581466842199,0.059181442133723075,0.39472908348377567,13149
2020-09-04,SM,7,007_base_7var_weekly_DEconvlstm_7d_low_lr_wd_hidden48,0.05528843650739954,0.4246437557738001,13149,0.05230349395750589,0.531221218154807,0.05528843650739954,0.4246437557738001,13149
2020-09-05,SM,7,007_base_7var_weekly_DEconvlstm_7d_low_lr_wd_hidden48,0.05421729372509981,0.45530082583599696,13149,0.05020028889509492,0.6006566424029731,0.05421729372509981,0.45530082583599696,13149
2020-09-06,SM,7,007_base_7var_weekly_DEconvlstm_7d_low_lr_wd_hidden48,0.05186671304463898,0.4629438792704407,13149,0.04988214857635227,0.6415615070334282,0.05186671304463898,0.4629438792704407,13149
2020-09-07,SM,7,007_base_7var_weekly_DEconvlstm_7d_low_lr_wd_hidden48,0.04547262278852241,0.5343030525930605,13149,0.041456347564497176,0.7171308512964835,0.04547262278852241,0.5343030525930605,13149
2020-09-08,SM,7,007_base_7var_weekly_DEconvlstm_7d_low_lr_wd_hidden48,0.039996268901735285,0.6329662044724804,13149,0.041770458439098386,0.7415816893387739,0.039996268901735285,0.6329662044724804,13149
2020-09-09,SM,7,007_base_7var_weekly_DEconvlstm_7d_low_lr_wd_hidden48,0.06368557352388589,0.4706636609100634,13149,0.0647536643458295,0.6271370855548545,0.06368557352388589,0.4706636609100634,13149
2020-09-10,SM,7,007_base_7var_weekly_DEconvlstm_7d_low_lr_wd_hidden48,0.07774714720293842,0.50216134131679,13149,0.08216600211391066,0.596435967592021,0.07774714720293842,0.50216134131679,13149
2020-09-11,SM,7,007_base_7var_weekly_DEconvlstm_7d_low_lr_wd_hidden48,0.07132793723367034,0.5839539112319928,13149,0.07647908018737419,0.6246848313194129,0.07132793723367034,0.5839539112319928,13149
2020-09-12,SM,7,007_base_7var_weekly_DEconvlstm_7d_low_lr_wd_hidden48,0.060070451105175,0.6489442384478061,13149,0.06811966215685411,0.6578003428086111,0.060070451105175,0.6489442384478061,13149
2020-09-13,SM,7,007_base_7var_weekly_DEconvlstm_7d_low_lr_wd_hidden48,0.054044466892581265,0.6716224925136209,13149,0.06330169905475679,0.6553147818842068,0.054044466892581265,0.6716224925136209,13149
2020-09-14,SM,7,007_base_7var_weekly_DEconvlstm_7d_low_lr_wd_hidden48,0.04831269679126706,0.7003504452608997,13149,0.060728443468334274,0.667176788910316,0.04831269679126706,0.7003504452608997,13149
2020-09-15,SM,7,007_base_7var_weekly_DEconvlstm_7d_low_lr_wd_hidden48,0.04434337063080711,0.6514262913691735,13149,0.05539255185607662,0.6873705175619144,0.04434337063080711,0.6514262913691735,13149
2020-09-16,SM,7,007_base_7var_weekly_DEconvlstm_7d_low_lr_wd_hidden48,0.044164052096404255,0.6848967782420696,13149,0.045040670609932096,0.6833707447909798,0.044164052096404255,0.6848967782420696,13149
2020-09-17,SM,7,007_base_7var_weekly_DEconvlstm_7d_low_lr_wd_hidden48,0.05199727347214057,0.6855530744969478,13149,0.061372417392505846,0.5188624271135736,0.05199727347214057,0.6855530744969478,13149
2020-09-18,SM,7,007_base_7var_weekly_DEconvlstm_7d_low_lr_wd_hidden48,0.060107299954009624,0.6360772123941303,13149,0.05634172279056985,0.6320330480710086,0.060107299954009624,0.6360772123941303,13149
2020-09-19,SM,7,007_base_7var_weekly_DEconvlstm_7d_low_lr_wd_hidden48,0.060616784894936375,0.6134994250010721,13149,0.049622934463394254,0.6589048699548464,0.060616784894936375,0.6134994250010721,13149
2020-09-20,SM,7,007_base_7var_weekly_DEconvlstm_7d_low_lr_wd_hidden48,0.0645479905629752,0.573687709757547,13149,0.04316685288075719,0.679891120472297,0.0645479905629752,0.573687709757547,13149
2020-09-21,SM,7,007_base_7var_weekly_DEconvlstm_7d_low_lr_wd_hidden48,0.06254232445184459,0.6043642394954489,13149,0.04052757353486861,0.7545936224549521,0.06254232445184459,0.6043642394954489,13149
2020-09-22,SM,7,007_base_7var_weekly_DEconvlstm_7d_low_lr_wd_hidden48,0.06580077051809576,0.5769447771216456,13149,0.04326843967137995,0.7665550105340764,0.06580077051809576,0.5769447771216456,13149
2020-09-23,SM,7,007_base_7var_weekly_DEconvlstm_7d_low_lr_wd_hidden48,0.06935067710638944,0.5551250866561219,13149,0.0394792585399446,0.7794728872274174,0.06935067710638944,0.5551250866561219,13149
2020-09-24,SM,7,007_base_7var_weekly_DEconvlstm_7d_low_lr_wd_hidden48,0.06993391104669391,0.557564989871979,13149,0.03477808272850257,0.8221577315648476,0.06993391104669391,0.557564989871979,13149
2020-09-25,SM,7,007_base_7var_weekly_DEconvlstm_7d_low_lr_wd_hidden48,0.06361301058567129,0.558531271361983,13149,0.03451649766859023,0.8257594114772322,0.06361301058567129,0.558531271361983,13149
2020-09-26,SM,7,007_base_7var_weekly_DEconvlstm_7d_low_lr_wd_hidden48,0.0556449784721308,0.5626407206807694,13149,0.0297938773166114,0.851814818603009,0.0556449784721308,0.5626407206807694,13149
2020-09-27,SM,7,007_base_7var_weekly_DEconvlstm_7d_low_lr_wd_hidden48,0.04963011255111509,0.5972006442736156,13149,0.025590915072384087,0.8732757099802836,0.04963011255111509,0.5972006442736156,13149
2020-09-28,SM,7,007_base_7var_weekly_DEconvlstm_7d_low_lr_wd_hidden48,0.04369163239147677,0.6811756104387191,13149,0.023656088930776142,0.8933849597986387,0.04369163239147677,0.6811756104387191,13149
2020-09-29,SM,7,007_base_7var_weekly_DEconvlstm_7d_low_lr_wd_hidden48,0.03916878449159886,0.7701089123365288,13149,0.024978348986213643,0.7782069543839788,0.03916878449159886,0.7701089123365288,13149
2020-09-30,SM,7,007_base_7var_weekly_DEconvlstm_7d_low_lr_wd_hidden48,0.03789482646467038,0.7649457056149617,13149,0.025721497219587525,0.7426465554211117,0.03789482646467038,0.7649457056149617,13149
2020-10-01,SM,7,007_base_7var_weekly_DEconvlstm_7d_low_lr_wd_hidden48,0.03581980906270077,0.751512968504583,13149,0.02055092118426832,0.8016508214291478,0.03581980906270077,0.751512968504583,13149
2020-10-02,SM,7,007_base_7var_weekly_DEconvlstm_7d_low_lr_wd_hidden48,0.036373905572228755,0.7005159317721038,13149,0.01760751503031939,0.8332974475886276,0.036373905572228755,0.7005159317721038,13149
2020-10-03,SM,7,007_base_7var_weekly_DEconvlstm_7d_low_lr_wd_hidden48,0.035728382473966425,0.6980797272505236,13149,0.015206952655304381,0.864080423557616,0.035728382473966425,0.6980797272505236,13149
2020-10-04,SM,7,007_base_7var_weekly_DEconvlstm_7d_low_lr_wd_hidden48,0.03631237889166705,0.7225428676233931,13149,0.012947759472518122,0.8881338323145777,0.03631237889166705,0.7225428676233931,13149
2020-10-05,SM,7,007_base_7var_weekly_DEconvlstm_7d_low_lr_wd_hidden48,0.04236162482164384,0.6806586342288903,13149,0.01595876344423752,0.8326462483749779,0.04236162482164384,0.6806586342288903,13149
2020-10-06,SM,7,007_base_7var_weekly_DEconvlstm_7d_low_lr_wd_hidden48,0.04029419482792842,0.7113408093469583,13149,0.013873172130465603,0.8621555295083086,0.04029419482792842,0.7113408093469583,13149
2020-10-07,SM,7,007_base_7var_weekly_DEconvlstm_7d_low_lr_wd_hidden48,0.04347715781075897,0.6702213478826216,13149,0.012382316869983817,0.8808983731121528,0.04347715781075897,0.6702213478826216,13149
2020-10-08,SM,7,007_base_7var_weekly_DEconvlstm_7d_low_lr_wd_hidden48,0.038290012129988386,0.7173311344068728,13149,0.011258076394665343,0.8938550548920469,0.038290012129988386,0.7173311344068728,13149
2020-10-09,SM,7,007_base_7var_weekly_DEconvlstm_7d_low_lr_wd_hidden48,0.038269639374448154,0.7022934966158599,13149,0.010393933189609003,0.9039479366386596,0.038269639374448154,0.7022934966158599,13149
2020-10-10,SM,7,007_base_7var_weekly_DEconvlstm_7d_low_lr_wd_hidden48,0.040090578155751906,0.6841469778628408,13149,0.009784521192241645,0.9083791880075042,0.040090578155751906,0.6841469778628408,13149
2020-10-11,SM,7,007_base_7var_weekly_DEconvlstm_7d_low_lr_wd_hidden48,0.04095612188275618,0.6628359268939333,13149,0.009348715617671859,0.9102832675091121,0.04095612188275618,0.6628359268939333,13149
2020-10-12,SM,7,007_base_7var_weekly_DEconvlstm_7d_low_lr_wd_hidden48,0.04678044685577781,0.6182907252227094,13149,0.01616700093827914,0.9366032178049313,0.04678044685577781,0.6182907252227094,13149
2020-10-13,SM,7,007_base_7var_weekly_DEconvlstm_7d_low_lr_wd_hidden48,0.04464188700126719,0.6208394316321285,13149,0.014681863557786223,0.9455897693187861,0.04464188700126719,0.6208394316321285,13149
2020-10-14,SM,7,007_base_7var_weekly_DEconvlstm_7d_low_lr_wd_hidden48,0.0456891261317427,0.5827823376018315,13149,0.01271818771265983,0.9570744128444862,0.0456891261317427,0.5827823376018315,13149
2020-10-15,SM,7,007_base_7var_weekly_DEconvlstm_7d_low_lr_wd_hidden48,0.03725921481808875,0.6935481688485015,13149,0.0113052774926852,0.9634104040269115,0.03725921481808875,0.6935481688485015,13149
2020-10-16,SM,7,007_base_7var_weekly_DEconvlstm_7d_low_lr_wd_hidden48,0.03682327405524784,0.702951548273903,13149,0.012885557854227419,0.9532557200185973,0.03682327405524784,0.702951548273903,13149
2020-10-17,SM,7,007_base_7var_weekly_DEconvlstm_7d_low_lr_wd_hidden48,0.028378266697290936,0.822408948945746,13149,0.014734513517103628,0.9265901231488654,0.028378266697290936,0.822408948945746,13149
2020-10-18,SM,7,007_base_7var_weekly_DEconvlstm_7d_low_lr_wd_hidden48,0.02691133379939006,0.840177705356422,13149,0.012553753327151092,0.9457543597521658,0.02691133379939006,0.840177705356422,13149
2020-10-19,SM,7,007_base_7var_weekly_DEconvlstm_7d_low_lr_wd_hidden48,0.02774646230266448,0.8329279460665536,13149,0.01273475434144098,0.9379168651111764,0.02774646230266448,0.8329279460665536,13149
2020-10-20,SM,7,007_base_7var_weekly_DEconvlstm_7d_low_lr_wd_hidden48,0.02630583941187538,0.8456745203932374,13149,0.012385631785634874,0.9512722663077366,0.02630583941187538,0.8456745203932374,13149
2020-10-21,SM,7,007_base_7var_weekly_DEconvlstm_7d_low_lr_wd_hidden48,0.028571416441827285,0.8283126496435838,13149,0.01021022273593027,0.9706323414736795,0.028571416441827285,0.8283126496435838,13149
2020-10-22,SM,7,007_base_7var_weekly_DEconvlstm_7d_low_lr_wd_hidden48,0.028395813963219458,0.8281036112325255,13149,0.009390552248877457,0.9772287343228424,0.028395813963219458,0.8281036112325255,13149
2020-10-23,SM,7,007_base_7var_weekly_DEconvlstm_7d_low_lr_wd_hidden48,0.03286153987029028,0.7913423788157816,13149,0.018800565925949937,0.8775264492574928,0.03286153987029028,0.7913423788157816,13149
2020-10-24,SM,7,007_base_7var_weekly_DEconvlstm_7d_low_lr_wd_hidden48,0.03513619593674828,0.7677227928505275,13149,0.02446009043663494,0.8340712741374872,0.03513619593674828,0.7677227928505275,13149
2020-10-25,SM,7,007_base_7var_weekly_DEconvlstm_7d_low_lr_wd_hidden48,0.036523679966137305,0.7765271622496289,13149,0.020403910413810036,0.8599601909499495,0.036523679966137305,0.7765271622496289,13149
2020-10-26,SM,7,007_base_7var_weekly_DEconvlstm_7d_low_lr_wd_hidden48,0.03586215552043962,0.7740693860169199,13149,0.02320941449824374,0.8189203656859875,0.03586215552043962,0.7740693860169199,13149
2020-10-27,SM,7,007_base_7var_weekly_DEconvlstm_7d_low_lr_wd_hidden48,0.04091759673440943,0.6905586953348428,13149,0.033944299769557124,0.7071035398486046,0.04091759673440943,0.6905586953348428,13149
2020-10-28,SM,7,007_base_7var_weekly_DEconvlstm_7d_low_lr_wd_hidden48,0.044027571377946044,0.6494363589359791,13149,0.03970171182361498,0.6513931509740086,0.044027571377946044,0.6494363589359791,13149
2020-10-29,SM,7,007_base_7var_weekly_DEconvlstm_7d_low_lr_wd_hidden48,0.061679915077654364,0.46520840590127777,13149,0.07138116548901977,0.41889886549986644,0.061679915077654364,0.46520840590127777,13149
2020-10-30,SM,7,007_base_7var_weekly_DEconvlstm_7d_low_lr_wd_hidden48,0.055347159430164695,0.5823322612492818,13149,0.0660142799946974,0.5167324351013705,0.055347159430164695,0.5823322612492818,13149
2020-10-31,SM,7,007_base_7var_weekly_DEconvlstm_7d_low_lr_wd_hidden48,0.05043596371101512,0.6708500437420246,13149,0.05832454180556351,0.6045959441980555,0.05043596371101512,0.6708500437420246,13149
2020-11-01,SM,7,007_base_7var_weekly_DEconvlstm_7d_low_lr_wd_hidden48,0.049194079732494914,0.7002042352496748,13149,0.05312423034514312,0.6370190084784442,0.049194079732494914,0.7002042352496748,13149
2020-11-02,SM,7,007_base_7var_weekly_DEconvlstm_7d_low_lr_wd_hidden48,0.0483526084153509,0.7325280916732619,13149,0.04516346919639261,0.7234280373877653,0.0483526084153509,0.7325280916732619,13149
2020-11-03,SM,7,007_base_7var_weekly_DEconvlstm_7d_low_lr_wd_hidden48,0.05154900344821351,0.7097488414924448,13149,0.03884462621128857,0.8068546653469549,0.05154900344821351,0.7097488414924448,13149
2020-11-04,SM,7,007_base_7var_weekly_DEconvlstm_7d_low_lr_wd_hidden48,0.053906237599929775,0.6767555956360514,13149,0.03351965880138533,0.833256629058716,0.053906237599929775,0.6767555956360514,13149
2020-11-05,SM,7,007_base_7var_weekly_DEconvlstm_7d_low_lr_wd_hidden48,0.05951948087201386,0.6185884728334969,13149,0.035378732469077696,0.6916700441385327,0.05951948087201386,0.6185884728334969,13149
2020-11-06,SM,7,007_base_7var_weekly_DEconvlstm_7d_low_lr_wd_hidden48,0.06409004404938377,0.5798474284518929,13149,0.03227425379429785,0.758413956390272,0.06409004404938377,0.5798474284518929,13149
2020-11-07,SM,7,007_base_7var_weekly_DEconvlstm_7d_low_lr_wd_hidden48,0.06424715460360202,0.5647863910708676,13149,0.02655105297376323,0.8215005803246006,0.06424715460360202,0.5647863910708676,13149
2020-11-08,SM,7,007_base_7var_weekly_DEconvlstm_7d_low_lr_wd_hidden48,0.06405055175834364,0.5640975890427214,13149,0.02239926940122311,0.8669128518568708,0.06405055175834364,0.5640975890427214,13149
2020-11-09,SM,7,007_base_7var_weekly_DEconvlstm_7d_low_lr_wd_hidden48,0.06482112414476779,0.5508584744873373,13149,0.021038429769775883,0.9034566333807011,0.06482112414476779,0.5508584744873373,13149
2020-11-10,SM,7,007_base_7var_weekly_DEconvlstm_7d_low_lr_wd_hidden48,0.05620337860100309,0.6865083632411031,13149,0.028455188589785955,0.8797348965602214,0.05620337860100309,0.6865083632411031,13149
2020-11-11,SM,7,007_base_7var_weekly_DEconvlstm_7d_low_lr_wd_hidden48,0.05391972925162382,0.7064463102040349,13149,0.0287115239566839,0.8698727127383743,0.05391972925162382,0.7064463102040349,13149
2020-11-12,SM,7,007_base_7var_weekly_DEconvlstm_7d_low_lr_wd_hidden48,0.049285033310990246,0.7318760804948091,13149,0.02838605646353102,0.8690237786237776,0.049285033310990246,0.7318760804948091,13149
2020-11-13,SM,7,007_base_7var_weekly_DEconvlstm_7d_low_lr_wd_hidden48,0.044647774256447066,0.7600461669620442,13149,0.026794048533322547,0.8815775878550993,0.044647774256447066,0.7600461669620442,13149
2020-11-14,SM,7,007_base_7var_weekly_DEconvlstm_7d_low_lr_wd_hidden48,0.033176486159010435,0.8373097610949474,13149,0.026972369720840175,0.8705436064995702,0.033176486159010435,0.8373097610949474,13149
2020-11-15,SM,7,007_base_7var_weekly_DEconvlstm_7d_low_lr_wd_hidden48,0.034697006078130865,0.7982993374697417,13149,0.02637530852980649,0.870119709236868,0.034697006078130865,0.7982993374697417,13149
2020-11-16,SM,7,007_base_7var_weekly_DEconvlstm_7d_low_lr_wd_hidden48,0.03653989756540145,0.8113426595488286,13149,0.020041038491955064,0.9172485589333379,0.03653989756540145,0.8113426595488286,13149
2020-11-17,SM,7,007_base_7var_weekly_DEconvlstm_7d_low_lr_wd_hidden48,0.034644482318381443,0.8338788012731485,13149,0.013904756760707383,0.9331262200634418,0.034644482318381443,0.8338788012731485,13149
2020-11-18,SM,7,007_base_7var_weekly_DEconvlstm_7d_low_lr_wd_hidden48,0.03411551190780537,0.8387483508467733,13149,0.014818803038402592,0.9228484877874779,0.03411551190780537,0.8387483508467733,13149
2020-11-19,SM,7,007_base_7var_weekly_DEconvlstm_7d_low_lr_wd_hidden48,0.038603618750614015,0.8014582167561812,13149,0.014609161628014691,0.9178925190746935,0.038603618750614015,0.8014582167561812,13149
2020-11-20,SM,7,007_base_7var_weekly_DEconvlstm_7d_low_lr_wd_hidden48,0.04260554354281556,0.7558975212102881,13149,0.014220036656245674,0.9265213492503995,0.04260554354281556,0.7558975212102881,13149
2020-11-21,SM,7,007_base_7var_weekly_DEconvlstm_7d_low_lr_wd_hidden48,0.048603497467113066,0.7002577767578515,13149,0.014149779028591646,0.9211253571882935,0.048603497467113066,0.7002577767578515,13149
2020-11-22,SM,7,007_base_7var_weekly_DEconvlstm_7d_low_lr_wd_hidden48,0.04226197932081721,0.786407184684003,13149,0.01527580682239098,0.9615370907853974,0.04226197932081721,0.786407184684003,13149
2020-11-23,SM,7,007_base_7var_weekly_DEconvlstm_7d_low_lr_wd_hidden48,0.043859690132941345,0.7664928477499794,13149,0.01323671024761065,0.962027169653574,0.043859690132941345,0.7664928477499794,13149
2020-11-24,SM,7,007_base_7var_weekly_DEconvlstm_7d_low_lr_wd_hidden48,0.043080075630232716,0.7945192314902492,13149,0.013566997363126368,0.9190149285199167,0.043080075630232716,0.7945192314902492,13149
2020-11-25,SM,7,007_base_7var_weekly_DEconvlstm_7d_low_lr_wd_hidden48,0.04466691577266946,0.7769022290333295,13149,0.031214765742085343,0.759959775294196,0.04466691577266946,0.7769022290333295,13149
2020-11-26,SM,7,007_base_7var_weekly_DEconvlstm_7d_low_lr_wd_hidden48,0.04325425161857674,0.8026253290467926,13149,0.026148046034590675,0.8036249644399435,0.04325425161857674,0.8026253290467926,13149
2020-11-27,SM,7,007_base_7var_weekly_DEconvlstm_7d_low_lr_wd_hidden48,0.03836969669053917,0.827139777507649,13149,0.024672351492711513,0.8183492505173151,0.03836969669053917,0.827139777507649,13149
2020-11-28,SM,7,007_base_7var_weekly_DEconvlstm_7d_low_lr_wd_hidden48,0.03591287302942497,0.8008860796305902,13149,0.033587527743851486,0.7698650008119159,0.03591287302942497,0.8008860796305902,13149
2020-11-29,SM,7,007_base_7var_weekly_DEconvlstm_7d_low_lr_wd_hidden48,0.04256640503695675,0.7304119327420849,13149,0.04569955900983673,0.7404725143349484,0.04256640503695675,0.7304119327420849,13149
2020-11-30,SM,7,007_base_7var_weekly_DEconvlstm_7d_low_lr_wd_hidden48,0.03649884351112895,0.7821246539006772,13149,0.03781501701264363,0.7892261190325278,0.03649884351112895,0.7821246539006772,13149
2020-12-01,SM,7,007_base_7var_weekly_DEconvlstm_7d_low_lr_wd_hidden48,0.03477348358748082,0.81190929735807,13149,0.032578595992676374,0.8361602179496512,0.03477348358748082,0.81190929735807,13149
2020-12-02,SM,7,007_base_7var_weekly_DEconvlstm_7d_low_lr_wd_hidden48,0.033262354744331944,0.8558058139583331,13149,0.03136480006565434,0.9098566307469688,0.033262354744331944,0.8558058139583331,13149
2020-12-03,SM,7,007_base_7var_weekly_DEconvlstm_7d_low_lr_wd_hidden48,0.036093848501820576,0.8276097386948525,13149,0.029859218512633713,0.8744168939945121,0.036093848501820576,0.8276097386948525,13149
2020-12-04,SM,7,007_base_7var_weekly_DEconvlstm_7d_low_lr_wd_hidden48,0.0391480546771628,0.834846936115098,13149,0.025597017440317792,0.8894166835166539,0.0391480546771628,0.834846936115098,13149
2020-12-05,SM,7,007_base_7var_weekly_DEconvlstm_7d_low_lr_wd_hidden48,0.046458381815161286,0.7977510661087607,13149,0.01590559753307759,0.9597435538393211,0.046458381815161286,0.7977510661087607,13149
2020-12-06,SM,7,007_base_7var_weekly_DEconvlstm_7d_low_lr_wd_hidden48,0.04673323783632127,0.7898794267437335,13149,0.023103438326937616,0.9311826495704993,0.04673323783632127,0.7898794267437335,13149
2020-12-07,SM,7,007_base_7var_weekly_DEconvlstm_7d_low_lr_wd_hidden48,0.04607563563726099,0.7924587061234295,13149,0.016954025303439983,0.9647732382211722,0.04607563563726099,0.7924587061234295,13149
2020-12-08,SM,7,007_base_7var_weekly_DEconvlstm_7d_low_lr_wd_hidden48,0.05197781964121146,0.7357329329305653,13149,0.014357200338010167,0.9699964539727205,0.05197781964121146,0.7357329329305653,13149
2020-12-09,SM,7,007_base_7var_weekly_DEconvlstm_7d_low_lr_wd_hidden48,0.05395002701376965,0.6994861445288505,13149,0.013712320759597626,0.9510072496034745,0.05395002701376965,0.6994861445288505,13149
2020-12-10,SM,7,007_base_7var_weekly_DEconvlstm_7d_low_lr_wd_hidden48,0.05571585027942765,0.6828261893393672,13149,0.017119723413383182,0.8809455149973426,0.05571585027942765,0.6828261893393672,13149
2020-12-11,SM,7,007_base_7var_weekly_DEconvlstm_7d_low_lr_wd_hidden48,0.051773291298185295,0.7199494344982182,13149,0.016565038886980188,0.9170437561207074,0.051773291298185295,0.7199494344982182,13149
2020-12-12,SM,7,007_base_7var_weekly_DEconvlstm_7d_low_lr_wd_hidden48,0.04581533984274218,0.7800961574475583,13149,0.015363535382325285,0.9619292969844457,0.04581533984274218,0.7800961574475583,13149
2020-12-13,SM,7,007_base_7var_weekly_DEconvlstm_7d_low_lr_wd_hidden48,0.047881586033152145,0.7811998668775155,13149,0.0150039218167882,0.9779319102817247,0.047881586033152145,0.7811998668775155,13149
2020-12-14,SM,7,007_base_7var_weekly_DEconvlstm_7d_low_lr_wd_hidden48,0.04636149962288984,0.8039336779642364,13149,0.018135935508839258,0.932703765573653,0.04636149962288984,0.8039336779642364,13149
2020-12-15,SM,7,007_base_7var_weekly_DEconvlstm_7d_low_lr_wd_hidden48,0.04138928569710864,0.8283656219992532,13149,0.016871952021153824,0.9331738323823543,0.04138928569710864,0.8283656219992532,13149
2020-12-16,SM,7,007_base_7var_weekly_DEconvlstm_7d_low_lr_wd_hidden48,0.0393993785223226,0.8542438597785186,13149,0.017694633101015995,0.920155634143141,0.0393993785223226,0.8542438597785186,13149
2020-12-17,SM,7,007_base_7var_weekly_DEconvlstm_7d_low_lr_wd_hidden48,0.040204836651424276,0.8339035484260067,13149,0.018807287773034774,0.9066153667450404,0.040204836651424276,0.8339035484260067,13149
2020-12-18,SM,7,007_base_7var_weekly_DEconvlstm_7d_low_lr_wd_hidden48,0.03737536117873468,0.8639931701952779,13149,0.019107890155873462,0.9002762785166117,0.03737536117873468,0.8639931701952779,13149
2020-12-19,SM,7,007_base_7var_weekly_DEconvlstm_7d_low_lr_wd_hidden48,0.036363478077823516,0.8823566346644464,13149,0.016446800014617378,0.9293354163817396,0.036363478077823516,0.8823566346644464,13149
2020-12-20,SM,7,007_base_7var_weekly_DEconvlstm_7d_low_lr_wd_hidden48,0.03797223687845184,0.8761181792205683,13149,0.01728829568198617,0.9453378261166161,0.03797223687845184,0.8761181792205683,13149
2020-12-21,SM,7,007_base_7var_weekly_DEconvlstm_7d_low_lr_wd_hidden48,0.03650021447413099,0.8795814779245225,13149,0.015372507931709275,0.9795415536394201,0.03650021447413099,0.8795814779245225,13149
2020-12-22,SM,7,007_base_7var_weekly_DEconvlstm_7d_low_lr_wd_hidden48,0.03716606637206418,0.8617840589378603,13149,0.013663841625533324,0.9771974450529548,0.03716606637206418,0.8617840589378603,13149
2020-12-23,SM,7,007_base_7var_weekly_DEconvlstm_7d_low_lr_wd_hidden48,0.040168548249467,0.8294639726615802,13149,0.015423491109923833,0.9477429919867101,0.040168548249467,0.8294639726615802,13149
2020-12-24,SM,7,007_base_7var_weekly_DEconvlstm_7d_low_lr_wd_hidden48,0.04018719997418914,0.8200378445227193,13149,0.01630676917175162,0.9396325352391763,0.04018719997418914,0.8200378445227193,13149
2020-12-25,SM,7,007_base_7var_weekly_DEconvlstm_7d_low_lr_wd_hidden48,0.04159910931370006,0.8186325494706121,13149,0.01624501314190758,0.9501097007238943,0.04159910931370006,0.8186325494706121,13149
2020-12-26,SM,7,007_base_7var_weekly_DEconvlstm_7d_low_lr_wd_hidden48,0.048209132472514446,0.771380495210783,13149,0.015428526769284334,0.9587844187723157,0.048209132472514446,0.771380495210783,13149
2020-12-27,SM,7,007_base_7var_weekly_DEconvlstm_7d_low_lr_wd_hidden48,0.05395416152376028,0.7297098363163133,13149,0.016706248999517958,0.9365363321790656,0.05395416152376028,0.7297098363163133,13149
2020-12-28,SM,7,007_base_7var_weekly_DEconvlstm_7d_low_lr_wd_hidden48,0.05305223872610314,0.7279794676862925,13149,0.014902299191705796,0.9470909482585812,0.05305223872610314,0.7279794676862925,13149
2020-12-29,SM,7,007_base_7var_weekly_DEconvlstm_7d_low_lr_wd_hidden48,0.05197750184602715,0.7486324762424561,13149,0.013387923937923802,0.9719590626840894,0.05197750184602715,0.7486324762424561,13149
2020-12-30,SM,7,007_base_7var_weekly_DEconvlstm_7d_low_lr_wd_hidden48,0.044172364290423344,0.8413944548953972,13149,0.021114385006033833,0.8900712029781418,0.044172364290423344,0.8413944548953972,13149
2020-12-31,SM,7,007_base_7var_weekly_DEconvlstm_7d_low_lr_wd_hidden48,0.0483049660151344,0.8111700708475531,13149,0.040773083582542315,0.803246064902777,0.0483049660151344,0.8111700708475531,13149
2020-01-01,SM,30,024_base_7var_monthly_DEconvlstm_30d_compact_1layer,0.04318935760573353,0.8139115396517425,13149,0.04021864082821004,0.8036441588108693,0.04318935760573353,0.8139115396517425,13149
2020-01-02,SM,30,024_base_7var_monthly_DEconvlstm_30d_compact_1layer,0.04325154941595585,0.8111972883315641,13149,0.040197493927776176,0.7985642722812775,0.04325154941595585,0.8111972883315641,13149
2020-01-03,SM,30,024_base_7var_monthly_DEconvlstm_30d_compact_1layer,0.04228751392814117,0.826568283841954,13149,0.036263458832924624,0.842507659081012,0.04228751392814117,0.826568283841954,13149
2020-01-04,SM,30,024_base_7var_monthly_DEconvlstm_30d_compact_1layer,0.03954840373589217,0.8426852332248217,13149,0.034837992770522706,0.8567492945972941,0.03954840373589217,0.8426852332248217,13149
2020-01-05,SM,30,024_base_7var_monthly_DEconvlstm_30d_compact_1layer,0.03979079196469683,0.8353626913155459,13149,0.03327906234405712,0.8603386917366113,0.03979079196469683,0.8353626913155459,13149
2020-01-06,SM,30,024_base_7var_monthly_DEconvlstm_30d_compact_1layer,0.04092250748558142,0.8298365400286654,13149,0.031131658583650437,0.8664363085906068,0.04092250748558142,0.8298365400286654,13149
2020-01-07,SM,30,024_base_7var_monthly_DEconvlstm_30d_compact_1layer,0.040926602708750086,0.8281522162253878,13149,0.030790725559092992,0.8711601229112603,0.040926602708750086,0.8281522162253878,13149
2020-01-08,SM,30,024_base_7var_monthly_DEconvlstm_30d_compact_1layer,0.04172882069667085,0.8126852233764887,13149,0.030202093458717768,0.8742583240173047,0.04172882069667085,0.8126852233764887,13149
2020-01-09,SM,30,024_base_7var_monthly_DEconvlstm_30d_compact_1layer,0.04174667162401018,0.8108948096435274,13149,0.02955876465673228,0.8679475940233612,0.04174667162401018,0.8108948096435274,13149
2020-01-10,SM,30,024_base_7var_monthly_DEconvlstm_30d_compact_1layer,0.043395050485933465,0.7946249973015521,13149,0.03587537484560043,0.8427184472326712,0.043395050485933465,0.7946249973015521,13149
2020-01-11,SM,30,024_base_7var_monthly_DEconvlstm_30d_compact_1layer,0.04109292671140988,0.7642953374674379,13149,0.04018941989163342,0.7980897492337392,0.04109292671140988,0.7642953374674379,13149
2020-01-12,SM,30,024_base_7var_monthly_DEconvlstm_30d_compact_1layer,0.04098941374926142,0.7681248647452512,13149,0.03896444204012481,0.8014957072725253,0.04098941374926142,0.7681248647452512,13149
2020-01-13,SM,30,024_base_7var_monthly_DEconvlstm_30d_compact_1layer,0.04197086664180956,0.7644960216062558,13149,0.038886668450802034,0.7914706922908048,0.04197086664180956,0.7644960216062558,13149
2020-01-14,SM,30,024_base_7var_monthly_DEconvlstm_30d_compact_1layer,0.04068997980673069,0.7589520783485337,13149,0.03675824343243177,0.8009923100617207,0.04068997980673069,0.7589520783485337,13149
2020-01-15,SM,30,024_base_7var_monthly_DEconvlstm_30d_compact_1layer,0.03888484014971661,0.7713964177181472,13149,0.034418908453785695,0.819137043578253,0.03888484014971661,0.7713964177181472,13149
2020-01-16,SM,30,024_base_7var_monthly_DEconvlstm_30d_compact_1layer,0.03923779024844566,0.7673099171352443,13149,0.03279278401434006,0.8369284817090173,0.03923779024844566,0.7673099171352443,13149
2020-01-17,SM,30,024_base_7var_monthly_DEconvlstm_30d_compact_1layer,0.04717794354465484,0.734597907015349,13149,0.04584804572263819,0.7970291041979437,0.04717794354465484,0.734597907015349,13149
2020-01-18,SM,30,024_base_7var_monthly_DEconvlstm_30d_compact_1layer,0.04813196735010375,0.7406789369416729,13149,0.04843061564895677,0.8044945778793043,0.04813196735010375,0.7406789369416729,13149
2020-01-19,SM,30,024_base_7var_monthly_DEconvlstm_30d_compact_1layer,0.04365040444862104,0.757202836881899,13149,0.042840928662117576,0.835373598878484,0.04365040444862104,0.757202836881899,13149
2020-01-20,SM,30,024_base_7var_monthly_DEconvlstm_30d_compact_1layer,0.043130987995823135,0.7518477331672582,13149,0.04059911678971784,0.8417547481219126,0.043130987995823135,0.7518477331672582,13149
2020-01-21,SM,30,024_base_7var_monthly_DEconvlstm_30d_compact_1layer,0.046336029025978366,0.7235307184163815,13149,0.04167960070025813,0.8463787436349203,0.046336029025978366,0.7235307184163815,13149
2020-01-22,SM,30,024_base_7var_monthly_DEconvlstm_30d_compact_1layer,0.04932424087027713,0.7020457485818692,13149,0.04627065290500398,0.8091011580896823,0.04932424087027713,0.7020457485818692,13149
2020-01-23,SM,30,024_base_7var_monthly_DEconvlstm_30d_compact_1layer,0.049279702579511656,0.6983916988249989,13149,0.04611350994077634,0.8025606481582643,0.049279702579511656,0.6983916988249989,13149
2020-01-24,SM,30,024_base_7var_monthly_DEconvlstm_30d_compact_1layer,0.048832999634193394,0.6950405137215625,13149,0.04253956653452351,0.8219147444224087,0.048832999634193394,0.6950405137215625,13149
2020-01-25,SM,30,024_base_7var_monthly_DEconvlstm_30d_compact_1layer,0.04693569920871049,0.7094559244081529,13149,0.04127545204529816,0.8186490784721137,0.04693569920871049,0.7094559244081529,13149
2020-01-26,SM,30,024_base_7var_monthly_DEconvlstm_30d_compact_1layer,0.046512948751831255,0.7059938664870788,13149,0.04306285938266596,0.7916265251771295,0.046512948751831255,0.7059938664870788,13149
2020-01-27,SM,30,024_base_7var_monthly_DEconvlstm_30d_compact_1layer,0.04597925611831188,0.708096709892885,13149,0.040794296292345454,0.8054106748126737,0.04597925611831188,0.708096709892885,13149
2020-01-28,SM,30,024_base_7var_monthly_DEconvlstm_30d_compact_1layer,0.046358452284068645,0.7043067463640513,13149,0.037750210256133704,0.8515019006482059,0.046358452284068645,0.7043067463640513,13149
2020-01-29,SM,30,024_base_7var_monthly_DEconvlstm_30d_compact_1layer,0.04378483276429276,0.7412329135588496,13149,0.03159455899285098,0.893699172136154,0.04378483276429276,0.7412329135588496,13149
2020-01-30,SM,30,024_base_7var_monthly_DEconvlstm_30d_compact_1layer,0.03945003504701806,0.7834929789863323,13149,0.0313646778346966,0.866408745502394,0.03945003504701806,0.7834929789863323,13149
2020-01-31,SM,30,024_base_7var_monthly_DEconvlstm_30d_compact_1layer,0.03819525135162367,0.8009030761028837,13149,0.03126830667057985,0.884160233691938,0.03819525135162367,0.8009030761028837,13149
2020-02-01,SM,30,024_base_7var_monthly_DEconvlstm_30d_compact_1layer,0.03765360451731795,0.8137700702971096,13149,0.03153938081671572,0.9000179946123084,0.03765360451731795,0.8137700702971096,13149
2020-02-02,SM,30,024_base_7var_monthly_DEconvlstm_30d_compact_1layer,0.03825720032034176,0.8182312849953323,13149,0.030543077746173077,0.8969842355321271,0.03825720032034176,0.8182312849953323,13149
2020-02-03,SM,30,024_base_7var_monthly_DEconvlstm_30d_compact_1layer,0.0378724869987017,0.8341996717413777,13149,0.02915624508533061,0.8996614561127722,0.0378724869987017,0.8341996717413777,13149
2020-02-04,SM,30,024_base_7var_monthly_DEconvlstm_30d_compact_1layer,0.03917164126726166,0.8273283418325637,13149,0.028219487174629448,0.9026338079319669,0.03917164126726166,0.8273283418325637,13149
2020-02-05,SM,30,024_base_7var_monthly_DEconvlstm_30d_compact_1layer,0.04133735440664626,0.8350248143640902,13149,0.029631175444755138,0.8942772022163626,0.04133735440664626,0.8350248143640902,13149
2020-02-06,SM,30,024_base_7var_monthly_DEconvlstm_30d_compact_1layer,0.04278271231513446,0.8242887011613003,13149,0.03194265435566627,0.878718582576024,0.04278271231513446,0.8242887011613003,13149
2020-02-07,SM,30,024_base_7var_monthly_DEconvlstm_30d_compact_1layer,0.04425208734027466,0.8126659918157697,13149,0.03342391912173374,0.873689014480995,0.04425208734027466,0.8126659918157697,13149
2020-02-08,SM,30,024_base_7var_monthly_DEconvlstm_30d_compact_1layer,0.043268131454143266,0.8078993583884023,13149,0.030814681804496816,0.8932190379802214,0.043268131454143266,0.8078993583884023,13149
2020-02-09,SM,30,024_base_7var_monthly_DEconvlstm_30d_compact_1layer,0.04313027084627237,0.821070436054526,13149,0.027594072701647963,0.9232383246849187,0.04313027084627237,0.821070436054526,13149
2020-02-10,SM,30,024_base_7var_monthly_DEconvlstm_30d_compact_1layer,0.04331289485671769,0.8139310920266272,13149,0.029674535212087464,0.9408735628645625,0.04331289485671769,0.8139310920266272,13149
2020-02-11,SM,30,024_base_7var_monthly_DEconvlstm_30d_compact_1layer,0.04483191589286138,0.8206317240514219,13149,0.03477816878252225,0.9227537044029427,0.04483191589286138,0.8206317240514219,13149
2020-02-12,SM,30,024_base_7var_monthly_DEconvlstm_30d_compact_1layer,0.04648629181095065,0.8024324129449564,13149,0.04073783598549224,0.8999519601942557,0.04648629181095065,0.8024324129449564,13149
2020-02-13,SM,30,024_base_7var_monthly_DEconvlstm_30d_compact_1layer,0.04435189204846963,0.8254492633962391,13149,0.03589248176062159,0.9158876392349332,0.04435189204846963,0.8254492633962391,13149
2020-02-14,SM,30,024_base_7var_monthly_DEconvlstm_30d_compact_1layer,0.04455391539601829,0.7948630292045855,13149,0.03278757537930653,0.9227907067096317,0.04455391539601829,0.7948630292045855,13149
2020-02-15,SM,30,024_base_7var_monthly_DEconvlstm_30d_compact_1layer,0.04373198631061597,0.7868998202803399,13149,0.029146845083796776,0.9350468907683884,0.04373198631061597,0.7868998202803399,13149
2020-02-16,SM,30,024_base_7var_monthly_DEconvlstm_30d_compact_1layer,0.04256626790568354,0.8005129636583382,13149,0.029562432465314134,0.9400614713248933,0.04256626790568354,0.8005129636583382,13149
2020-02-17,SM,30,024_base_7var_monthly_DEconvlstm_30d_compact_1layer,0.044191805778595994,0.8080160408591022,13149,0.0327296168372811,0.9172161224376831,0.044191805778595994,0.8080160408591022,13149
2020-02-18,SM,30,024_base_7var_monthly_DEconvlstm_30d_compact_1layer,0.04341480852271002,0.8283549765548118,13149,0.029655765398164956,0.9285404355209922,0.04341480852271002,0.8283549765548118,13149
2020-02-19,SM,30,024_base_7var_monthly_DEconvlstm_30d_compact_1layer,0.04409389691436912,0.8186342254764529,13149,0.030697099601288955,0.930245389912047,0.04409389691436912,0.8186342254764529,13149
2020-02-20,SM,30,024_base_7var_monthly_DEconvlstm_30d_compact_1layer,0.0450617533022221,0.7973219138626491,13149,0.03520881791249458,0.9243840851940665,0.0450617533022221,0.7973219138626491,13149
2020-02-21,SM,30,024_base_7var_monthly_DEconvlstm_30d_compact_1layer,0.04348923797421211,0.8083176217691576,13149,0.033801142906679196,0.9209315960979361,0.04348923797421211,0.8083176217691576,13149
2020-02-22,SM,30,024_base_7var_monthly_DEconvlstm_30d_compact_1layer,0.045410751260289976,0.8120937740937283,13149,0.03323252413128892,0.9164915725115055,0.045410751260289976,0.8120937740937283,13149
2020-02-23,SM,30,024_base_7var_monthly_DEconvlstm_30d_compact_1layer,0.04719376009381319,0.8114487522751825,13149,0.030800502610328056,0.9257464138439918,0.04719376009381319,0.8114487522751825,13149
2020-02-24,SM,30,024_base_7var_monthly_DEconvlstm_30d_compact_1layer,0.04790705856157611,0.7895667916038489,13149,0.029170569381239204,0.9437685580283355,0.04790705856157611,0.7895667916038489,13149
2020-02-25,SM,30,024_base_7var_monthly_DEconvlstm_30d_compact_1layer,0.04742554837637878,0.7940831649936753,13149,0.02853545523679349,0.9522979248455697,0.04742554837637878,0.7940831649936753,13149
2020-02-26,SM,30,024_base_7var_monthly_DEconvlstm_30d_compact_1layer,0.04690309105508031,0.8050480179132802,13149,0.028085948105749884,0.9488166972118818,0.04690309105508031,0.8050480179132802,13149
2020-02-27,SM,30,024_base_7var_monthly_DEconvlstm_30d_compact_1layer,0.04899454810305644,0.7972699004077091,13149,0.029659813547815196,0.927331015279917,0.04899454810305644,0.7972699004077091,13149
2020-02-28,SM,30,024_base_7var_monthly_DEconvlstm_30d_compact_1layer,0.049730567945261185,0.7865408810834481,13149,0.03170989221126853,0.9136756865169988,0.049730567945261185,0.7865408810834481,13149
2020-03-01,SM,30,024_base_7var_monthly_DEconvlstm_30d_compact_1layer,0.05044914833644022,0.7777248728202932,13149,0.029714280941880136,0.928103838036869,0.05044914833644022,0.7777248728202932,13149
2020-03-02,SM,30,024_base_7var_monthly_DEconvlstm_30d_compact_1layer,0.05112857567366245,0.7852537298976067,13149,0.028901051937237764,0.9245332005980417,0.05112857567366245,0.7852537298976067,13149
2020-03-03,SM,30,024_base_7var_monthly_DEconvlstm_30d_compact_1layer,0.05178711115187232,0.7976686719214963,13149,0.028775347133241924,0.9210513926670901,0.05178711115187232,0.7976686719214963,13149
2020-03-04,SM,30,024_base_7var_monthly_DEconvlstm_30d_compact_1layer,0.05128471449578866,0.8045972145665237,13149,0.043639567126002476,0.8636819265460379,0.05128471449578866,0.8045972145665237,13149
2020-03-05,SM,30,024_base_7var_monthly_DEconvlstm_30d_compact_1layer,0.049649669463696054,0.8134059146358855,13149,0.046675666311705354,0.8548730454946813,0.049649669463696054,0.8134059146358855,13149
2020-03-06,SM,30,024_base_7var_monthly_DEconvlstm_30d_compact_1layer,0.04547597892745739,0.8474448034537245,13149,0.04210697021664964,0.861696757184069,0.04547597892745739,0.8474448034537245,13149
2020-03-07,SM,30,024_base_7var_monthly_DEconvlstm_30d_compact_1layer,0.04648664913294606,0.8387642106664588,13149,0.04100676113723354,0.8646005259690761,0.04648664913294606,0.8387642106664588,13149
2020-03-08,SM,30,024_base_7var_monthly_DEconvlstm_30d_compact_1layer,0.04993374599541867,0.8253145879653369,13149,0.044283351892968045,0.8443010480903442,0.04993374599541867,0.8253145879653369,13149
2020-03-09,SM,30,024_base_7var_monthly_DEconvlstm_30d_compact_1layer,0.048509773950768685,0.8332344444779194,13149,0.04433486397856539,0.8573787370293939,0.048509773950768685,0.8332344444779194,13149
2020-03-10,SM,30,024_base_7var_monthly_DEconvlstm_30d_compact_1layer,0.04488069429247214,0.8470386391999647,13149,0.0412294905469196,0.861290613178789,0.04488069429247214,0.8470386391999647,13149
2020-03-11,SM,30,024_base_7var_monthly_DEconvlstm_30d_compact_1layer,0.04509104650882873,0.842156139636771,13149,0.039717437198451125,0.874695105621556,0.04509104650882873,0.842156139636771,13149
2020-03-12,SM,30,024_base_7var_monthly_DEconvlstm_30d_compact_1layer,0.04595735683240191,0.847835201248871,13149,0.039426199946628465,0.8700092722206738,0.04595735683240191,0.847835201248871,13149
2020-03-13,SM,30,024_base_7var_monthly_DEconvlstm_30d_compact_1layer,0.04310915849622882,0.8159330571633201,13149,0.0406774131520791,0.8388014158622132,0.04310915849622882,0.8159330571633201,13149
2020-03-14,SM,30,024_base_7var_monthly_DEconvlstm_30d_compact_1layer,0.04970503416648509,0.7742786171289898,13149,0.04316737293685261,0.8385851381603436,0.04970503416648509,0.7742786171289898,13149
2020-03-15,SM,30,024_base_7var_monthly_DEconvlstm_30d_compact_1layer,0.04743384668001538,0.7830920895687776,13149,0.04106889272036578,0.8260104432135257,0.04743384668001538,0.7830920895687776,13149
2020-03-16,SM,30,024_base_7var_monthly_DEconvlstm_30d_compact_1layer,0.04920963372650409,0.7717110611697563,13149,0.044214275213356385,0.813463809044684,0.04920963372650409,0.7717110611697563,13149
2020-03-17,SM,30,024_base_7var_monthly_DEconvlstm_30d_compact_1layer,0.045835395956454326,0.7936124988349881,13149,0.04392225213873938,0.7819207355061887,0.045835395956454326,0.7936124988349881,13149
2020-03-18,SM,30,024_base_7var_monthly_DEconvlstm_30d_compact_1layer,0.0525853428301683,0.7440815827917173,13149,0.05023805642212021,0.8157860609422748,0.0525853428301683,0.7440815827917173,13149
2020-03-19,SM,30,024_base_7var_monthly_DEconvlstm_30d_compact_1layer,0.053985698591748836,0.7291076042788607,13149,0.04888461270036157,0.8370786528932852,0.053985698591748836,0.7291076042788607,13149
2020-03-20,SM,30,024_base_7var_monthly_DEconvlstm_30d_compact_1layer,0.051270158142883285,0.7553957177473333,13149,0.04743638359031023,0.8403628709588667,0.051270158142883285,0.7553957177473333,13149
2020-03-21,SM,30,024_base_7var_monthly_DEconvlstm_30d_compact_1layer,0.05094962003932397,0.7494960743541212,13149,0.048343444834365853,0.8397979988947392,0.05094962003932397,0.7494960743541212,13149
2020-03-22,SM,30,024_base_7var_monthly_DEconvlstm_30d_compact_1layer,0.04746323114571393,0.7602552114559555,13149,0.04586204539788787,0.857011069464042,0.04746323114571393,0.7602552114559555,13149
2020-03-23,SM,30,024_base_7var_monthly_DEconvlstm_30d_compact_1layer,0.04200885114144645,0.8035195889067318,13149,0.04258896175185378,0.8406765433812522,0.04200885114144645,0.8035195889067318,13149
2020-03-24,SM,30,024_base_7var_monthly_DEconvlstm_30d_compact_1layer,0.040812065522623286,0.8100628429887843,13149,0.04292377543155316,0.8254981353913594,0.040812065522623286,0.8100628429887843,13149
2020-03-25,SM,30,024_base_7var_monthly_DEconvlstm_30d_compact_1layer,0.03880926957576521,0.8280814334517556,13149,0.04210348156527161,0.8179904431945102,0.03880926957576521,0.8280814334517556,13149
2020-03-26,SM,30,024_base_7var_monthly_DEconvlstm_30d_compact_1layer,0.03768284557825156,0.8410399690164269,13149,0.04651809093982551,0.7409877381337147,0.03768284557825156,0.8410399690164269,13149
2020-03-27,SM,30,024_base_7var_monthly_DEconvlstm_30d_compact_1layer,0.03628257039864617,0.8569374098119917,13149,0.04580558985223198,0.7457061092331896,0.03628257039864617,0.8569374098119917,13149
2020-03-28,SM,30,024_base_7var_monthly_DEconvlstm_30d_compact_1layer,0.042025643526588476,0.81662665516908,13149,0.04339108452622709,0.7910904584913319,0.042025643526588476,0.81662665516908,13149
2020-03-29,SM,30,024_base_7var_monthly_DEconvlstm_30d_compact_1layer,0.04603852922164013,0.7893768096701781,13149,0.04226885077424205,0.8009531608504277,0.04603852922164013,0.7893768096701781,13149
2020-03-30,SM,30,024_base_7var_monthly_DEconvlstm_30d_compact_1layer,0.04321697037386511,0.8117305164490005,13149,0.04234842384015157,0.776399486621345,0.04321697037386511,0.8117305164490005,13149
2020-03-31,SM,30,024_base_7var_monthly_DEconvlstm_30d_compact_1layer,0.043669294041721596,0.77871550550242,13149,0.04442870409152826,0.8025464423827138,0.043669294041721596,0.77871550550242,13149
2020-04-01,SM,30,024_base_7var_monthly_DEconvlstm_30d_compact_1layer,0.04091878741071175,0.8051917622147916,13149,0.041922632663854174,0.7847294793798926,0.04091878741071175,0.8051917622147916,13149
2020-04-02,SM,30,024_base_7var_monthly_DEconvlstm_30d_compact_1layer,0.039267812899706586,0.8159157438525951,13149,0.040676034443306155,0.7838718044772293,0.039267812899706586,0.8159157438525951,13149
2020-04-03,SM,30,024_base_7var_monthly_DEconvlstm_30d_compact_1layer,0.04116314763531755,0.8057943474216128,13149,0.05087378942156092,0.7746652367506814,0.04116314763531755,0.8057943474216128,13149
2020-04-04,SM,30,024_base_7var_monthly_DEconvlstm_30d_compact_1layer,0.0378534253187033,0.7980675699969726,13149,0.055400177645978606,0.7672539454060741,0.0378534253187033,0.7980675699969726,13149
2020-04-05,SM,30,024_base_7var_monthly_DEconvlstm_30d_compact_1layer,0.03616426101051028,0.8176236899548189,13149,0.05013948686116169,0.8056202337007345,0.03616426101051028,0.8176236899548189,13149
2020-04-06,SM,30,024_base_7var_monthly_DEconvlstm_30d_compact_1layer,0.03490249461460103,0.8462910303576442,13149,0.046357955298858056,0.8122577348490332,0.03490249461460103,0.8462910303576442,13149
2020-04-07,SM,30,024_base_7var_monthly_DEconvlstm_30d_compact_1layer,0.03513053782377491,0.8666853691006968,13149,0.04551991797247818,0.79761626907208,0.03513053782377491,0.8666853691006968,13149
2020-04-08,SM,30,024_base_7var_monthly_DEconvlstm_30d_compact_1layer,0.03609139287792901,0.8647786409110187,13149,0.05245342684641312,0.7270468227689049,0.03609139287792901,0.8647786409110187,13149
2020-04-09,SM,30,024_base_7var_monthly_DEconvlstm_30d_compact_1layer,0.037084794954792,0.8569969111473041,13149,0.04991272679771257,0.7297721911687169,0.037084794954792,0.8569969111473041,13149
2020-04-10,SM,30,024_base_7var_monthly_DEconvlstm_30d_compact_1layer,0.03702951432928704,0.8511751437850605,13149,0.05029048555571642,0.7396992616004994,0.03702951432928704,0.8511751437850605,13149
2020-04-11,SM,30,024_base_7var_monthly_DEconvlstm_30d_compact_1layer,0.035139089669084134,0.853314871996045,13149,0.047938892770965406,0.7431250254035351,0.035139089669084134,0.853314871996045,13149
2020-04-12,SM,30,024_base_7var_monthly_DEconvlstm_30d_compact_1layer,0.036254026943016035,0.813205811020671,13149,0.04458508915043565,0.8337777807784787,0.036254026943016035,0.813205811020671,13149
2020-04-13,SM,30,024_base_7var_monthly_DEconvlstm_30d_compact_1layer,0.03743991973144382,0.8239031355614822,13149,0.05432525350893197,0.754986048162701,0.03743991973144382,0.8239031355614822,13149
2020-04-14,SM,30,024_base_7var_monthly_DEconvlstm_30d_compact_1layer,0.03753569216801533,0.8383294985499958,13149,0.049777145496622544,0.7751136296841392,0.03753569216801533,0.8383294985499958,13149
2020-04-15,SM,30,024_base_7var_monthly_DEconvlstm_30d_compact_1layer,0.0368053948612833,0.8490056799302281,13149,0.05483971832591954,0.7328442131317077,0.0368053948612833,0.8490056799302281,13149
2020-04-16,SM,30,024_base_7var_monthly_DEconvlstm_30d_compact_1layer,0.039119854981363285,0.8417223103627938,13149,0.051022476376376615,0.7598506819565307,0.039119854981363285,0.8417223103627938,13149
2020-04-17,SM,30,024_base_7var_monthly_DEconvlstm_30d_compact_1layer,0.040243144349544784,0.8316635726207989,13149,0.05924385236036161,0.7123565461542993,0.040243144349544784,0.8316635726207989,13149
2020-04-18,SM,30,024_base_7var_monthly_DEconvlstm_30d_compact_1layer,0.03994369960849972,0.8380223896216092,13149,0.06045242999598958,0.6798297550878507,0.03994369960849972,0.8380223896216092,13149
2020-04-19,SM,30,024_base_7var_monthly_DEconvlstm_30d_compact_1layer,0.04346864144182387,0.821307068483555,13149,0.05941741837157255,0.6883834590692126,0.04346864144182387,0.821307068483555,13149
2020-04-20,SM,30,024_base_7var_monthly_DEconvlstm_30d_compact_1layer,0.0474501960835172,0.7963142056653862,13149,0.060098795867509526,0.6757874976480718,0.0474501960835172,0.7963142056653862,13149
2020-04-21,SM,30,024_base_7var_monthly_DEconvlstm_30d_compact_1layer,0.048829686685274494,0.7804959096754179,13149,0.063569204176512,0.6146008909989024,0.048829686685274494,0.7804959096754179,13149
2020-04-22,SM,30,024_base_7var_monthly_DEconvlstm_30d_compact_1layer,0.04614993850629827,0.8050160003031539,13149,0.0552131928431073,0.7230851189902201,0.04614993850629827,0.8050160003031539,13149
2020-04-23,SM,30,024_base_7var_monthly_DEconvlstm_30d_compact_1layer,0.044099661292246094,0.811005677477896,13149,0.05124512074088151,0.7818530396332155,0.044099661292246094,0.811005677477896,13149
2020-04-24,SM,30,024_base_7var_monthly_DEconvlstm_30d_compact_1layer,0.04343922275707566,0.8174990515652494,13149,0.04860133401684687,0.7849051674883067,0.04343922275707566,0.8174990515652494,13149
2020-04-25,SM,30,024_base_7var_monthly_DEconvlstm_30d_compact_1layer,0.044171904231766264,0.8055157946734747,13149,0.04584190753795532,0.8129988186743491,0.044171904231766264,0.8055157946734747,13149
2020-04-26,SM,30,024_base_7var_monthly_DEconvlstm_30d_compact_1layer,0.04396128239929522,0.8113732659073418,13149,0.044100874728658604,0.8088775195967,0.04396128239929522,0.8113732659073418,13149
2020-04-27,SM,30,024_base_7var_monthly_DEconvlstm_30d_compact_1layer,0.052296395557947045,0.7594107777176323,13149,0.05166765054066812,0.7521111582292307,0.052296395557947045,0.7594107777176323,13149
2020-04-28,SM,30,024_base_7var_monthly_DEconvlstm_30d_compact_1layer,0.05680152013679784,0.7284765304650318,13149,0.05403598804900788,0.7348892314758269,0.05680152013679784,0.7284765304650318,13149
2020-04-29,SM,30,024_base_7var_monthly_DEconvlstm_30d_compact_1layer,0.05483169203056555,0.7461972393333639,13149,0.04997001230735173,0.7876382813852747,0.05483169203056555,0.7461972393333639,13149
2020-04-30,SM,30,024_base_7var_monthly_DEconvlstm_30d_compact_1layer,0.0570066342096688,0.7314918251573779,13149,0.054477596813768285,0.7459486411877531,0.0570066342096688,0.7314918251573779,13149
2020-05-01,SM,30,024_base_7var_monthly_DEconvlstm_30d_compact_1layer,0.06092934800486326,0.7026531927772062,13149,0.052193333842612565,0.7555891234449316,0.06092934800486326,0.7026531927772062,13149
2020-05-02,SM,30,024_base_7var_monthly_DEconvlstm_30d_compact_1layer,0.06110777993726679,0.6938506314866717,13149,0.050736834421036554,0.7559451859847255,0.06110777993726679,0.6938506314866717,13149
2020-05-03,SM,30,024_base_7var_monthly_DEconvlstm_30d_compact_1layer,0.05995609459140655,0.6981199256496177,13149,0.05326246830568601,0.7305664729309543,0.05995609459140655,0.6981199256496177,13149
2020-05-04,SM,30,024_base_7var_monthly_DEconvlstm_30d_compact_1layer,0.05983025270213177,0.7130977370307552,13149,0.06094669330981298,0.6891743897053606,0.05983025270213177,0.7130977370307552,13149
2020-05-05,SM,30,024_base_7var_monthly_DEconvlstm_30d_compact_1layer,0.05816047387589755,0.7338210869062491,13149,0.05951703348826569,0.7178310350153707,0.05816047387589755,0.7338210869062491,13149
2020-05-06,SM,30,024_base_7var_monthly_DEconvlstm_30d_compact_1layer,0.05913788549909805,0.7142649674536325,13149,0.05404021626164213,0.7395656082164801,0.05913788549909805,0.7142649674536325,13149
2020-05-07,SM,30,024_base_7var_monthly_DEconvlstm_30d_compact_1layer,0.05927529823734011,0.704038038078393,13149,0.05117878948884278,0.7535314484708886,0.05927529823734011,0.704038038078393,13149
2020-05-08,SM,30,024_base_7var_monthly_DEconvlstm_30d_compact_1layer,0.05608135255367473,0.745456858368853,13149,0.04466460344138337,0.8155292349530109,0.05608135255367473,0.745456858368853,13149
2020-05-09,SM,30,024_base_7var_monthly_DEconvlstm_30d_compact_1layer,0.05842927352853144,0.7244590220030193,13149,0.04281790788531766,0.8205377080664595,0.05842927352853144,0.7244590220030193,13149
2020-05-10,SM,30,024_base_7var_monthly_DEconvlstm_30d_compact_1layer,0.05992926287284156,0.7019528861119333,13149,0.04564600179859005,0.7964074241006235,0.05992926287284156,0.7019528861119333,13149
2020-05-11,SM,30,024_base_7var_monthly_DEconvlstm_30d_compact_1layer,0.057962593412684206,0.7040700240060146,13149,0.04259388273234788,0.8114774003625256,0.057962593412684206,0.7040700240060146,13149
2020-05-12,SM,30,024_base_7var_monthly_DEconvlstm_30d_compact_1layer,0.05559349932035174,0.7406277367059806,13149,0.05168177260345487,0.7647802085655084,0.05559349932035174,0.7406277367059806,13149
2020-05-13,SM,30,024_base_7var_monthly_DEconvlstm_30d_compact_1layer,0.04948549763097396,0.7884707095748669,13149,0.04617069243196834,0.8126280645289761,0.04948549763097396,0.7884707095748669,13149
2020-05-14,SM,30,024_base_7var_monthly_DEconvlstm_30d_compact_1layer,0.047921301300105815,0.7992834515660028,13149,0.04490993137838274,0.8136826347258296,0.047921301300105815,0.7992834515660028,13149
2020-05-15,SM,30,024_base_7var_monthly_DEconvlstm_30d_compact_1layer,0.0501440249508945,0.7848780462611273,13149,0.043697330656888224,0.816849611215223,0.0501440249508945,0.7848780462611273,13149
2020-05-16,SM,30,024_base_7var_monthly_DEconvlstm_30d_compact_1layer,0.04233284261447676,0.8134054868998061,13149,0.05272681602043061,0.7403792567263792,0.04233284261447676,0.8134054868998061,13149
2020-05-17,SM,30,024_base_7var_monthly_DEconvlstm_30d_compact_1layer,0.03909973022885327,0.8157390798086649,13149,0.049168633498641874,0.7779498632041284,0.03909973022885327,0.8157390798086649,13149
2020-05-18,SM,30,024_base_7var_monthly_DEconvlstm_30d_compact_1layer,0.03831800357191174,0.8514567297826858,13149,0.04214604248226283,0.8266112377787562,0.03831800357191174,0.8514567297826858,13149
2020-05-19,SM,30,024_base_7var_monthly_DEconvlstm_30d_compact_1layer,0.04015471165284881,0.8425848116725978,13149,0.038543228567888776,0.8573019663127234,0.04015471165284881,0.8425848116725978,13149
2020-05-20,SM,30,024_base_7var_monthly_DEconvlstm_30d_compact_1layer,0.04397290644295353,0.8126344158030785,13149,0.03711625827078363,0.862513614046678,0.04397290644295353,0.8126344158030785,13149
2020-05-21,SM,30,024_base_7var_monthly_DEconvlstm_30d_compact_1layer,0.04261525247919251,0.8133471776387426,13149,0.03693717472386271,0.8563549674976342,0.04261525247919251,0.8133471776387426,13149
2020-05-22,SM,30,024_base_7var_monthly_DEconvlstm_30d_compact_1layer,0.04377769794000883,0.7902867515079506,13149,0.042516952772639845,0.829629814796375,0.04377769794000883,0.7902867515079506,13149
2020-05-23,SM,30,024_base_7var_monthly_DEconvlstm_30d_compact_1layer,0.04454680930936676,0.7681912897354315,13149,0.044166195481677,0.8348186163470885,0.04454680930936676,0.7681912897354315,13149
2020-05-24,SM,30,024_base_7var_monthly_DEconvlstm_30d_compact_1layer,0.04104675468083088,0.7683158367731452,13149,0.04381098275995661,0.8245014170317366,0.04104675468083088,0.7683158367731452,13149
2020-05-25,SM,30,024_base_7var_monthly_DEconvlstm_30d_compact_1layer,0.05265048913908672,0.6596611874983629,13149,0.060366992215763214,0.7109296761028103,0.05265048913908672,0.6596611874983629,13149
2020-05-26,SM,30,024_base_7var_monthly_DEconvlstm_30d_compact_1layer,0.05053279675048424,0.6602870815067465,13149,0.061031324164512436,0.6844474429171066,0.05053279675048424,0.6602870815067465,13149
2020-05-27,SM,30,024_base_7var_monthly_DEconvlstm_30d_compact_1layer,0.04525131299157904,0.6629785989158308,13149,0.05283454006321564,0.731036328176069,0.04525131299157904,0.6629785989158308,13149
2020-05-28,SM,30,024_base_7var_monthly_DEconvlstm_30d_compact_1layer,0.04266843288042141,0.6761028580964494,13149,0.04981810125174532,0.7483031242633567,0.04266843288042141,0.6761028580964494,13149
2020-05-29,SM,30,024_base_7var_monthly_DEconvlstm_30d_compact_1layer,0.04011578820229839,0.6944737265677465,13149,0.04480320961559385,0.8202756595621242,0.04011578820229839,0.6944737265677465,13149
2020-05-30,SM,30,024_base_7var_monthly_DEconvlstm_30d_compact_1layer,0.03729822408740796,0.7329667145926283,13149,0.04171302886579947,0.8348351786503028,0.03729822408740796,0.7329667145926283,13149
2020-05-31,SM,30,024_base_7var_monthly_DEconvlstm_30d_compact_1layer,0.03819509752754819,0.7343119423918718,13149,0.04059770774900088,0.8330002184916525,0.03819509752754819,0.7343119423918718,13149
2020-06-01,SM,30,024_base_7var_monthly_DEconvlstm_30d_compact_1layer,0.043624735572511696,0.7019625527414859,13149,0.04492709164746214,0.7891800663838244,0.043624735572511696,0.7019625527414859,13149
2020-06-02,SM,30,024_base_7var_monthly_DEconvlstm_30d_compact_1layer,0.042419145740730115,0.7112402614993786,13149,0.04612126333382081,0.7801268163853937,0.042419145740730115,0.7112402614993786,13149
2020-06-03,SM,30,024_base_7var_monthly_DEconvlstm_30d_compact_1layer,0.04215149555707156,0.7035218491221222,13149,0.048516463846629665,0.7679640343907674,0.04215149555707156,0.7035218491221222,13149
2020-06-04,SM,30,024_base_7var_monthly_DEconvlstm_30d_compact_1layer,0.04083636717710576,0.725419884544247,13149,0.047756235281657636,0.776941470884203,0.04083636717710576,0.725419884544247,13149
2020-06-05,SM,30,024_base_7var_monthly_DEconvlstm_30d_compact_1layer,0.04183830915515568,0.73978284938843,13149,0.04244973127523671,0.8097113822789623,0.04183830915515568,0.73978284938843,13149
2020-06-06,SM,30,024_base_7var_monthly_DEconvlstm_30d_compact_1layer,0.04077289114068454,0.7680960039824165,13149,0.03915080018480156,0.8166276995020452,0.04077289114068454,0.7680960039824165,13149
2020-06-07,SM,30,024_base_7var_monthly_DEconvlstm_30d_compact_1layer,0.03903715684589993,0.7892972829827088,13149,0.04390216310666363,0.7085509037484705,0.03903715684589993,0.7892972829827088,13149
2020-06-08,SM,30,024_base_7var_monthly_DEconvlstm_30d_compact_1layer,0.04301353045719569,0.765518955625693,13149,0.04297020885977486,0.6853489305350027,0.04301353045719569,0.765518955625693,13149
2020-06-09,SM,30,024_base_7var_monthly_DEconvlstm_30d_compact_1layer,0.045697258482426825,0.7300282679448706,13149,0.037723031470016974,0.7633707736598101,0.045697258482426825,0.7300282679448706,13149
2020-06-10,SM,30,024_base_7var_monthly_DEconvlstm_30d_compact_1layer,0.04818881207766097,0.6738864510510785,13149,0.044706489100744096,0.7875611415508172,0.04818881207766097,0.6738864510510785,13149
2020-06-11,SM,30,024_base_7var_monthly_DEconvlstm_30d_compact_1layer,0.04217621626950432,0.7541055400276648,13149,0.050853571628187544,0.7000030716666907,0.04217621626950432,0.7541055400276648,13149
2020-06-12,SM,30,024_base_7var_monthly_DEconvlstm_30d_compact_1layer,0.04207514918590673,0.7620259982633617,13149,0.0533037511898547,0.6190145144785538,0.04207514918590673,0.7620259982633617,13149
2020-06-13,SM,30,024_base_7var_monthly_DEconvlstm_30d_compact_1layer,0.044035453454818636,0.7441836025988378,13149,0.05195986911810978,0.5840365764829443,0.044035453454818636,0.7441836025988378,13149
2020-06-14,SM,30,024_base_7var_monthly_DEconvlstm_30d_compact_1layer,0.04676102827013911,0.7059404696998218,13149,0.052502549723984604,0.514778611174644,0.04676102827013911,0.7059404696998218,13149
2020-06-15,SM,30,024_base_7var_monthly_DEconvlstm_30d_compact_1layer,0.04980172251306748,0.6616873050416299,13149,0.0760622354851933,0.2529622511126586,0.04980172251306748,0.6616873050416299,13149
2020-06-16,SM,30,024_base_7var_monthly_DEconvlstm_30d_compact_1layer,0.0506772138072941,0.6389836070662176,13149,0.07678275406528842,0.18384526290871694,0.0506772138072941,0.6389836070662176,13149
2020-06-17,SM,30,024_base_7var_monthly_DEconvlstm_30d_compact_1layer,0.053968357925666045,0.593707747762396,13149,0.066751738078813,0.2666781163030928,0.053968357925666045,0.593707747762396,13149
2020-06-18,SM,30,024_base_7var_monthly_DEconvlstm_30d_compact_1layer,0.054703721958648456,0.5877073804963032,13149,0.05979391684455851,0.40729774877037483,0.054703721958648456,0.5877073804963032,13149
2020-06-19,SM,30,024_base_7var_monthly_DEconvlstm_30d_compact_1layer,0.049081166535446974,0.7173356941890421,13149,0.05328041164410293,0.6802656367856561,0.049081166535446974,0.7173356941890421,13149
2020-06-20,SM,30,024_base_7var_monthly_DEconvlstm_30d_compact_1layer,0.04944573500757519,0.6771896307991518,13149,0.05272213156193546,0.7146133439500137,0.04944573500757519,0.6771896307991518,13149
2020-06-21,SM,30,024_base_7var_monthly_DEconvlstm_30d_compact_1layer,0.04552993503316114,0.7036942533386528,13149,0.05421422352138795,0.6982136058725394,0.04552993503316114,0.7036942533386528,13149
2020-06-22,SM,30,024_base_7var_monthly_DEconvlstm_30d_compact_1layer,0.047493162775062374,0.6620217956573504,13149,0.05222472102505105,0.7350894253660372,0.047493162775062374,0.6620217956573504,13149
2020-06-23,SM,30,024_base_7var_monthly_DEconvlstm_30d_compact_1layer,0.04623868277279541,0.6701966573058473,13149,0.054417919274454114,0.6943366540811842,0.04623868277279541,0.6701966573058473,13149
2020-06-24,SM,30,024_base_7var_monthly_DEconvlstm_30d_compact_1layer,0.04544390337699858,0.7117453502124518,13149,0.06965356530592416,0.5024425645363362,0.04544390337699858,0.7117453502124518,13149
2020-06-25,SM,30,024_base_7var_monthly_DEconvlstm_30d_compact_1layer,0.04710776983605806,0.6989238981843556,13149,0.07547825570582727,0.4228323335463834,0.04710776983605806,0.6989238981843556,13149
2020-06-26,SM,30,024_base_7var_monthly_DEconvlstm_30d_compact_1layer,0.04958445016239067,0.6814661674084288,13149,0.06644579070412537,0.49150962889755234,0.04958445016239067,0.6814661674084288,13149
2020-06-27,SM,30,024_base_7var_monthly_DEconvlstm_30d_compact_1layer,0.0467953931839421,0.695021839353909,13149,0.05994945688984154,0.5625315580140877,0.0467953931839421,0.695021839353909,13149
2020-06-28,SM,30,024_base_7var_monthly_DEconvlstm_30d_compact_1layer,0.047530175721814394,0.6735948296189125,13149,0.057930009532598435,0.5923160295280654,0.047530175721814394,0.6735948296189125,13149
2020-06-29,SM,30,024_base_7var_monthly_DEconvlstm_30d_compact_1layer,0.047882096858209475,0.6937593831947555,13149,0.055058446551204315,0.5595491503025781,0.047882096858209475,0.6937593831947555,13149
2020-06-30,SM,30,024_base_7var_monthly_DEconvlstm_30d_compact_1layer,0.05147339961969509,0.6624523876821073,13149,0.055394134118210855,0.4827498045715307,0.05147339961969509,0.6624523876821073,13149
2020-07-01,SM,30,024_base_7var_monthly_DEconvlstm_30d_compact_1layer,0.04968746892940704,0.6847996811581955,13149,0.05542712372674774,0.4997642159882528,0.04968746892940704,0.6847996811581955,13149
2020-07-02,SM,30,024_base_7var_monthly_DEconvlstm_30d_compact_1layer,0.05085801478171598,0.6587216014257791,13149,0.0539293500807913,0.53404454023814,0.05085801478171598,0.6587216014257791,13149
2020-07-03,SM,30,024_base_7var_monthly_DEconvlstm_30d_compact_1layer,0.05104072092797472,0.6574611754937798,13149,0.05148069753483506,0.6146943053187371,0.05104072092797472,0.6574611754937798,13149
2020-07-04,SM,30,024_base_7var_monthly_DEconvlstm_30d_compact_1layer,0.05296243095760462,0.6353852314964521,13149,0.04961446925083685,0.5898102222154424,0.05296243095760462,0.6353852314964521,13149
2020-07-05,SM,30,024_base_7var_monthly_DEconvlstm_30d_compact_1layer,0.05616506142588202,0.5625448186065634,13149,0.050261092543000443,0.5447180604611913,0.05616506142588202,0.5625448186065634,13149
2020-07-06,SM,30,024_base_7var_monthly_DEconvlstm_30d_compact_1layer,0.05340908802404716,0.5675740792806734,13149,0.04815958811907165,0.5628750941600338,0.05340908802404716,0.5675740792806734,13149
2020-07-07,SM,30,024_base_7var_monthly_DEconvlstm_30d_compact_1layer,0.05127441928444681,0.6158441744902442,13149,0.047437511592058425,0.6479484463344822,0.05127441928444681,0.6158441744902442,13149
2020-07-08,SM,30,024_base_7var_monthly_DEconvlstm_30d_compact_1layer,0.04852085368178898,0.6209879325860248,13149,0.0439640978810174,0.662438950376526,0.04852085368178898,0.6209879325860248,13149
2020-07-09,SM,30,024_base_7var_monthly_DEconvlstm_30d_compact_1layer,0.04428107123997083,0.7026466231698638,13149,0.044624391022301285,0.7014199341363321,0.04428107123997083,0.7026466231698638,13149
2020-07-10,SM,30,024_base_7var_monthly_DEconvlstm_30d_compact_1layer,0.04664706011841762,0.6898907995444734,13149,0.05398154510252772,0.6214608006451516,0.04664706011841762,0.6898907995444734,13149
2020-07-11,SM,30,024_base_7var_monthly_DEconvlstm_30d_compact_1layer,0.049506015116305924,0.6697596376105361,13149,0.04539473911611531,0.7182983078768491,0.049506015116305924,0.6697596376105361,13149
2020-07-12,SM,30,024_base_7var_monthly_DEconvlstm_30d_compact_1layer,0.04866811359204675,0.6875682152417855,13149,0.04363968105495102,0.7234661129151352,0.04866811359204675,0.6875682152417855,13149
2020-07-13,SM,30,024_base_7var_monthly_DEconvlstm_30d_compact_1layer,0.04888366298719815,0.6608164091154853,13149,0.04151167442944881,0.716196326273316,0.04888366298719815,0.6608164091154853,13149
2020-07-14,SM,30,024_base_7var_monthly_DEconvlstm_30d_compact_1layer,0.04749065958842026,0.6256285204430139,13149,0.03865755877398669,0.7366035339589851,0.04749065958842026,0.6256285204430139,13149
2020-07-15,SM,30,024_base_7var_monthly_DEconvlstm_30d_compact_1layer,0.04695652009308636,0.6148815629281551,13149,0.04072698914913838,0.7014806868659347,0.04695652009308636,0.6148815629281551,13149
2020-07-16,SM,30,024_base_7var_monthly_DEconvlstm_30d_compact_1layer,0.04688190924742116,0.5903219322361758,13149,0.04494357027165244,0.6383289627669919,0.04688190924742116,0.5903219322361758,13149
2020-07-17,SM,30,024_base_7var_monthly_DEconvlstm_30d_compact_1layer,0.04559248341199759,0.5930636118489494,13149,0.03957556918820809,0.6847105483209606,0.04559248341199759,0.5930636118489494,13149
2020-07-18,SM,30,024_base_7var_monthly_DEconvlstm_30d_compact_1layer,0.04274371024272008,0.6444164949163469,13149,0.03848728955359768,0.6944933744911492,0.04274371024272008,0.6444164949163469,13149
2020-07-19,SM,30,024_base_7var_monthly_DEconvlstm_30d_compact_1layer,0.045565673607801886,0.6125639211802735,13149,0.04483756398395219,0.6314212009868153,0.045565673607801886,0.6125639211802735,13149
2020-07-20,SM,30,024_base_7var_monthly_DEconvlstm_30d_compact_1layer,0.046150806884997786,0.5715050910132613,13149,0.059687383968529184,0.5130874641753447,0.046150806884997786,0.5715050910132613,13149
2020-07-21,SM,30,024_base_7var_monthly_DEconvlstm_30d_compact_1layer,0.05214214060086903,0.4900914978254961,13149,0.06213974387207549,0.5704019920682508,0.05214214060086903,0.4900914978254961,13149
2020-07-22,SM,30,024_base_7var_monthly_DEconvlstm_30d_compact_1layer,0.04617814012712125,0.5545148737919942,13149,0.06056911435405532,0.5860761067994912,0.04617814012712125,0.5545148737919942,13149
2020-07-23,SM,30,024_base_7var_monthly_DEconvlstm_30d_compact_1layer,0.042086886657747784,0.6199920271538628,13149,0.05948517586933212,0.5515051302260958,0.042086886657747784,0.6199920271538628,13149
2020-07-24,SM,30,024_base_7var_monthly_DEconvlstm_30d_compact_1layer,0.04213646173591388,0.6374589300119733,13149,0.05848758582577377,0.5157221385144284,0.04213646173591388,0.6374589300119733,13149
2020-07-25,SM,30,024_base_7var_monthly_DEconvlstm_30d_compact_1layer,0.0438257093186849,0.578782623864531,13149,0.05663772911440707,0.5194538813604979,0.0438257093186849,0.578782623864531,13149
2020-07-26,SM,30,024_base_7var_monthly_DEconvlstm_30d_compact_1layer,0.05078615187497325,0.48123441637675346,13149,0.05722182694767299,0.5664661658481734,0.05078615187497325,0.48123441637675346,13149
2020-07-27,SM,30,024_base_7var_monthly_DEconvlstm_30d_compact_1layer,0.061541431670923165,0.41016606711137205,13149,0.062671681212531,0.581325788678486,0.061541431670923165,0.41016606711137205,13149
2020-07-28,SM,30,024_base_7var_monthly_DEconvlstm_30d_compact_1layer,0.059135254778932715,0.4188527192091621,13149,0.06295169536666287,0.5798822049107781,0.059135254778932715,0.4188527192091621,13149
2020-07-29,SM,30,024_base_7var_monthly_DEconvlstm_30d_compact_1layer,0.056554285171304994,0.4403542992519247,13149,0.05970141835872241,0.5903452132581728,0.056554285171304994,0.4403542992519247,13149
2020-07-30,SM,30,024_base_7var_monthly_DEconvlstm_30d_compact_1layer,0.05999370149630435,0.4148219839117071,13149,0.06459765500879942,0.5365548098175497,0.05999370149630435,0.4148219839117071,13149
2020-07-31,SM,30,024_base_7var_monthly_DEconvlstm_30d_compact_1layer,0.05550940927874819,0.4451785944690988,13149,0.06189367603804026,0.5611749985472582,0.05550940927874819,0.4451785944690988,13149
2020-08-01,SM,30,024_base_7var_monthly_DEconvlstm_30d_compact_1layer,0.049608533466000235,0.4750323209525109,13149,0.056991444584922474,0.5891364050831862,0.049608533466000235,0.4750323209525109,13149
2020-08-02,SM,30,024_base_7var_monthly_DEconvlstm_30d_compact_1layer,0.04465126437828374,0.5447051058780945,13149,0.04909055329316329,0.6786249453317316,0.04465126437828374,0.5447051058780945,13149
2020-08-03,SM,30,024_base_7var_monthly_DEconvlstm_30d_compact_1layer,0.040260440265766875,0.610927637355927,13149,0.04372060414515513,0.7087021100870774,0.040260440265766875,0.610927637355927,13149
2020-08-04,SM,30,024_base_7var_monthly_DEconvlstm_30d_compact_1layer,0.039791471581900426,0.6402840528692129,13149,0.0422887654486265,0.6867333219891232,0.039791471581900426,0.6402840528692129,13149
2020-08-05,SM,30,024_base_7var_monthly_DEconvlstm_30d_compact_1layer,0.04035733156329421,0.6378674847889001,13149,0.04359420164320016,0.6550447529375655,0.04035733156329421,0.6378674847889001,13149
2020-08-06,SM,30,024_base_7var_monthly_DEconvlstm_30d_compact_1layer,0.04208482517667885,0.6275514474810107,13149,0.04787504853116259,0.6238183059696186,0.04208482517667885,0.6275514474810107,13149
2020-08-07,SM,30,024_base_7var_monthly_DEconvlstm_30d_compact_1layer,0.04096647516485475,0.622580551795481,13149,0.04747370367650004,0.6004608578720648,0.04096647516485475,0.622580551795481,13149
2020-08-08,SM,30,024_base_7var_monthly_DEconvlstm_30d_compact_1layer,0.03966738866286134,0.6423625056071577,13149,0.042682198451037545,0.6784337901244144,0.03966738866286134,0.6423625056071577,13149
2020-08-09,SM,30,024_base_7var_monthly_DEconvlstm_30d_compact_1layer,0.03799779577138687,0.6740716177910399,13149,0.038567772179621866,0.7196958471283768,0.03799779577138687,0.6740716177910399,13149
2020-08-10,SM,30,024_base_7var_monthly_DEconvlstm_30d_compact_1layer,0.03848273470148677,0.6885887473855413,13149,0.038996653630927226,0.7250215850716965,0.03848273470148677,0.6885887473855413,13149
2020-08-11,SM,30,024_base_7var_monthly_DEconvlstm_30d_compact_1layer,0.04133084704374699,0.670403916041894,13149,0.03732498902319977,0.7668037691439042,0.04133084704374699,0.670403916041894,13149
2020-08-12,SM,30,024_base_7var_monthly_DEconvlstm_30d_compact_1layer,0.04215532104666656,0.6370174272074898,13149,0.03206383977676508,0.8172573500812123,0.04215532104666656,0.6370174272074898,13149
2020-08-13,SM,30,024_base_7var_monthly_DEconvlstm_30d_compact_1layer,0.042792127713864765,0.6545424413730843,13149,0.03175549094833092,0.8120825820104423,0.042792127713864765,0.6545424413730843,13149
2020-08-14,SM,30,024_base_7var_monthly_DEconvlstm_30d_compact_1layer,0.0429700877458741,0.6680518999901482,13149,0.034999877067657094,0.738948305718147,0.0429700877458741,0.6680518999901482,13149
2020-08-15,SM,30,024_base_7var_monthly_DEconvlstm_30d_compact_1layer,0.04399499557498693,0.663878139408205,13149,0.03680773106419571,0.6998244796355436,0.04399499557498693,0.663878139408205,13149
2020-08-16,SM,30,024_base_7var_monthly_DEconvlstm_30d_compact_1layer,0.045342206116271135,0.657296202402851,13149,0.03170638755898064,0.7638615227086575,0.045342206116271135,0.657296202402851,13149
2020-08-17,SM,30,024_base_7var_monthly_DEconvlstm_30d_compact_1layer,0.046023306495903984,0.5872043861072741,13149,0.03357925759478358,0.7743240980003254,0.046023306495903984,0.5872043861072741,13149
2020-08-18,SM,30,024_base_7var_monthly_DEconvlstm_30d_compact_1layer,0.04474347123870211,0.6332399529126818,13149,0.03339652424453107,0.7704757585871616,0.04474347123870211,0.6332399529126818,13149
2020-08-19,SM,30,024_base_7var_monthly_DEconvlstm_30d_compact_1layer,0.046463065952126036,0.6388159509312116,13149,0.03975590134097627,0.6580439772346192,0.046463065952126036,0.6388159509312116,13149
2020-08-20,SM,30,024_base_7var_monthly_DEconvlstm_30d_compact_1layer,0.046209495236276814,0.6483408449152793,13149,0.05392983049447291,0.37019053599258656,0.046209495236276814,0.6483408449152793,13149
2020-08-21,SM,30,024_base_7var_monthly_DEconvlstm_30d_compact_1layer,0.04965525091675902,0.6197018965621588,13149,0.049305776815192194,0.42487490569181674,0.04965525091675902,0.6197018965621588,13149
2020-08-22,SM,30,024_base_7var_monthly_DEconvlstm_30d_compact_1layer,0.04973757287081828,0.6163316133648111,13149,0.042725247976592176,0.564306269115835,0.04973757287081828,0.6163316133648111,13149
2020-08-23,SM,30,024_base_7var_monthly_DEconvlstm_30d_compact_1layer,0.05077215531600723,0.6102903310519256,13149,0.04148052746272143,0.633902515881273,0.05077215531600723,0.6102903310519256,13149
2020-08-24,SM,30,024_base_7var_monthly_DEconvlstm_30d_compact_1layer,0.04887196965676416,0.620010576349568,13149,0.04621805570836055,0.5609138170613366,0.04887196965676416,0.620010576349568,13149
2020-08-25,SM,30,024_base_7var_monthly_DEconvlstm_30d_compact_1layer,0.05005258021808401,0.5960806631488913,13149,0.05605806554608901,0.38864690866364837,0.05005258021808401,0.5960806631488913,13149
2020-08-26,SM,30,024_base_7var_monthly_DEconvlstm_30d_compact_1layer,0.05035159365516263,0.6015313444111412,13149,0.07540530890878752,0.04465320134355277,0.05035159365516263,0.6015313444111412,13149
2020-08-27,SM,30,024_base_7var_monthly_DEconvlstm_30d_compact_1layer,0.052572807333370594,0.5738711925984689,13149,0.07670634691892197,0.15542929174732645,0.052572807333370594,0.5738711925984689,13149
2020-08-28,SM,30,024_base_7var_monthly_DEconvlstm_30d_compact_1layer,0.05147193338216825,0.5845255859280829,13149,0.07288532846331196,0.1955362298800818,0.05147193338216825,0.5845255859280829,13149
2020-08-29,SM,30,024_base_7var_monthly_DEconvlstm_30d_compact_1layer,0.05072095795998859,0.5648782165599796,13149,0.07280153818660343,0.3148860321606253,0.05072095795998859,0.5648782165599796,13149
2020-08-30,SM,30,024_base_7var_monthly_DEconvlstm_30d_compact_1layer,0.05552120716002834,0.45225863869615457,13149,0.06340003195488828,0.5085402622069797,0.05552120716002834,0.45225863869615457,13149
2020-08-31,SM,30,024_base_7var_monthly_DEconvlstm_30d_compact_1layer,0.05438129475622015,0.49421082312113507,13149,0.05660761767271275,0.5704173312365608,0.05438129475622015,0.49421082312113507,13149
2020-09-01,SM,30,024_base_7var_monthly_DEconvlstm_30d_compact_1layer,0.06003223711516473,0.42757486952449264,13149,0.0563328227707547,0.6199340387281762,0.06003223711516473,0.42757486952449264,13149
2020-09-02,SM,30,024_base_7var_monthly_DEconvlstm_30d_compact_1layer,0.06883332970081847,0.31790339614351193,13149,0.06485668451857005,0.4920474926357853,0.06883332970081847,0.31790339614351193,13149
2020-09-03,SM,30,024_base_7var_monthly_DEconvlstm_30d_compact_1layer,0.06651141874668892,0.3599309963667465,13149,0.06245731572246488,0.4870978582214316,0.06651141874668892,0.3599309963667465,13149
2020-09-04,SM,30,024_base_7var_monthly_DEconvlstm_30d_compact_1layer,0.06377492313223107,0.3909019232132446,13149,0.05838756196723521,0.5366421030221322,0.06377492313223107,0.3909019232132446,13149
2020-09-05,SM,30,024_base_7var_monthly_DEconvlstm_30d_compact_1layer,0.06263827827452467,0.38398471214224406,13149,0.054926202055544084,0.575558921511214,0.06263827827452467,0.38398471214224406,13149
2020-09-06,SM,30,024_base_7var_monthly_DEconvlstm_30d_compact_1layer,0.062181211620285934,0.3765370270531695,13149,0.055252400879742695,0.555516989379063,0.062181211620285934,0.3765370270531695,13149
2020-09-07,SM,30,024_base_7var_monthly_DEconvlstm_30d_compact_1layer,0.05839047358065514,0.4175010660558043,13149,0.04840534095680962,0.6115051966188713,0.05839047358065514,0.4175010660558043,13149
2020-09-08,SM,30,024_base_7var_monthly_DEconvlstm_30d_compact_1layer,0.0506114693191393,0.5190504735648153,13149,0.04617964795533881,0.6245817870702068,0.0506114693191393,0.5190504735648153,13149
2020-09-09,SM,30,024_base_7var_monthly_DEconvlstm_30d_compact_1layer,0.05914351129881594,0.4580569008184955,13149,0.0741567027385266,0.38849289156609923,0.05914351129881594,0.4580569008184955,13149
2020-09-10,SM,30,024_base_7var_monthly_DEconvlstm_30d_compact_1layer,0.07711236457014906,0.3981402056375347,13149,0.09279158521890865,0.398378287500068,0.07711236457014906,0.3981402056375347,13149
2020-09-11,SM,30,024_base_7var_monthly_DEconvlstm_30d_compact_1layer,0.07047391105813063,0.4373665155696811,13149,0.08588698629214601,0.4459374453200513,0.07047391105813063,0.4373665155696811,13149
2020-09-12,SM,30,024_base_7var_monthly_DEconvlstm_30d_compact_1layer,0.0617243316329017,0.4958701106783052,13149,0.07638073812770135,0.5142643329914294,0.0617243316329017,0.4958701106783052,13149
2020-09-13,SM,30,024_base_7var_monthly_DEconvlstm_30d_compact_1layer,0.05669660496412022,0.5124695177883063,13149,0.07050230109431523,0.5349912536849184,0.05669660496412022,0.5124695177883063,13149
2020-09-14,SM,30,024_base_7var_monthly_DEconvlstm_30d_compact_1layer,0.05212827527051126,0.5519098366489881,13149,0.06910608518066103,0.5206543165611768,0.05212827527051126,0.5519098366489881,13149
2020-09-15,SM,30,024_base_7var_monthly_DEconvlstm_30d_compact_1layer,0.04847925256797182,0.5905439190392134,13149,0.0677050056120509,0.5184494112452214,0.04847925256797182,0.5905439190392134,13149
2020-09-16,SM,30,024_base_7var_monthly_DEconvlstm_30d_compact_1layer,0.045597491236398904,0.5957312759156905,13149,0.05999108028553152,0.5836610286522785,0.045597491236398904,0.5957312759156905,13149
2020-09-17,SM,30,024_base_7var_monthly_DEconvlstm_30d_compact_1layer,0.04523443858131987,0.6055573441278175,13149,0.0560358916396241,0.6046269521572073,0.04523443858131987,0.6055573441278175,13149
2020-09-18,SM,30,024_base_7var_monthly_DEconvlstm_30d_compact_1layer,0.04763338127376838,0.5784817691863341,13149,0.055089468236199396,0.5995788846352309,0.04763338127376838,0.5784817691863341,13149
2020-09-19,SM,30,024_base_7var_monthly_DEconvlstm_30d_compact_1layer,0.04683986953790188,0.5872931213518113,13149,0.04880835501938815,0.6458685172217116,0.04683986953790188,0.5872931213518113,13149
2020-09-20,SM,30,024_base_7var_monthly_DEconvlstm_30d_compact_1layer,0.04653958352767007,0.6068452107098318,13149,0.04418051255068994,0.6773840255286978,0.04653958352767007,0.6068452107098318,13149
2020-09-21,SM,30,024_base_7var_monthly_DEconvlstm_30d_compact_1layer,0.04655300529578742,0.6245864435657018,13149,0.04217728898286903,0.6944249743846524,0.04655300529578742,0.6245864435657018,13149
2020-09-22,SM,30,024_base_7var_monthly_DEconvlstm_30d_compact_1layer,0.05117756513793455,0.5250861278761967,13149,0.05064513655815451,0.6002361191000323,0.05117756513793455,0.5250861278761967,13149
2020-09-23,SM,30,024_base_7var_monthly_DEconvlstm_30d_compact_1layer,0.05181350108099234,0.49287178213924,13149,0.05168767319906619,0.5703848964112832,0.05181350108099234,0.49287178213924,13149
2020-09-24,SM,30,024_base_7var_monthly_DEconvlstm_30d_compact_1layer,0.046632208462831296,0.5449820537828033,13149,0.046200893740326786,0.6147929024897449,0.046632208462831296,0.5449820537828033,13149
2020-09-25,SM,30,024_base_7var_monthly_DEconvlstm_30d_compact_1layer,0.04396418690027693,0.5720128873726378,13149,0.042034922613648266,0.6487430519304345,0.04396418690027693,0.5720128873726378,13149
2020-09-26,SM,30,024_base_7var_monthly_DEconvlstm_30d_compact_1layer,0.043030009776332215,0.5862262465662356,13149,0.03742173781453015,0.7149674471119376,0.043030009776332215,0.5862262465662356,13149
2020-09-27,SM,30,024_base_7var_monthly_DEconvlstm_30d_compact_1layer,0.04268796011265796,0.5921553749966931,13149,0.03451463266618428,0.7393745675834674,0.04268796011265796,0.5921553749966931,13149
2020-09-28,SM,30,024_base_7var_monthly_DEconvlstm_30d_compact_1layer,0.04362481553403957,0.5724292145346637,13149,0.03904952921683839,0.7329420418349271,0.04362481553403957,0.5724292145346637,13149
2020-09-29,SM,30,024_base_7var_monthly_DEconvlstm_30d_compact_1layer,0.0427083948271783,0.5954652131362589,13149,0.03942434686490413,0.7275486213982751,0.0427083948271783,0.5954652131362589,13149
2020-09-30,SM,30,024_base_7var_monthly_DEconvlstm_30d_compact_1layer,0.04329931353017363,0.5816278847138958,13149,0.034504281272995714,0.7769887488557808,0.04329931353017363,0.5816278847138958,13149
2020-10-01,SM,30,024_base_7var_monthly_DEconvlstm_30d_compact_1layer,0.0449448400077712,0.584247234963231,13149,0.03679616682419695,0.6989062273261526,0.0449448400077712,0.584247234963231,13149
2020-10-02,SM,30,024_base_7var_monthly_DEconvlstm_30d_compact_1layer,0.046628566513054095,0.5736773931581884,13149,0.047835664730957225,0.4661163076218071,0.046628566513054095,0.5736773931581884,13149
2020-10-03,SM,30,024_base_7var_monthly_DEconvlstm_30d_compact_1layer,0.047837842167683726,0.590826411802404,13149,0.04623174705162732,0.48109273370143946,0.047837842167683726,0.590826411802404,13149
2020-10-04,SM,30,024_base_7var_monthly_DEconvlstm_30d_compact_1layer,0.04962530526785108,0.5877324555133918,13149,0.04287051144530096,0.5220630180341506,0.04962530526785108,0.5877324555133918,13149
2020-10-05,SM,30,024_base_7var_monthly_DEconvlstm_30d_compact_1layer,0.04723376197068364,0.6086042434908814,13149,0.04042380595231645,0.5457309096389892,0.04723376197068364,0.6086042434908814,13149
2020-10-06,SM,30,024_base_7var_monthly_DEconvlstm_30d_compact_1layer,0.04493843867431495,0.6286778128410917,13149,0.041536898872981225,0.5302353837059712,0.04493843867431495,0.6286778128410917,13149
2020-10-07,SM,30,024_base_7var_monthly_DEconvlstm_30d_compact_1layer,0.04814783796946769,0.6044577329298769,13149,0.0349644601022926,0.6192385873146898,0.04814783796946769,0.6044577329298769,13149
2020-10-08,SM,30,024_base_7var_monthly_DEconvlstm_30d_compact_1layer,0.04499474709622926,0.6527194749122218,13149,0.03227584095903145,0.691629731684009,0.04499474709622926,0.6527194749122218,13149
2020-10-09,SM,30,024_base_7var_monthly_DEconvlstm_30d_compact_1layer,0.04549033773719303,0.6530405801135581,13149,0.06922212109387584,0.3280548502725549,0.04549033773719303,0.6530405801135581,13149
2020-10-10,SM,30,024_base_7var_monthly_DEconvlstm_30d_compact_1layer,0.04413101799600499,0.6712356816893013,13149,0.0960170893413966,0.06362483036402045,0.04413101799600499,0.6712356816893013,13149
2020-10-11,SM,30,024_base_7var_monthly_DEconvlstm_30d_compact_1layer,0.04558233082754298,0.6611060756777567,13149,0.08880063339823886,0.1877239621602057,0.04558233082754298,0.6611060756777567,13149
2020-10-12,SM,30,024_base_7var_monthly_DEconvlstm_30d_compact_1layer,0.04525085090533436,0.6820115382058038,13149,0.07735699510995167,0.3887122449562934,0.04525085090533436,0.6820115382058038,13149
2020-10-13,SM,30,024_base_7var_monthly_DEconvlstm_30d_compact_1layer,0.04221204591378393,0.7030481909179925,13149,0.06872585984805643,0.45961433447814604,0.04221204591378393,0.7030481909179925,13149
2020-10-14,SM,30,024_base_7var_monthly_DEconvlstm_30d_compact_1layer,0.04440522953540463,0.6901163312034789,13149,0.06523999922625441,0.4894359320759676,0.04440522953540463,0.6901163312034789,13149
2020-10-15,SM,30,024_base_7var_monthly_DEconvlstm_30d_compact_1layer,0.04906736036932075,0.6501406910809483,13149,0.06294184674553804,0.5018131857167658,0.04906736036932075,0.6501406910809483,13149
2020-10-16,SM,30,024_base_7var_monthly_DEconvlstm_30d_compact_1layer,0.05592091731370622,0.5942552952528698,13149,0.05554006889807327,0.5795812475319594,0.05592091731370622,0.5942552952528698,13149
2020-10-17,SM,30,024_base_7var_monthly_DEconvlstm_30d_compact_1layer,0.06499256711093071,0.534144693299414,13149,0.05091164540821575,0.6338809137718069,0.06499256711093071,0.534144693299414,13149
2020-10-18,SM,30,024_base_7var_monthly_DEconvlstm_30d_compact_1layer,0.066906322319481,0.5238842252701829,13149,0.04951315039853142,0.6129321166326434,0.066906322319481,0.5238842252701829,13149
2020-10-19,SM,30,024_base_7var_monthly_DEconvlstm_30d_compact_1layer,0.06471425914824665,0.5348593627877636,13149,0.043133237811855504,0.6860897965117383,0.06471425914824665,0.5348593627877636,13149
2020-10-20,SM,30,024_base_7var_monthly_DEconvlstm_30d_compact_1layer,0.06596718015706285,0.529308959705289,13149,0.03805915677549397,0.7435905460807879,0.06596718015706285,0.529308959705289,13149
2020-10-21,SM,30,024_base_7var_monthly_DEconvlstm_30d_compact_1layer,0.06888438843402478,0.5110666757120748,13149,0.03661399466292021,0.7305665277424763,0.06888438843402478,0.5110666757120748,13149
2020-10-22,SM,30,024_base_7var_monthly_DEconvlstm_30d_compact_1layer,0.07336605315769205,0.4624410066255392,13149,0.04630856096616322,0.5465648106335687,0.07336605315769205,0.4624410066255392,13149
2020-10-23,SM,30,024_base_7var_monthly_DEconvlstm_30d_compact_1layer,0.07285823078622919,0.5047008777155558,13149,0.045475472427141825,0.6551081559772867,0.07285823078622919,0.5047008777155558,13149
2020-10-24,SM,30,024_base_7var_monthly_DEconvlstm_30d_compact_1layer,0.07247769802462532,0.5073112106867527,13149,0.03869591439715508,0.767074098681973,0.07247769802462532,0.5073112106867527,13149
2020-10-25,SM,30,024_base_7var_monthly_DEconvlstm_30d_compact_1layer,0.07417916879583263,0.4817623932523717,13149,0.03482013210155001,0.7914630168817611,0.07417916879583263,0.4817623932523717,13149
2020-10-26,SM,30,024_base_7var_monthly_DEconvlstm_30d_compact_1layer,0.06890661477117019,0.5256942634954003,13149,0.03104095542385026,0.8372405048739427,0.06890661477117019,0.5256942634954003,13149
2020-10-27,SM,30,024_base_7var_monthly_DEconvlstm_30d_compact_1layer,0.05995335446201856,0.5636030525976216,13149,0.03249273590900988,0.7929063212471755,0.05995335446201856,0.5636030525976216,13149
2020-10-28,SM,30,024_base_7var_monthly_DEconvlstm_30d_compact_1layer,0.05413752317223643,0.6222212857348027,13149,0.03320333635190509,0.7890320009356158,0.05413752317223643,0.6222212857348027,13149
2020-10-29,SM,30,024_base_7var_monthly_DEconvlstm_30d_compact_1layer,0.05355533255742888,0.5962024589406448,13149,0.0630162712496737,0.5145400293570208,0.05355533255742888,0.5962024589406448,13149
2020-10-30,SM,30,024_base_7var_monthly_DEconvlstm_30d_compact_1layer,0.05488601860881109,0.6269155107839283,13149,0.06275063434014357,0.5079117393446009,0.05488601860881109,0.6269155107839283,13149
2020-10-31,SM,30,024_base_7var_monthly_DEconvlstm_30d_compact_1layer,0.052538256357290807,0.6646356637099877,13149,0.05695921145567689,0.5540725697753188,0.052538256357290807,0.6646356637099877,13149
2020-11-01,SM,30,024_base_7var_monthly_DEconvlstm_30d_compact_1layer,0.05072584984382682,0.6939001961836018,13149,0.05226891096780754,0.5926319708448156,0.05072584984382682,0.6939001961836018,13149
2020-11-02,SM,30,024_base_7var_monthly_DEconvlstm_30d_compact_1layer,0.04828764079365989,0.7050266283406699,13149,0.04879244294427555,0.621739675976561,0.04828764079365989,0.7050266283406699,13149
2020-11-03,SM,30,024_base_7var_monthly_DEconvlstm_30d_compact_1layer,0.04953402291801627,0.7049639866801621,13149,0.04656915209648165,0.6396080937013735,0.04953402291801627,0.7049639866801621,13149
2020-11-04,SM,30,024_base_7var_monthly_DEconvlstm_30d_compact_1layer,0.05083724303831907,0.686582967960059,13149,0.04452443496202769,0.6553781322097112,0.05083724303831907,0.686582967960059,13149
2020-11-05,SM,30,024_base_7var_monthly_DEconvlstm_30d_compact_1layer,0.05282648519217842,0.6677263549635093,13149,0.04318817399763882,0.6634811959711919,0.05282648519217842,0.6677263549635093,13149
2020-11-06,SM,30,024_base_7var_monthly_DEconvlstm_30d_compact_1layer,0.055902104549871164,0.6225120409880174,13149,0.04209818543148683,0.6686785547586672,0.055902104549871164,0.6225120409880174,13149
2020-11-07,SM,30,024_base_7var_monthly_DEconvlstm_30d_compact_1layer,0.056820868027765176,0.6206706191369005,13149,0.0409023644682748,0.6756394049380958,0.056820868027765176,0.6206706191369005,13149
2020-11-08,SM,30,024_base_7var_monthly_DEconvlstm_30d_compact_1layer,0.057922030013624067,0.6018343672902371,13149,0.040766697442407546,0.6748338821905673,0.057922030013624067,0.6018343672902371,13149
2020-11-09,SM,30,024_base_7var_monthly_DEconvlstm_30d_compact_1layer,0.060006581015073876,0.5788667519833517,13149,0.04308333788822668,0.6525498419565996,0.060006581015073876,0.5788667519833517,13149
2020-11-10,SM,30,024_base_7var_monthly_DEconvlstm_30d_compact_1layer,0.060482639323758816,0.5631778071958745,13149,0.05222599484104283,0.5668512294349766,0.060482639323758816,0.5631778071958745,13149
2020-11-11,SM,30,024_base_7var_monthly_DEconvlstm_30d_compact_1layer,0.05980085251634266,0.5728021136579065,13149,0.050476853598429156,0.6178052190092551,0.05980085251634266,0.5728021136579065,13149
2020-11-12,SM,30,024_base_7var_monthly_DEconvlstm_30d_compact_1layer,0.05969955711604874,0.5866671688066539,13149,0.04935514773086797,0.622843828763237,0.05969955711604874,0.5866671688066539,13149
2020-11-13,SM,30,024_base_7var_monthly_DEconvlstm_30d_compact_1layer,0.05921863595491207,0.5912807221935684,13149,0.04841639636093955,0.6234459930648242,0.05921863595491207,0.5912807221935684,13149
2020-11-14,SM,30,024_base_7var_monthly_DEconvlstm_30d_compact_1layer,0.05623425857463254,0.620722558278916,13149,0.04890468225746271,0.6086388210433233,0.05623425857463254,0.620722558278916,13149
2020-11-15,SM,30,024_base_7var_monthly_DEconvlstm_30d_compact_1layer,0.05396703178507474,0.6670710916001592,13149,0.048977831738119135,0.6114385530315833,0.05396703178507474,0.6670710916001592,13149
2020-11-16,SM,30,024_base_7var_monthly_DEconvlstm_30d_compact_1layer,0.056095022225770085,0.6448928022632272,13149,0.04726673556181765,0.6359371559267555,0.056095022225770085,0.6448928022632272,13149
2020-11-17,SM,30,024_base_7var_monthly_DEconvlstm_30d_compact_1layer,0.05616906416114848,0.6538380255154008,13149,0.04513592483026412,0.6445141419218503,0.05616906416114848,0.6538380255154008,13149
2020-11-18,SM,30,024_base_7var_monthly_DEconvlstm_30d_compact_1layer,0.05701066578334003,0.6502456796199177,13149,0.04340413353414151,0.6552921077393901,0.05701066578334003,0.6502456796199177,13149
2020-11-19,SM,30,024_base_7var_monthly_DEconvlstm_30d_compact_1layer,0.056687120854375515,0.6529633914731157,13149,0.04193233713298295,0.6697525016845831,0.056687120854375515,0.6529633914731157,13149
2020-11-20,SM,30,024_base_7var_monthly_DEconvlstm_30d_compact_1layer,0.0560004152841429,0.6529227152419748,13149,0.040329172679511055,0.6819612626671616,0.0560004152841429,0.6529227152419748,13149
2020-11-21,SM,30,024_base_7var_monthly_DEconvlstm_30d_compact_1layer,0.05334335486531533,0.6781462143373718,13149,0.03967193648955639,0.6873050313699718,0.05334335486531533,0.6781462143373718,13149
2020-11-22,SM,30,024_base_7var_monthly_DEconvlstm_30d_compact_1layer,0.0583025296177146,0.6558036972749386,13149,0.044149942494247855,0.688188043982573,0.0583025296177146,0.6558036972749386,13149
2020-11-23,SM,30,024_base_7var_monthly_DEconvlstm_30d_compact_1layer,0.049482080972518855,0.7334383980339211,13149,0.04319836196025116,0.7208921245938971,0.049482080972518855,0.7334383980339211,13149
2020-11-24,SM,30,024_base_7var_monthly_DEconvlstm_30d_compact_1layer,0.050733439326948696,0.7351093534548245,13149,0.04503640121485282,0.6823899203491377,0.050733439326948696,0.7351093534548245,13149
2020-11-25,SM,30,024_base_7var_monthly_DEconvlstm_30d_compact_1layer,0.05327032701071932,0.7046362591702315,13149,0.05581329875076676,0.5975456611844501,0.05327032701071932,0.7046362591702315,13149
2020-11-26,SM,30,024_base_7var_monthly_DEconvlstm_30d_compact_1layer,0.046813225104812575,0.7654208051944852,13149,0.046956060907953005,0.7226304088678766,0.046813225104812575,0.7654208051944852,13149
2020-11-27,SM,30,024_base_7var_monthly_DEconvlstm_30d_compact_1layer,0.04407879194250661,0.7959661670836014,13149,0.042953736655669095,0.7837086219123734,0.04407879194250661,0.7959661670836014,13149
2020-11-28,SM,30,024_base_7var_monthly_DEconvlstm_30d_compact_1layer,0.03971642045111205,0.8302481207170637,13149,0.05128735616606974,0.7596211704023978,0.03971642045111205,0.8302481207170637,13149
2020-11-29,SM,30,024_base_7var_monthly_DEconvlstm_30d_compact_1layer,0.04126186660196895,0.8324257209677165,13149,0.05231730669596978,0.7329882874617971,0.04126186660196895,0.8324257209677165,13149
2020-11-30,SM,30,024_base_7var_monthly_DEconvlstm_30d_compact_1layer,0.03738487361352838,0.849602398236875,13149,0.04479880964218919,0.7703842566105101,0.03738487361352838,0.849602398236875,13149
2020-12-01,SM,30,024_base_7var_monthly_DEconvlstm_30d_compact_1layer,0.0357712412678066,0.8686596180359613,13149,0.04322624500953081,0.7594200414638174,0.0357712412678066,0.8686596180359613,13149
2020-12-02,SM,30,024_base_7var_monthly_DEconvlstm_30d_compact_1layer,0.036035412463842176,0.8650318330341199,13149,0.04300539010062063,0.7382615412917721,0.036035412463842176,0.8650318330341199,13149
2020-12-03,SM,30,024_base_7var_monthly_DEconvlstm_30d_compact_1layer,0.037541399039786975,0.8489235027264758,13149,0.04367998650796941,0.7075094562196392,0.037541399039786975,0.8489235027264758,13149
2020-12-04,SM,30,024_base_7var_monthly_DEconvlstm_30d_compact_1layer,0.03687048678741296,0.861464450920263,13149,0.04150519744661451,0.720740315685445,0.03687048678741296,0.861464450920263,13149
2020-12-05,SM,30,024_base_7var_monthly_DEconvlstm_30d_compact_1layer,0.03749800389693584,0.8631874131021123,13149,0.039443192169352916,0.7301612639520425,0.03749800389693584,0.8631874131021123,13149
2020-12-06,SM,30,024_base_7var_monthly_DEconvlstm_30d_compact_1layer,0.03765919531712499,0.8575143965720451,13149,0.039122857086724236,0.7324485214399081,0.03765919531712499,0.8575143965720451,13149
2020-12-07,SM,30,024_base_7var_monthly_DEconvlstm_30d_compact_1layer,0.03763651952256863,0.8456273663699494,13149,0.038488209474877716,0.7334868153780896,0.03763651952256863,0.8456273663699494,13149
2020-12-08,SM,30,024_base_7var_monthly_DEconvlstm_30d_compact_1layer,0.0360923792647465,0.8492488551991119,13149,0.0372494402152211,0.7373341298444569,0.0360923792647465,0.8492488551991119,13149
2020-12-09,SM,30,024_base_7var_monthly_DEconvlstm_30d_compact_1layer,0.03503532058523901,0.8508669472948365,13149,0.0354104781930374,0.7504995450971441,0.03503532058523901,0.8508669472948365,13149
2020-12-10,SM,30,024_base_7var_monthly_DEconvlstm_30d_compact_1layer,0.036338071890019884,0.8403727258987034,13149,0.02817461739048252,0.860149518028561,0.036338071890019884,0.8403727258987034,13149
2020-12-11,SM,30,024_base_7var_monthly_DEconvlstm_30d_compact_1layer,0.03741497776006629,0.8455363531298552,13149,0.029457956329103287,0.855663633182407,0.03741497776006629,0.8455363531298552,13149
2020-12-12,SM,30,024_base_7var_monthly_DEconvlstm_30d_compact_1layer,0.03651172129703457,0.8591412007965513,13149,0.03202424877234018,0.825120821862753,0.03651172129703457,0.8591412007965513,13149
2020-12-13,SM,30,024_base_7var_monthly_DEconvlstm_30d_compact_1layer,0.034987387910603227,0.8533813058944388,13149,0.03350031742666851,0.7914511440283188,0.034987387910603227,0.8533813058944388,13149
2020-12-14,SM,30,024_base_7var_monthly_DEconvlstm_30d_compact_1layer,0.03788261486984252,0.8008249641150831,13149,0.03706064892094286,0.7628843597547773,0.03788261486984252,0.8008249641150831,13149
2020-12-15,SM,30,024_base_7var_monthly_DEconvlstm_30d_compact_1layer,0.038258161429571606,0.8147485169490354,13149,0.03525934872958859,0.7708976564345557,0.038258161429571606,0.8147485169490354,13149
2020-12-16,SM,30,024_base_7var_monthly_DEconvlstm_30d_compact_1layer,0.04034976309388636,0.8357811239631234,13149,0.03632940235656018,0.7465694289765692,0.04034976309388636,0.8357811239631234,13149
2020-12-17,SM,30,024_base_7var_monthly_DEconvlstm_30d_compact_1layer,0.04217807124752812,0.8299223260102992,13149,0.03642747106047691,0.7430043764002661,0.04217807124752812,0.8299223260102992,13149
2020-12-18,SM,30,024_base_7var_monthly_DEconvlstm_30d_compact_1layer,0.04478445234365759,0.789263422469767,13149,0.037315874142124165,0.7306413742487571,0.04478445234365759,0.789263422469767,13149
2020-12-19,SM,30,024_base_7var_monthly_DEconvlstm_30d_compact_1layer,0.04071290772798646,0.8185129770082565,13149,0.03925200235301995,0.7198330726259238,0.04071290772798646,0.8185129770082565,13149
2020-12-20,SM,30,024_base_7var_monthly_DEconvlstm_30d_compact_1layer,0.03876840981602272,0.8339023319138106,13149,0.04222534941283429,0.7020883500213789,0.03876840981602272,0.8339023319138106,13149
2020-12-21,SM,30,024_base_7var_monthly_DEconvlstm_30d_compact_1layer,0.03839345948764727,0.8358290480266514,13149,0.04050956400873884,0.7143749035156512,0.03839345948764727,0.8358290480266514,13149
2020-12-22,SM,30,024_base_7var_monthly_DEconvlstm_30d_compact_1layer,0.03761510603156995,0.8407227511875797,13149,0.03785324627183987,0.7790575537719893,0.03761510603156995,0.8407227511875797,13149
2020-12-23,SM,30,024_base_7var_monthly_DEconvlstm_30d_compact_1layer,0.038518482662773204,0.8498561269681596,13149,0.0356616470504117,0.7916242410886727,0.038518482662773204,0.8498561269681596,13149
2020-12-24,SM,30,024_base_7var_monthly_DEconvlstm_30d_compact_1layer,0.037288164606721054,0.8419886582991893,13149,0.03252882754599375,0.8384643656827997,0.037288164606721054,0.8419886582991893,13149
2020-12-25,SM,30,024_base_7var_monthly_DEconvlstm_30d_compact_1layer,0.03804662490468902,0.8528499504913869,13149,0.030131957395135037,0.9142260124149764,0.03804662490468902,0.8528499504913869,13149
2020-12-26,SM,30,024_base_7var_monthly_DEconvlstm_30d_compact_1layer,0.037485787383286284,0.8624982122404274,13149,0.027809788140789896,0.9093778331964348,0.037485787383286284,0.8624982122404274,13149
2020-12-27,SM,30,024_base_7var_monthly_DEconvlstm_30d_compact_1layer,0.037959605406314344,0.8550186785800766,13149,0.02589951923930025,0.9073897684146147,0.037959605406314344,0.8550186785800766,13149
2020-12-28,SM,30,024_base_7var_monthly_DEconvlstm_30d_compact_1layer,0.039855765972631574,0.8421165139089282,13149,0.023892147364660877,0.9443887071302507,0.039855765972631574,0.8421165139089282,13149
2020-12-29,SM,30,024_base_7var_monthly_DEconvlstm_30d_compact_1layer,0.042654082322685076,0.829003988298758,13149,0.03529623640617536,0.8882001591673878,0.042654082322685076,0.829003988298758,13149
2020-12-30,SM,30,024_base_7var_monthly_DEconvlstm_30d_compact_1layer,0.046803726178574236,0.7846803560767387,13149,0.03256880334964381,0.8620071538198522,0.046803726178574236,0.7846803560767387,13149
2020-12-31,SM,30,024_base_7var_monthly_DEconvlstm_30d_compact_1layer,0.0464236364501833,0.7705037629742125,13149,0.04185757869350706,0.8026316791119793,0.0464236364501833,0.7705037629742125,13149
2020-01-01,SM,90,037_base_7var_seasonal_DEconvlstm_90d_low_lr_wd_hidden48,0.04356237206015753,0.8532338714772205,13149,0.06597273596246868,0.6808820867649877,0.04356237206015753,0.8532338714772205,13149
2020-01-02,SM,90,037_base_7var_seasonal_DEconvlstm_90d_low_lr_wd_hidden48,0.043435151092097765,0.8584086999347451,13149,0.0681869873152556,0.6531737448579047,0.043435151092097765,0.8584086999347451,13149
2020-01-03,SM,90,037_base_7var_seasonal_DEconvlstm_90d_low_lr_wd_hidden48,0.04241351649958067,0.8601874952796138,13149,0.06789705371417541,0.6419612727353721,0.04241351649958067,0.8601874952796138,13149
2020-01-04,SM,90,037_base_7var_seasonal_DEconvlstm_90d_low_lr_wd_hidden48,0.04227919817255486,0.8567537063131156,13149,0.06296545239990392,0.6902135532703031,0.04227919817255486,0.8567537063131156,13149
2020-01-05,SM,90,037_base_7var_seasonal_DEconvlstm_90d_low_lr_wd_hidden48,0.042095972814462757,0.8563386432350759,13149,0.06005955686282839,0.7031593250475014,0.042095972814462757,0.8563386432350759,13149
2020-01-06,SM,90,037_base_7var_seasonal_DEconvlstm_90d_low_lr_wd_hidden48,0.0428584985103071,0.8531869462815085,13149,0.05923117284080336,0.6932965414594774,0.0428584985103071,0.8531869462815085,13149
2020-01-07,SM,90,037_base_7var_seasonal_DEconvlstm_90d_low_lr_wd_hidden48,0.04383368374977608,0.840760807378994,13149,0.05964258621085945,0.6779456116005456,0.04383368374977608,0.840760807378994,13149
2020-01-08,SM,90,037_base_7var_seasonal_DEconvlstm_90d_low_lr_wd_hidden48,0.0445385576488194,0.8358663469540495,13149,0.060685169387040105,0.6683939055301324,0.0445385576488194,0.8358663469540495,13149
2020-01-09,SM,90,037_base_7var_seasonal_DEconvlstm_90d_low_lr_wd_hidden48,0.04404389729608664,0.8317419333359343,13149,0.05837641253424092,0.7047742498671641,0.04404389729608664,0.8317419333359343,13149
2020-01-10,SM,90,037_base_7var_seasonal_DEconvlstm_90d_low_lr_wd_hidden48,0.043424390887643695,0.8337283593553863,13149,0.05384187816055536,0.7344704450667656,0.043424390887643695,0.8337283593553863,13149
2020-01-11,SM,90,037_base_7var_seasonal_DEconvlstm_90d_low_lr_wd_hidden48,0.04170329209671797,0.8060969840908829,13149,0.061528939375597815,0.6637915333274782,0.04170329209671797,0.8060969840908829,13149
2020-01-12,SM,90,037_base_7var_seasonal_DEconvlstm_90d_low_lr_wd_hidden48,0.042595607918801986,0.7982466632137192,13149,0.06217941571902414,0.6457382509450442,0.042595607918801986,0.7982466632137192,13149
2020-01-13,SM,90,037_base_7var_seasonal_DEconvlstm_90d_low_lr_wd_hidden48,0.046028692895098804,0.7943676237812552,13149,0.06417396799036577,0.6301068879018137,0.046028692895098804,0.7943676237812552,13149
2020-01-14,SM,90,037_base_7var_seasonal_DEconvlstm_90d_low_lr_wd_hidden48,0.049487839181525724,0.7639722740868414,13149,0.06416972701540746,0.6275894021919732,0.049487839181525724,0.7639722740868414,13149
2020-01-15,SM,90,037_base_7var_seasonal_DEconvlstm_90d_low_lr_wd_hidden48,0.047427813146897965,0.7871533389500747,13149,0.06354771355396827,0.63087103488304,0.047427813146897965,0.7871533389500747,13149
2020-01-16,SM,90,037_base_7var_seasonal_DEconvlstm_90d_low_lr_wd_hidden48,0.04727028690673329,0.796585542992859,13149,0.06852620109852575,0.6055324644512492,0.04727028690673329,0.796585542992859,13149
2020-01-17,SM,90,037_base_7var_seasonal_DEconvlstm_90d_low_lr_wd_hidden48,0.04319122548926008,0.7936587473778562,13149,0.08195966423219252,0.5321326074316025,0.04319122548926008,0.7936587473778562,13149
2020-01-18,SM,90,037_base_7var_seasonal_DEconvlstm_90d_low_lr_wd_hidden48,0.04291290677959725,0.8151444460170022,13149,0.08206256529917053,0.5534937557885453,0.04291290677959725,0.8151444460170022,13149
2020-01-19,SM,90,037_base_7var_seasonal_DEconvlstm_90d_low_lr_wd_hidden48,0.0422234855911459,0.8086094159768209,13149,0.07746975604475798,0.5739472049478108,0.0422234855911459,0.8086094159768209,13149
2020-01-20,SM,90,037_base_7var_seasonal_DEconvlstm_90d_low_lr_wd_hidden48,0.04346892549940678,0.7964139602867494,13149,0.06881609900096135,0.6528698152933894,0.04346892549940678,0.7964139602867494,13149
2020-01-21,SM,90,037_base_7var_seasonal_DEconvlstm_90d_low_lr_wd_hidden48,0.044473817271528715,0.7726202726847318,13149,0.06897897389577791,0.6394406491826036,0.044473817271528715,0.7726202726847318,13149
2020-01-22,SM,90,037_base_7var_seasonal_DEconvlstm_90d_low_lr_wd_hidden48,0.04518863246497988,0.7613913425037364,13149,0.07457743615733413,0.5988425508057545,0.04518863246497988,0.7613913425037364,13149
2020-01-23,SM,90,037_base_7var_seasonal_DEconvlstm_90d_low_lr_wd_hidden48,0.04391345751050784,0.7636169322861768,13149,0.07264539875306393,0.6166711461365699,0.04391345751050784,0.7636169322861768,13149
2020-01-24,SM,90,037_base_7var_seasonal_DEconvlstm_90d_low_lr_wd_hidden48,0.041944240076439,0.7817422012859028,13149,0.06415642649314786,0.7258963794157589,0.041944240076439,0.7817422012859028,13149
2020-01-25,SM,90,037_base_7var_seasonal_DEconvlstm_90d_low_lr_wd_hidden48,0.041569819108275445,0.7857884476884855,13149,0.061881530039831795,0.7214880710199805,0.041569819108275445,0.7857884476884855,13149
2020-01-26,SM,90,037_base_7var_seasonal_DEconvlstm_90d_low_lr_wd_hidden48,0.04234804005842288,0.7744325284836482,13149,0.06088374164020714,0.6969447511958742,0.04234804005842288,0.7744325284836482,13149
2020-01-27,SM,90,037_base_7var_seasonal_DEconvlstm_90d_low_lr_wd_hidden48,0.04225025444377588,0.7750231449783413,13149,0.060437160912736924,0.6840478269570085,0.04225025444377588,0.7750231449783413,13149
2020-01-28,SM,90,037_base_7var_seasonal_DEconvlstm_90d_low_lr_wd_hidden48,0.04249179241282272,0.7696689438143843,13149,0.06308868868732803,0.6792186641203217,0.04249179241282272,0.7696689438143843,13149
2020-01-29,SM,90,037_base_7var_seasonal_DEconvlstm_90d_low_lr_wd_hidden48,0.04308574923058692,0.7614860498644217,13149,0.06354105937802161,0.7154407945256953,0.04308574923058692,0.7614860498644217,13149
2020-01-30,SM,90,037_base_7var_seasonal_DEconvlstm_90d_low_lr_wd_hidden48,0.041793798672194925,0.776237115684739,13149,0.060609255927275535,0.720212632515651,0.041793798672194925,0.776237115684739,13149
2020-01-31,SM,90,037_base_7var_seasonal_DEconvlstm_90d_low_lr_wd_hidden48,0.04134425120071596,0.7778571557734032,13149,0.05903389691842887,0.7147157401379693,0.04134425120071596,0.7778571557734032,13149
2020-02-01,SM,90,037_base_7var_seasonal_DEconvlstm_90d_low_lr_wd_hidden48,0.041232473930321686,0.7748877747258709,13149,0.0585102928814702,0.7056742256642932,0.041232473930321686,0.7748877747258709,13149
2020-02-02,SM,90,037_base_7var_seasonal_DEconvlstm_90d_low_lr_wd_hidden48,0.041542725565640336,0.7700404790450397,13149,0.058252386783253424,0.7001972492439823,0.041542725565640336,0.7700404790450397,13149
2020-02-03,SM,90,037_base_7var_seasonal_DEconvlstm_90d_low_lr_wd_hidden48,0.042143094999527904,0.7602928957343466,13149,0.05671438473354977,0.7053968771064955,0.042143094999527904,0.7602928957343466,13149
2020-02-04,SM,90,037_base_7var_seasonal_DEconvlstm_90d_low_lr_wd_hidden48,0.04180704713031601,0.7617951501946295,13149,0.056336242316243915,0.7000947191618716,0.04180704713031601,0.7617951501946295,13149
2020-02-05,SM,90,037_base_7var_seasonal_DEconvlstm_90d_low_lr_wd_hidden48,0.044346072596295756,0.734720563937993,13149,0.060033801614453916,0.6821953532228897,0.044346072596295756,0.734720563937993,13149
2020-02-06,SM,90,037_base_7var_seasonal_DEconvlstm_90d_low_lr_wd_hidden48,0.046844200566627185,0.7141902611041188,13149,0.06402401844021213,0.6828569701905396,0.046844200566627185,0.7141902611041188,13149
2020-02-07,SM,90,037_base_7var_seasonal_DEconvlstm_90d_low_lr_wd_hidden48,0.04844088564066497,0.6936835911487401,13149,0.06174078390001947,0.6927989336403488,0.04844088564066497,0.6936835911487401,13149
2020-02-08,SM,90,037_base_7var_seasonal_DEconvlstm_90d_low_lr_wd_hidden48,0.047401385930335105,0.6987429138313013,13149,0.0579743460374503,0.7025535120422992,0.047401385930335105,0.6987429138313013,13149
2020-02-09,SM,90,037_base_7var_seasonal_DEconvlstm_90d_low_lr_wd_hidden48,0.04604551429753336,0.7208669761188673,13149,0.055083560426423685,0.7112528536099727,0.04604551429753336,0.7208669761188673,13149
2020-02-10,SM,90,037_base_7var_seasonal_DEconvlstm_90d_low_lr_wd_hidden48,0.045815371332510735,0.7187639937447285,13149,0.054429873711797236,0.7110520248561818,0.045815371332510735,0.7187639937447285,13149
2020-02-11,SM,90,037_base_7var_seasonal_DEconvlstm_90d_low_lr_wd_hidden48,0.047011658537655425,0.7104186172497028,13149,0.05931682730617442,0.7029638897794389,0.047011658537655425,0.7104186172497028,13149
2020-02-12,SM,90,037_base_7var_seasonal_DEconvlstm_90d_low_lr_wd_hidden48,0.050281281954096056,0.6804802876678637,13149,0.0695170512912679,0.6448997881774445,0.050281281954096056,0.6804802876678637,13149
2020-02-13,SM,90,037_base_7var_seasonal_DEconvlstm_90d_low_lr_wd_hidden48,0.049811649765572584,0.6865085091192411,13149,0.06699866166314768,0.6634684454602893,0.049811649765572584,0.6865085091192411,13149
2020-02-14,SM,90,037_base_7var_seasonal_DEconvlstm_90d_low_lr_wd_hidden48,0.05117041221750913,0.6715023726795707,13149,0.06554083381263678,0.6592098734468976,0.05117041221750913,0.6715023726795707,13149
2020-02-15,SM,90,037_base_7var_seasonal_DEconvlstm_90d_low_lr_wd_hidden48,0.051930790810043,0.6594802537126428,13149,0.06552577324361646,0.6409769833843734,0.051930790810043,0.6594802537126428,13149
2020-02-16,SM,90,037_base_7var_seasonal_DEconvlstm_90d_low_lr_wd_hidden48,0.05071210146361169,0.6656401813452029,13149,0.06266886250343684,0.6487786755274975,0.05071210146361169,0.6656401813452029,13149
2020-02-17,SM,90,037_base_7var_seasonal_DEconvlstm_90d_low_lr_wd_hidden48,0.04955084397101857,0.6784207461670961,13149,0.06098240319240144,0.6456098871124585,0.04955084397101857,0.6784207461670961,13149
2020-02-18,SM,90,037_base_7var_seasonal_DEconvlstm_90d_low_lr_wd_hidden48,0.049086192049182645,0.6876529144289276,13149,0.05921959047545579,0.6570336970409603,0.049086192049182645,0.6876529144289276,13149
2020-02-19,SM,90,037_base_7var_seasonal_DEconvlstm_90d_low_lr_wd_hidden48,0.049116597455293835,0.7050217215705987,13149,0.05913219142522761,0.6513618020432761,0.049116597455293835,0.7050217215705987,13149
2020-02-20,SM,90,037_base_7var_seasonal_DEconvlstm_90d_low_lr_wd_hidden48,0.05080933041725666,0.6840292465803024,13149,0.05733206092226624,0.6883239647191526,0.05080933041725666,0.6840292465803024,13149
2020-02-21,SM,90,037_base_7var_seasonal_DEconvlstm_90d_low_lr_wd_hidden48,0.05040835852420172,0.69243812386567,13149,0.055956793485915764,0.6922440195183397,0.05040835852420172,0.69243812386567,13149
2020-02-22,SM,90,037_base_7var_seasonal_DEconvlstm_90d_low_lr_wd_hidden48,0.05077904262420046,0.6915111377624406,13149,0.05180405956277541,0.710424835114019,0.05077904262420046,0.6915111377624406,13149
2020-02-23,SM,90,037_base_7var_seasonal_DEconvlstm_90d_low_lr_wd_hidden48,0.0491989286466042,0.7064341833722008,13149,0.049775550726213175,0.7226830560403255,0.0491989286466042,0.7064341833722008,13149
2020-02-24,SM,90,037_base_7var_seasonal_DEconvlstm_90d_low_lr_wd_hidden48,0.05626951059761195,0.6636905776767265,13149,0.057714692968095574,0.6719732775883374,0.05626951059761195,0.6636905776767265,13149
2020-02-25,SM,90,037_base_7var_seasonal_DEconvlstm_90d_low_lr_wd_hidden48,0.053665247403035674,0.6872222437331462,13149,0.05592489957346113,0.6809938728065033,0.053665247403035674,0.6872222437331462,13149
2020-02-26,SM,90,037_base_7var_seasonal_DEconvlstm_90d_low_lr_wd_hidden48,0.052146130925125954,0.6985910066385088,13149,0.05145920753602159,0.706662033515152,0.052146130925125954,0.6985910066385088,13149
2020-02-27,SM,90,037_base_7var_seasonal_DEconvlstm_90d_low_lr_wd_hidden48,0.05171006979223473,0.6966506247049862,13149,0.05315578812181479,0.710714189501001,0.05171006979223473,0.6966506247049862,13149
2020-02-28,SM,90,037_base_7var_seasonal_DEconvlstm_90d_low_lr_wd_hidden48,0.05217875711137593,0.6903123397013944,13149,0.05197012427145723,0.735554861933388,0.05217875711137593,0.6903123397013944,13149
2020-03-01,SM,90,037_base_7var_seasonal_DEconvlstm_90d_low_lr_wd_hidden48,0.05177939333309518,0.6887189058783091,13149,0.04960384347183944,0.7534610468287725,0.05177939333309518,0.6887189058783091,13149
2020-03-02,SM,90,037_base_7var_seasonal_DEconvlstm_90d_low_lr_wd_hidden48,0.05177271280490166,0.6910918798459322,13149,0.046393925145678215,0.7454034578596171,0.05177271280490166,0.6910918798459322,13149
2020-03-03,SM,90,037_base_7var_seasonal_DEconvlstm_90d_low_lr_wd_hidden48,0.050632786055487156,0.7067662176879423,13149,0.0429990848688865,0.7690554591943788,0.050632786055487156,0.7067662176879423,13149
2020-03-04,SM,90,037_base_7var_seasonal_DEconvlstm_90d_low_lr_wd_hidden48,0.057262183949766815,0.678244033403494,13149,0.05267151105122873,0.7537653521016641,0.057262183949766815,0.678244033403494,13149
2020-03-05,SM,90,037_base_7var_seasonal_DEconvlstm_90d_low_lr_wd_hidden48,0.05794684666769547,0.6707805416425789,13149,0.05567201767207841,0.7384389642556592,0.05794684666769547,0.6707805416425789,13149
2020-03-06,SM,90,037_base_7var_seasonal_DEconvlstm_90d_low_lr_wd_hidden48,0.05300132742860179,0.7024023261774839,13149,0.049193519281352266,0.7822571665462849,0.05300132742860179,0.7024023261774839,13149
2020-03-07,SM,90,037_base_7var_seasonal_DEconvlstm_90d_low_lr_wd_hidden48,0.05105415681687864,0.710504139121758,13149,0.04633776847699828,0.7966251321521451,0.05105415681687864,0.710504139121758,13149
2020-03-08,SM,90,037_base_7var_seasonal_DEconvlstm_90d_low_lr_wd_hidden48,0.0511838115718169,0.7023333725267074,13149,0.045759536877856645,0.8027181488316795,0.0511838115718169,0.7023333725267074,13149
2020-03-09,SM,90,037_base_7var_seasonal_DEconvlstm_90d_low_lr_wd_hidden48,0.056847342703612885,0.6688378179489166,13149,0.049844930037644064,0.7798718760570943,0.056847342703612885,0.6688378179489166,13149
2020-03-10,SM,90,037_base_7var_seasonal_DEconvlstm_90d_low_lr_wd_hidden48,0.05371306346851354,0.6877877640866213,13149,0.04660056583249671,0.8002687136971466,0.05371306346851354,0.6877877640866213,13149
2020-03-11,SM,90,037_base_7var_seasonal_DEconvlstm_90d_low_lr_wd_hidden48,0.051700056567879224,0.6970399909559327,13149,0.04447598074381428,0.8087911212687309,0.051700056567879224,0.6970399909559327,13149
2020-03-12,SM,90,037_base_7var_seasonal_DEconvlstm_90d_low_lr_wd_hidden48,0.05040913807560451,0.7098567026731833,13149,0.04147056621295308,0.8407910158123235,0.05040913807560451,0.7098567026731833,13149
2020-03-13,SM,90,037_base_7var_seasonal_DEconvlstm_90d_low_lr_wd_hidden48,0.04889779815328511,0.7345001928479318,13149,0.04034607384564898,0.8568855379852736,0.04889779815328511,0.7345001928479318,13149
2020-03-14,SM,90,037_base_7var_seasonal_DEconvlstm_90d_low_lr_wd_hidden48,0.05601463136166617,0.6852856472136626,13149,0.04801089032405318,0.8036214286695138,0.05601463136166617,0.6852856472136626,13149
2020-03-15,SM,90,037_base_7var_seasonal_DEconvlstm_90d_low_lr_wd_hidden48,0.05175864508804044,0.7156586433093561,13149,0.045426023931518296,0.824206531027012,0.05175864508804044,0.7156586433093561,13149
2020-03-16,SM,90,037_base_7var_seasonal_DEconvlstm_90d_low_lr_wd_hidden48,0.052656839562492,0.7191074444445384,13149,0.05052926458693564,0.7979760390803201,0.052656839562492,0.7191074444445384,13149
2020-03-17,SM,90,037_base_7var_seasonal_DEconvlstm_90d_low_lr_wd_hidden48,0.04918915879223325,0.7436057821334344,13149,0.04782154060150665,0.8197742822573857,0.04918915879223325,0.7436057821334344,13149
2020-03-18,SM,90,037_base_7var_seasonal_DEconvlstm_90d_low_lr_wd_hidden48,0.055121902799017686,0.6962545259691638,13149,0.05733493453932228,0.7623235281591827,0.055121902799017686,0.6962545259691638,13149
2020-03-19,SM,90,037_base_7var_seasonal_DEconvlstm_90d_low_lr_wd_hidden48,0.056187864522826536,0.688022283598855,13149,0.056237811459612694,0.7754667334047759,0.056187864522826536,0.688022283598855,13149
2020-03-20,SM,90,037_base_7var_seasonal_DEconvlstm_90d_low_lr_wd_hidden48,0.05360251539059428,0.7076993748909675,13149,0.05531077502816539,0.7879321485766588,0.05360251539059428,0.7076993748909675,13149
2020-03-21,SM,90,037_base_7var_seasonal_DEconvlstm_90d_low_lr_wd_hidden48,0.05351550712888096,0.7065568867305354,13149,0.056419729281824815,0.7789039127664817,0.05351550712888096,0.7065568867305354,13149
2020-03-22,SM,90,037_base_7var_seasonal_DEconvlstm_90d_low_lr_wd_hidden48,0.05142253144884607,0.7048028434279869,13149,0.05856068101077963,0.7696044196792546,0.05142253144884607,0.7048028434279869,13149
2020-03-23,SM,90,037_base_7var_seasonal_DEconvlstm_90d_low_lr_wd_hidden48,0.04445519409526311,0.756694139469769,13149,0.051743912054284615,0.8069808271494752,0.04445519409526311,0.756694139469769,13149
2020-03-24,SM,90,037_base_7var_seasonal_DEconvlstm_90d_low_lr_wd_hidden48,0.04190719372968944,0.7706811872254711,13149,0.049933051631364744,0.8156135622549603,0.04190719372968944,0.7706811872254711,13149
2020-03-25,SM,90,037_base_7var_seasonal_DEconvlstm_90d_low_lr_wd_hidden48,0.0403266160730223,0.7888777121162087,13149,0.047937910446465386,0.8245220747668112,0.0403266160730223,0.7888777121162087,13149
2020-03-26,SM,90,037_base_7var_seasonal_DEconvlstm_90d_low_lr_wd_hidden48,0.03860279624961397,0.8085738117311686,13149,0.04511211303227605,0.8365027316640232,0.03860279624961397,0.8085738117311686,13149
2020-03-27,SM,90,037_base_7var_seasonal_DEconvlstm_90d_low_lr_wd_hidden48,0.038434916729159455,0.8205916705266121,13149,0.042514143484953165,0.8482641701870717,0.038434916729159455,0.8205916705266121,13149
2020-03-28,SM,90,037_base_7var_seasonal_DEconvlstm_90d_low_lr_wd_hidden48,0.04186544786113311,0.8032410869107447,13149,0.042534114552993586,0.8518313363770922,0.04186544786113311,0.8032410869107447,13149
2020-03-29,SM,90,037_base_7var_seasonal_DEconvlstm_90d_low_lr_wd_hidden48,0.0418305484868814,0.7970105388269157,13149,0.04968038978707057,0.8014681980168195,0.0418305484868814,0.7970105388269157,13149
2020-03-30,SM,90,037_base_7var_seasonal_DEconvlstm_90d_low_lr_wd_hidden48,0.03871415362647385,0.8274148072318748,13149,0.04963164883457617,0.7797694014617129,0.03871415362647385,0.8274148072318748,13149
2020-03-31,SM,90,037_base_7var_seasonal_DEconvlstm_90d_low_lr_wd_hidden48,0.03955711755382316,0.8133237792794911,13149,0.0461889327959258,0.8323080742965305,0.03955711755382316,0.8133237792794911,13149
2020-04-01,SM,90,037_base_7var_seasonal_DEconvlstm_90d_low_lr_wd_hidden48,0.037700886524944764,0.8380258203249703,13149,0.04782740095123905,0.7987294126625128,0.037700886524944764,0.8380258203249703,13149
2020-04-02,SM,90,037_base_7var_seasonal_DEconvlstm_90d_low_lr_wd_hidden48,0.037762134613207876,0.8410562641444186,13149,0.05060663498904713,0.7637917899900347,0.037762134613207876,0.8410562641444186,13149
2020-04-03,SM,90,037_base_7var_seasonal_DEconvlstm_90d_low_lr_wd_hidden48,0.03830966031658173,0.8291309065936626,13149,0.0515058878722867,0.7778525212022924,0.03830966031658173,0.8291309065936626,13149
2020-04-04,SM,90,037_base_7var_seasonal_DEconvlstm_90d_low_lr_wd_hidden48,0.03907311988325957,0.8028858402707282,13149,0.056796883275820276,0.7530239888238771,0.03907311988325957,0.8028858402707282,13149
2020-04-05,SM,90,037_base_7var_seasonal_DEconvlstm_90d_low_lr_wd_hidden48,0.038230981856642136,0.8101282009544928,13149,0.056058916494838705,0.7583026443584902,0.038230981856642136,0.8101282009544928,13149
2020-04-06,SM,90,037_base_7var_seasonal_DEconvlstm_90d_low_lr_wd_hidden48,0.03569312496587365,0.8433585320348853,13149,0.05302118549068688,0.7686454312109388,0.03569312496587365,0.8433585320348853,13149
2020-04-07,SM,90,037_base_7var_seasonal_DEconvlstm_90d_low_lr_wd_hidden48,0.034971299703240415,0.8570867218638579,13149,0.052272586677274774,0.7610983628204002,0.034971299703240415,0.8570867218638579,13149
2020-04-08,SM,90,037_base_7var_seasonal_DEconvlstm_90d_low_lr_wd_hidden48,0.03515051000591578,0.8648686805371757,13149,0.051829176993996216,0.7452632940624982,0.03515051000591578,0.8648686805371757,13149
2020-04-09,SM,90,037_base_7var_seasonal_DEconvlstm_90d_low_lr_wd_hidden48,0.0357561096125976,0.8662115122525145,13149,0.05235229787401288,0.7183041640630855,0.0357561096125976,0.8662115122525145,13149
2020-04-10,SM,90,037_base_7var_seasonal_DEconvlstm_90d_low_lr_wd_hidden48,0.03727345887786608,0.8554796671754835,13149,0.05520244503467327,0.7037992905228212,0.03727345887786608,0.8554796671754835,13149
2020-04-11,SM,90,037_base_7var_seasonal_DEconvlstm_90d_low_lr_wd_hidden48,0.03840939877482092,0.8490223044747175,13149,0.05838917600269701,0.6205499901376086,0.03840939877482092,0.8490223044747175,13149
2020-04-12,SM,90,037_base_7var_seasonal_DEconvlstm_90d_low_lr_wd_hidden48,0.039701702831064375,0.8233756678669646,13149,0.05944759257690745,0.6989663628017282,0.039701702831064375,0.8233756678669646,13149
2020-04-13,SM,90,037_base_7var_seasonal_DEconvlstm_90d_low_lr_wd_hidden48,0.03932278605639402,0.8348973161626353,13149,0.05961310572383224,0.6698617879789303,0.03932278605639402,0.8348973161626353,13149
2020-04-14,SM,90,037_base_7var_seasonal_DEconvlstm_90d_low_lr_wd_hidden48,0.039787616930808435,0.8391064772671628,13149,0.05843205341431914,0.6559899260983284,0.039787616930808435,0.8391064772671628,13149
2020-04-15,SM,90,037_base_7var_seasonal_DEconvlstm_90d_low_lr_wd_hidden48,0.03929112263296832,0.8442601312804453,13149,0.05698316138892839,0.6495994233122491,0.03929112263296832,0.8442601312804453,13149
2020-04-16,SM,90,037_base_7var_seasonal_DEconvlstm_90d_low_lr_wd_hidden48,0.03925021410505188,0.8441001275201419,13149,0.05620726837456674,0.647318710592019,0.03925021410505188,0.8441001275201419,13149
2020-04-17,SM,90,037_base_7var_seasonal_DEconvlstm_90d_low_lr_wd_hidden48,0.04008314717300927,0.8351589415269871,13149,0.06208371892082407,0.6403311363655482,0.04008314717300927,0.8351589415269871,13149
2020-04-18,SM,90,037_base_7var_seasonal_DEconvlstm_90d_low_lr_wd_hidden48,0.043042656031824035,0.8216416577261817,13149,0.06700268231805226,0.6103433702336905,0.043042656031824035,0.8216416577261817,13149
2020-04-19,SM,90,037_base_7var_seasonal_DEconvlstm_90d_low_lr_wd_hidden48,0.042597461269731005,0.8231418511723907,13149,0.06471862393631195,0.6285995549211731,0.042597461269731005,0.8231418511723907,13149
2020-04-20,SM,90,037_base_7var_seasonal_DEconvlstm_90d_low_lr_wd_hidden48,0.04143600270553744,0.8281223903252862,13149,0.06441309129570091,0.6199739752481228,0.04143600270553744,0.8281223903252862,13149
2020-04-21,SM,90,037_base_7var_seasonal_DEconvlstm_90d_low_lr_wd_hidden48,0.042892161975614324,0.8146542463763412,13149,0.06699876101464945,0.5618306406010412,0.042892161975614324,0.8146542463763412,13149
2020-04-22,SM,90,037_base_7var_seasonal_DEconvlstm_90d_low_lr_wd_hidden48,0.04277122119027421,0.8167882259621716,13149,0.0685113166405191,0.5840472650805786,0.04277122119027421,0.8167882259621716,13149
2020-04-23,SM,90,037_base_7var_seasonal_DEconvlstm_90d_low_lr_wd_hidden48,0.043657296200387025,0.8025975004536565,13149,0.06671624029890623,0.6357107013423534,0.043657296200387025,0.8025975004536565,13149
2020-04-24,SM,90,037_base_7var_seasonal_DEconvlstm_90d_low_lr_wd_hidden48,0.042149307946546546,0.818863439777707,13149,0.06548626644612811,0.6173301463964864,0.042149307946546546,0.818863439777707,13149
2020-04-25,SM,90,037_base_7var_seasonal_DEconvlstm_90d_low_lr_wd_hidden48,0.043142809835231284,0.8113971944808167,13149,0.06233636662320336,0.6510171907912192,0.043142809835231284,0.8113971944808167,13149
2020-04-26,SM,90,037_base_7var_seasonal_DEconvlstm_90d_low_lr_wd_hidden48,0.04344117392420987,0.8117422622908234,13149,0.06441044209205331,0.6011016062853465,0.04344117392420987,0.8117422622908234,13149
2020-04-27,SM,90,037_base_7var_seasonal_DEconvlstm_90d_low_lr_wd_hidden48,0.04514868946755545,0.7991999685348459,13149,0.06596896650265578,0.5804354765219637,0.04514868946755545,0.7991999685348459,13149
2020-04-28,SM,90,037_base_7var_seasonal_DEconvlstm_90d_low_lr_wd_hidden48,0.04723718658207444,0.7851986595489487,13149,0.07177435282531512,0.5407032406072989,0.04723718658207444,0.7851986595489487,13149
2020-04-29,SM,90,037_base_7var_seasonal_DEconvlstm_90d_low_lr_wd_hidden48,0.045426246894598864,0.7907673163472718,13149,0.07287160029864724,0.5908045965431867,0.045426246894598864,0.7907673163472718,13149
2020-04-30,SM,90,037_base_7var_seasonal_DEconvlstm_90d_low_lr_wd_hidden48,0.04564623169271077,0.7930223106218105,13149,0.07276208204557595,0.5758025020219723,0.04564623169271077,0.7930223106218105,13149
2020-05-01,SM,90,037_base_7var_seasonal_DEconvlstm_90d_low_lr_wd_hidden48,0.04745779541446653,0.780967641401831,13149,0.07414926978345535,0.5481111731654951,0.04745779541446653,0.780967641401831,13149
2020-05-02,SM,90,037_base_7var_seasonal_DEconvlstm_90d_low_lr_wd_hidden48,0.04944870518168904,0.767759892696669,13149,0.07490648498862243,0.5213431964663251,0.04944870518168904,0.767759892696669,13149
2020-05-03,SM,90,037_base_7var_seasonal_DEconvlstm_90d_low_lr_wd_hidden48,0.05137761648515654,0.753903523338462,13149,0.075380770375643,0.5157513564005188,0.05137761648515654,0.753903523338462,13149
2020-05-04,SM,90,037_base_7var_seasonal_DEconvlstm_90d_low_lr_wd_hidden48,0.054041713509807784,0.7326751449980236,13149,0.0715795863044819,0.5824132359736613,0.054041713509807784,0.7326751449980236,13149
2020-05-05,SM,90,037_base_7var_seasonal_DEconvlstm_90d_low_lr_wd_hidden48,0.05482899881570246,0.724839187437071,13149,0.06700262062606464,0.6449817161538995,0.05482899881570246,0.724839187437071,13149
2020-05-06,SM,90,037_base_7var_seasonal_DEconvlstm_90d_low_lr_wd_hidden48,0.055472091308915436,0.727847571880794,13149,0.07196356763269686,0.5708017263685659,0.055472091308915436,0.727847571880794,13149
2020-05-07,SM,90,037_base_7var_seasonal_DEconvlstm_90d_low_lr_wd_hidden48,0.05728706488453972,0.7148559844789335,13149,0.0760382555651245,0.5194679059475846,0.05728706488453972,0.7148559844789335,13149
2020-05-08,SM,90,037_base_7var_seasonal_DEconvlstm_90d_low_lr_wd_hidden48,0.05312842300074119,0.744128237753547,13149,0.07011552735677361,0.6173370633973967,0.05312842300074119,0.744128237753547,13149
2020-05-09,SM,90,037_base_7var_seasonal_DEconvlstm_90d_low_lr_wd_hidden48,0.05434210849869763,0.7398873157382861,13149,0.07057276412585937,0.5962317530844057,0.05434210849869763,0.7398873157382861,13149
2020-05-10,SM,90,037_base_7var_seasonal_DEconvlstm_90d_low_lr_wd_hidden48,0.058409285613562525,0.708907781022275,13149,0.07101480763114959,0.5687243953503894,0.058409285613562525,0.708907781022275,13149
2020-05-11,SM,90,037_base_7var_seasonal_DEconvlstm_90d_low_lr_wd_hidden48,0.05974309802751573,0.6944523920333745,13149,0.07382801622622985,0.5257956022103976,0.05974309802751573,0.6944523920333745,13149
2020-05-12,SM,90,037_base_7var_seasonal_DEconvlstm_90d_low_lr_wd_hidden48,0.05602877731972498,0.7148217172581626,13149,0.07645064321668445,0.5692380483577114,0.05602877731972498,0.7148217172581626,13149
2020-05-13,SM,90,037_base_7var_seasonal_DEconvlstm_90d_low_lr_wd_hidden48,0.05004111667965483,0.7608321205870361,13149,0.0773981327310153,0.5798564838711253,0.05004111667965483,0.7608321205870361,13149
2020-05-14,SM,90,037_base_7var_seasonal_DEconvlstm_90d_low_lr_wd_hidden48,0.04780982482422734,0.765828518941114,13149,0.07515741319618555,0.5846937283484211,0.04780982482422734,0.765828518941114,13149
2020-05-15,SM,90,037_base_7var_seasonal_DEconvlstm_90d_low_lr_wd_hidden48,0.04848118600495388,0.7639027520247693,13149,0.07525729764419938,0.5853013814542676,0.04848118600495388,0.7639027520247693,13149
2020-05-16,SM,90,037_base_7var_seasonal_DEconvlstm_90d_low_lr_wd_hidden48,0.04782511988677152,0.7338349032968069,13149,0.07436131933207536,0.6335318376260695,0.04782511988677152,0.7338349032968069,13149
2020-05-17,SM,90,037_base_7var_seasonal_DEconvlstm_90d_low_lr_wd_hidden48,0.045395695995283564,0.7369220660168241,13149,0.06817325980985618,0.6965486022606346,0.045395695995283564,0.7369220660168241,13149
2020-05-18,SM,90,037_base_7var_seasonal_DEconvlstm_90d_low_lr_wd_hidden48,0.041540364968970823,0.7825221475296135,13149,0.06743384789661944,0.6602562668392125,0.041540364968970823,0.7825221475296135,13149
2020-05-19,SM,90,037_base_7var_seasonal_DEconvlstm_90d_low_lr_wd_hidden48,0.04188100921479511,0.7948799981742658,13149,0.06797269374542614,0.6233499735064554,0.04188100921479511,0.7948799981742658,13149
2020-05-20,SM,90,037_base_7var_seasonal_DEconvlstm_90d_low_lr_wd_hidden48,0.043874457522720595,0.7900071994903024,13149,0.06999095490810289,0.5743407279465076,0.043874457522720595,0.7900071994903024,13149
2020-05-21,SM,90,037_base_7var_seasonal_DEconvlstm_90d_low_lr_wd_hidden48,0.046812601592443305,0.7771797700792324,13149,0.07407158545903597,0.5144668784262202,0.046812601592443305,0.7771797700792324,13149
2020-05-22,SM,90,037_base_7var_seasonal_DEconvlstm_90d_low_lr_wd_hidden48,0.04377036388459283,0.7698062253102063,13149,0.06541131434207667,0.6419197073896308,0.04377036388459283,0.7698062253102063,13149
2020-05-23,SM,90,037_base_7var_seasonal_DEconvlstm_90d_low_lr_wd_hidden48,0.04439099521769633,0.7499704916461664,13149,0.05962880013807753,0.7173392823058462,0.04439099521769633,0.7499704916461664,13149
2020-05-24,SM,90,037_base_7var_seasonal_DEconvlstm_90d_low_lr_wd_hidden48,0.04242937923599897,0.7642898187617615,13149,0.058252696850875106,0.7222348745424889,0.04242937923599897,0.7642898187617615,13149
2020-05-25,SM,90,037_base_7var_seasonal_DEconvlstm_90d_low_lr_wd_hidden48,0.04739663773426733,0.6828180339736742,13149,0.05937436408152475,0.7847214772077185,0.04739663773426733,0.6828180339736742,13149
2020-05-26,SM,90,037_base_7var_seasonal_DEconvlstm_90d_low_lr_wd_hidden48,0.04657305782139353,0.6765452219101686,13149,0.058676699791841556,0.7994480284694718,0.04657305782139353,0.6765452219101686,13149
2020-05-27,SM,90,037_base_7var_seasonal_DEconvlstm_90d_low_lr_wd_hidden48,0.040056892047098294,0.7383501992110966,13149,0.0559223233633623,0.7948760082414378,0.040056892047098294,0.7383501992110966,13149
2020-05-28,SM,90,037_base_7var_seasonal_DEconvlstm_90d_low_lr_wd_hidden48,0.03845603860928398,0.7611142615059893,13149,0.05724640771931643,0.7770283355890649,0.03845603860928398,0.7611142615059893,13149
2020-05-29,SM,90,037_base_7var_seasonal_DEconvlstm_90d_low_lr_wd_hidden48,0.04075661699087815,0.7655072762283925,13149,0.06044609244915975,0.737579015231761,0.04075661699087815,0.7655072762283925,13149
2020-05-30,SM,90,037_base_7var_seasonal_DEconvlstm_90d_low_lr_wd_hidden48,0.04085950360756469,0.782374169514551,13149,0.06052717911028008,0.7085491296806534,0.04085950360756469,0.782374169514551,13149
2020-05-31,SM,90,037_base_7var_seasonal_DEconvlstm_90d_low_lr_wd_hidden48,0.042425602434446104,0.775543664494415,13149,0.06013469503030329,0.7055058618826758,0.042425602434446104,0.775543664494415,13149
2020-06-01,SM,90,037_base_7var_seasonal_DEconvlstm_90d_low_lr_wd_hidden48,0.046715820359736496,0.7535579048914787,13149,0.06512944659989414,0.6761864278115095,0.046715820359736496,0.7535579048914787,13149
2020-06-02,SM,90,037_base_7var_seasonal_DEconvlstm_90d_low_lr_wd_hidden48,0.0491408757702288,0.7536940988950264,13149,0.07911837134303744,0.5645945685537475,0.0491408757702288,0.7536940988950264,13149
2020-06-03,SM,90,037_base_7var_seasonal_DEconvlstm_90d_low_lr_wd_hidden48,0.04985041765445526,0.7506548833846325,13149,0.08271854167640469,0.5144630454151484,0.04985041765445526,0.7506548833846325,13149
2020-06-04,SM,90,037_base_7var_seasonal_DEconvlstm_90d_low_lr_wd_hidden48,0.04972856098466174,0.7508718339406707,13149,0.07635452037312454,0.5650305756668148,0.04972856098466174,0.7508718339406707,13149
2020-06-05,SM,90,037_base_7var_seasonal_DEconvlstm_90d_low_lr_wd_hidden48,0.050741521717089594,0.7445232797971,13149,0.074667655288387,0.5544694471268145,0.050741521717089594,0.7445232797971,13149
2020-06-06,SM,90,037_base_7var_seasonal_DEconvlstm_90d_low_lr_wd_hidden48,0.053248972372921005,0.7221517811771996,13149,0.07666447351228094,0.49916304954274493,0.053248972372921005,0.7221517811771996,13149
2020-06-07,SM,90,037_base_7var_seasonal_DEconvlstm_90d_low_lr_wd_hidden48,0.05240633163656772,0.7155234491314726,13149,0.08764261564284338,0.37670694559434814,0.05240633163656772,0.7155234491314726,13149
2020-06-08,SM,90,037_base_7var_seasonal_DEconvlstm_90d_low_lr_wd_hidden48,0.05677340356161465,0.6617343330982826,13149,0.08658878540120583,0.3464592962393561,0.05677340356161465,0.6617343330982826,13149
2020-06-09,SM,90,037_base_7var_seasonal_DEconvlstm_90d_low_lr_wd_hidden48,0.054665488246867656,0.6811051489616651,13149,0.07902416234204437,0.4138996129378322,0.054665488246867656,0.6811051489616651,13149
2020-06-10,SM,90,037_base_7var_seasonal_DEconvlstm_90d_low_lr_wd_hidden48,0.05344926738995631,0.7289912950195434,13149,0.06937954957414376,0.608847097918938,0.05344926738995631,0.7289912950195434,13149
2020-06-11,SM,90,037_base_7var_seasonal_DEconvlstm_90d_low_lr_wd_hidden48,0.05337909876103319,0.7151595074204126,13149,0.07352084522650006,0.5216592441353312,0.05337909876103319,0.7151595074204126,13149
2020-06-12,SM,90,037_base_7var_seasonal_DEconvlstm_90d_low_lr_wd_hidden48,0.05399552341090918,0.6859139936003816,13149,0.09022612903887015,0.3437804389958662,0.05399552341090918,0.6859139936003816,13149
2020-06-13,SM,90,037_base_7var_seasonal_DEconvlstm_90d_low_lr_wd_hidden48,0.05141252045692889,0.6843472325655653,13149,0.08754286825731443,0.3232660386304693,0.05141252045692889,0.6843472325655653,13149
2020-06-14,SM,90,037_base_7var_seasonal_DEconvlstm_90d_low_lr_wd_hidden48,0.05641447683299312,0.605452980058167,13149,0.09514905448840341,0.2180817909444166,0.05641447683299312,0.605452980058167,13149
2020-06-15,SM,90,037_base_7var_seasonal_DEconvlstm_90d_low_lr_wd_hidden48,0.059654755895983014,0.5468221143084724,13149,0.09278373145795174,0.20596885420009636,0.059654755895983014,0.5468221143084724,13149
2020-06-16,SM,90,037_base_7var_seasonal_DEconvlstm_90d_low_lr_wd_hidden48,0.06192158072359472,0.5080248334637969,13149,0.10509182713239668,0.03271180275305641,0.06192158072359472,0.5080248334637969,13149
2020-06-17,SM,90,037_base_7var_seasonal_DEconvlstm_90d_low_lr_wd_hidden48,0.064461378844731,0.45395446880741797,13149,0.10838374711613163,-0.058418363168363685,0.064461378844731,0.45395446880741797,13149
2020-06-18,SM,90,037_base_7var_seasonal_DEconvlstm_90d_low_lr_wd_hidden48,0.07005463035586168,0.42667389630628516,13149,0.10696935218546398,0.0231469572204831,0.07005463035586168,0.42667389630628516,13149
2020-06-19,SM,90,037_base_7var_seasonal_DEconvlstm_90d_low_lr_wd_hidden48,0.06025414037018199,0.6463848044913728,13149,0.0979433881084728,0.32065307268892296,0.06025414037018199,0.6463848044913728,13149
2020-06-20,SM,90,037_base_7var_seasonal_DEconvlstm_90d_low_lr_wd_hidden48,0.05228390394486269,0.7150616271216903,13149,0.08645093382800074,0.48847180135324575,0.05228390394486269,0.7150616271216903,13149
2020-06-21,SM,90,037_base_7var_seasonal_DEconvlstm_90d_low_lr_wd_hidden48,0.04892148147488093,0.7292280919888234,13149,0.08029715731790092,0.5096517287309932,0.04892148147488093,0.7292280919888234,13149
2020-06-22,SM,90,037_base_7var_seasonal_DEconvlstm_90d_low_lr_wd_hidden48,0.04984001243873549,0.7155306815682976,13149,0.07499629803339078,0.5822471764691597,0.04984001243873549,0.7155306815682976,13149
2020-06-23,SM,90,037_base_7var_seasonal_DEconvlstm_90d_low_lr_wd_hidden48,0.05065819370945733,0.681453686702771,13149,0.06870219845626299,0.6055898232226027,0.05065819370945733,0.681453686702771,13149
2020-06-24,SM,90,037_base_7var_seasonal_DEconvlstm_90d_low_lr_wd_hidden48,0.04991756578831709,0.6869519361239245,13149,0.06573805918519911,0.6040903108163007,0.04991756578831709,0.6869519361239245,13149
2020-06-25,SM,90,037_base_7var_seasonal_DEconvlstm_90d_low_lr_wd_hidden48,0.050327163690178436,0.6407294321396027,13149,0.06824412699491994,0.569038039268148,0.050327163690178436,0.6407294321396027,13149
2020-06-26,SM,90,037_base_7var_seasonal_DEconvlstm_90d_low_lr_wd_hidden48,0.04650251992598337,0.6819590182152717,13149,0.07438545237084093,0.5016070180507723,0.04650251992598337,0.6819590182152717,13149
2020-06-27,SM,90,037_base_7var_seasonal_DEconvlstm_90d_low_lr_wd_hidden48,0.04514945309872444,0.6929455102261081,13149,0.07307325211685095,0.5212242736236992,0.04514945309872444,0.6929455102261081,13149
2020-06-28,SM,90,037_base_7var_seasonal_DEconvlstm_90d_low_lr_wd_hidden48,0.045895661006806004,0.6811961819725791,13149,0.07221395310206888,0.52372499928288,0.045895661006806004,0.6811961819725791,13149
2020-06-29,SM,90,037_base_7var_seasonal_DEconvlstm_90d_low_lr_wd_hidden48,0.0437722255237216,0.6887531826448602,13149,0.07898637124939889,0.40393430115128226,0.0437722255237216,0.6887531826448602,13149
2020-06-30,SM,90,037_base_7var_seasonal_DEconvlstm_90d_low_lr_wd_hidden48,0.04558604280837213,0.676158508102977,13149,0.07649806712985255,0.37360280002334756,0.04558604280837213,0.676158508102977,13149
2020-07-01,SM,90,037_base_7var_seasonal_DEconvlstm_90d_low_lr_wd_hidden48,0.0471462720692876,0.678217948941211,13149,0.07435254881150295,0.40999198467448306,0.0471462720692876,0.678217948941211,13149
2020-07-02,SM,90,037_base_7var_seasonal_DEconvlstm_90d_low_lr_wd_hidden48,0.055326151957836175,0.5965981158781557,13149,0.07827141674947263,0.35459906729830315,0.055326151957836175,0.5965981158781557,13149
2020-07-03,SM,90,037_base_7var_seasonal_DEconvlstm_90d_low_lr_wd_hidden48,0.05278109837896385,0.6168004192784416,13149,0.08238317508325331,0.3484402569896998,0.05278109837896385,0.6168004192784416,13149
2020-07-04,SM,90,037_base_7var_seasonal_DEconvlstm_90d_low_lr_wd_hidden48,0.050427509440676394,0.6155122402968274,13149,0.08194739264152788,0.3097781783365434,0.050427509440676394,0.6155122402968274,13149
2020-07-05,SM,90,037_base_7var_seasonal_DEconvlstm_90d_low_lr_wd_hidden48,0.05032138675134707,0.5660366154938534,13149,0.07933231287436233,0.27838638382859815,0.05032138675134707,0.5660366154938534,13149
2020-07-06,SM,90,037_base_7var_seasonal_DEconvlstm_90d_low_lr_wd_hidden48,0.04965065547077414,0.5508129573048519,13149,0.07481640312011466,0.2996113766565557,0.04965065547077414,0.5508129573048519,13149
2020-07-07,SM,90,037_base_7var_seasonal_DEconvlstm_90d_low_lr_wd_hidden48,0.047383157988514085,0.6004392056823225,13149,0.067577250995848,0.46289296930408774,0.047383157988514085,0.6004392056823225,13149
2020-07-08,SM,90,037_base_7var_seasonal_DEconvlstm_90d_low_lr_wd_hidden48,0.048666684070564646,0.5888725945784958,13149,0.0653969948859139,0.4493155474444903,0.048666684070564646,0.5888725945784958,13149
2020-07-09,SM,90,037_base_7var_seasonal_DEconvlstm_90d_low_lr_wd_hidden48,0.04412290572295407,0.6415087530648786,13149,0.06094889216914604,0.5580473716290233,0.04412290572295407,0.6415087530648786,13149
2020-07-10,SM,90,037_base_7var_seasonal_DEconvlstm_90d_low_lr_wd_hidden48,0.04486223428266865,0.6265696956882731,13149,0.057666923158159564,0.6181188505537019,0.04486223428266865,0.6265696956882731,13149
2020-07-11,SM,90,037_base_7var_seasonal_DEconvlstm_90d_low_lr_wd_hidden48,0.042210193757696544,0.6583120524538746,13149,0.0667419009766992,0.5146099821920523,0.042210193757696544,0.6583120524538746,13149
2020-07-12,SM,90,037_base_7var_seasonal_DEconvlstm_90d_low_lr_wd_hidden48,0.04156725482710747,0.6805315392082727,13149,0.063501581827361,0.5431864446656278,0.04156725482710747,0.6805315392082727,13149
2020-07-13,SM,90,037_base_7var_seasonal_DEconvlstm_90d_low_lr_wd_hidden48,0.041965923362255235,0.6876936622542796,13149,0.06480618206960218,0.49105052529189475,0.041965923362255235,0.6876936622542796,13149
2020-07-14,SM,90,037_base_7var_seasonal_DEconvlstm_90d_low_lr_wd_hidden48,0.042273518192888465,0.6404592848449602,13149,0.06473172254243606,0.4850486262023336,0.042273518192888465,0.6404592848449602,13149
2020-07-15,SM,90,037_base_7var_seasonal_DEconvlstm_90d_low_lr_wd_hidden48,0.04708478001797077,0.5761629004708633,13149,0.06592880518827351,0.5137942494532846,0.04708478001797077,0.5761629004708633,13149
2020-07-16,SM,90,037_base_7var_seasonal_DEconvlstm_90d_low_lr_wd_hidden48,0.04939268611110809,0.5347738631172165,13149,0.06894790133718157,0.47505539713424794,0.04939268611110809,0.5347738631172165,13149
2020-07-17,SM,90,037_base_7var_seasonal_DEconvlstm_90d_low_lr_wd_hidden48,0.0472008298178343,0.564255006473015,13149,0.06764949637551629,0.4323388910470287,0.0472008298178343,0.564255006473015,13149
2020-07-18,SM,90,037_base_7var_seasonal_DEconvlstm_90d_low_lr_wd_hidden48,0.0461693508557368,0.5857785496168438,13149,0.0675413675901935,0.36309357070056725,0.0461693508557368,0.5857785496168438,13149
2020-07-19,SM,90,037_base_7var_seasonal_DEconvlstm_90d_low_lr_wd_hidden48,0.04794604004983612,0.5435562720571834,13149,0.06949146075531105,0.3675371996234601,0.04794604004983612,0.5435562720571834,13149
2020-07-20,SM,90,037_base_7var_seasonal_DEconvlstm_90d_low_lr_wd_hidden48,0.04976158723739902,0.49466083253488535,13149,0.06629572051959128,0.4578708963788387,0.04976158723739902,0.49466083253488535,13149
2020-07-21,SM,90,037_base_7var_seasonal_DEconvlstm_90d_low_lr_wd_hidden48,0.057862763892738894,0.4022031857781829,13149,0.07055647971912109,0.5132784212094753,0.057862763892738894,0.4022031857781829,13149
2020-07-22,SM,90,037_base_7var_seasonal_DEconvlstm_90d_low_lr_wd_hidden48,0.0550863411970361,0.4346972018787232,13149,0.07042120434436319,0.5039877367743246,0.0550863411970361,0.4346972018787232,13149
2020-07-23,SM,90,037_base_7var_seasonal_DEconvlstm_90d_low_lr_wd_hidden48,0.050405792174142094,0.4923110947581335,13149,0.0674967934061016,0.4760457470089582,0.050405792174142094,0.4923110947581335,13149
2020-07-24,SM,90,037_base_7var_seasonal_DEconvlstm_90d_low_lr_wd_hidden48,0.05025820979743844,0.5090868737737453,13149,0.06953716383359627,0.3930604539185131,0.05025820979743844,0.5090868737737453,13149
2020-07-25,SM,90,037_base_7var_seasonal_DEconvlstm_90d_low_lr_wd_hidden48,0.04902485646193993,0.4853462695065227,13149,0.06796728454209121,0.39258903668425804,0.04902485646193993,0.4853462695065227,13149
2020-07-26,SM,90,037_base_7var_seasonal_DEconvlstm_90d_low_lr_wd_hidden48,0.05282145684037084,0.4454523163262444,13149,0.07175445064224285,0.40609047442002555,0.05282145684037084,0.4454523163262444,13149
2020-07-27,SM,90,037_base_7var_seasonal_DEconvlstm_90d_low_lr_wd_hidden48,0.06603570053671419,0.3404564096500614,13149,0.07983610270879514,0.39758453745405664,0.06603570053671419,0.3404564096500614,13149
2020-07-28,SM,90,037_base_7var_seasonal_DEconvlstm_90d_low_lr_wd_hidden48,0.06334571781926902,0.3725955724810526,13149,0.077224277213679,0.45291156711786384,0.06334571781926902,0.3725955724810526,13149
2020-07-29,SM,90,037_base_7var_seasonal_DEconvlstm_90d_low_lr_wd_hidden48,0.05922251966319231,0.3996595881938664,13149,0.07021970294751652,0.5251435884829139,0.05922251966319231,0.3996595881938664,13149
2020-07-30,SM,90,037_base_7var_seasonal_DEconvlstm_90d_low_lr_wd_hidden48,0.061216532927767325,0.399532284550151,13149,0.06874815858368412,0.5683595610444873,0.061216532927767325,0.399532284550151,13149
2020-07-31,SM,90,037_base_7var_seasonal_DEconvlstm_90d_low_lr_wd_hidden48,0.05633594047162883,0.437552855979391,13149,0.06336206029565868,0.6041662821306548,0.05633594047162883,0.437552855979391,13149
2020-08-01,SM,90,037_base_7var_seasonal_DEconvlstm_90d_low_lr_wd_hidden48,0.049013736657020274,0.4923162800246784,13149,0.0611966418068737,0.5896000539856732,0.049013736657020274,0.4923162800246784,13149
2020-08-02,SM,90,037_base_7var_seasonal_DEconvlstm_90d_low_lr_wd_hidden48,0.04690974993327311,0.5064324329047551,13149,0.06280186834731029,0.5587783949391958,0.04690974993327311,0.5064324329047551,13149
2020-08-03,SM,90,037_base_7var_seasonal_DEconvlstm_90d_low_lr_wd_hidden48,0.045614336917739244,0.5185870834330824,13149,0.06447424029124141,0.49106082062046985,0.045614336917739244,0.5185870834330824,13149
2020-08-04,SM,90,037_base_7var_seasonal_DEconvlstm_90d_low_lr_wd_hidden48,0.04356076362421487,0.5338992764940873,13149,0.058880403641223156,0.521505107692469,0.04356076362421487,0.5338992764940873,13149
2020-08-05,SM,90,037_base_7var_seasonal_DEconvlstm_90d_low_lr_wd_hidden48,0.04332597302329513,0.5358540493849167,13149,0.05438918844506584,0.5772024830917739,0.04332597302329513,0.5358540493849167,13149
2020-08-06,SM,90,037_base_7var_seasonal_DEconvlstm_90d_low_lr_wd_hidden48,0.04313885259313257,0.5360647841139295,13149,0.05783896589182029,0.5138361902721418,0.04313885259313257,0.5360647841139295,13149
2020-08-07,SM,90,037_base_7var_seasonal_DEconvlstm_90d_low_lr_wd_hidden48,0.04385957047098915,0.5108957930624408,13149,0.0556192919293584,0.5287524914397594,0.04385957047098915,0.5108957930624408,13149
2020-08-08,SM,90,037_base_7var_seasonal_DEconvlstm_90d_low_lr_wd_hidden48,0.042295229171098056,0.5243622810402256,13149,0.054102809828710734,0.5161825104092124,0.042295229171098056,0.5243622810402256,13149
2020-08-09,SM,90,037_base_7var_seasonal_DEconvlstm_90d_low_lr_wd_hidden48,0.04158539392931135,0.5255991145880893,13149,0.05069364262736934,0.552316119454423,0.04158539392931135,0.5255991145880893,13149
2020-08-10,SM,90,037_base_7var_seasonal_DEconvlstm_90d_low_lr_wd_hidden48,0.04365913360139732,0.5129462928736076,13149,0.06195559841346606,0.4406303891270388,0.04365913360139732,0.5129462928736076,13149
2020-08-11,SM,90,037_base_7var_seasonal_DEconvlstm_90d_low_lr_wd_hidden48,0.04505426342348944,0.5142138783132675,13149,0.06412569241138256,0.44904917342141626,0.04505426342348944,0.5142138783132675,13149
2020-08-12,SM,90,037_base_7var_seasonal_DEconvlstm_90d_low_lr_wd_hidden48,0.04424933748351734,0.5485181223918065,13149,0.06169128199617551,0.4570160341688919,0.04424933748351734,0.5485181223918065,13149
2020-08-13,SM,90,037_base_7var_seasonal_DEconvlstm_90d_low_lr_wd_hidden48,0.04532956792346764,0.5723410775610231,13149,0.0609463188229538,0.42907710038257085,0.04532956792346764,0.5723410775610231,13149
2020-08-14,SM,90,037_base_7var_seasonal_DEconvlstm_90d_low_lr_wd_hidden48,0.04970693070687323,0.5826973290570341,13149,0.08467055390067704,0.16439139812888437,0.04970693070687323,0.5826973290570341,13149
2020-08-15,SM,90,037_base_7var_seasonal_DEconvlstm_90d_low_lr_wd_hidden48,0.04912285711816561,0.583706228671669,13149,0.0870725233768121,0.0809441578529958,0.04912285711816561,0.583706228671669,13149
2020-08-16,SM,90,037_base_7var_seasonal_DEconvlstm_90d_low_lr_wd_hidden48,0.04869183226477738,0.5915648861904934,13149,0.0763986892876672,0.18401458253889758,0.04869183226477738,0.5915648861904934,13149
2020-08-17,SM,90,037_base_7var_seasonal_DEconvlstm_90d_low_lr_wd_hidden48,0.049736788238574726,0.5368100199573005,13149,0.06731348545452914,0.40430225582557733,0.049736788238574726,0.5368100199573005,13149
2020-08-18,SM,90,037_base_7var_seasonal_DEconvlstm_90d_low_lr_wd_hidden48,0.04962347486948933,0.5752432138532961,13149,0.061846879740925086,0.40081643224487185,0.04962347486948933,0.5752432138532961,13149
2020-08-19,SM,90,037_base_7var_seasonal_DEconvlstm_90d_low_lr_wd_hidden48,0.05204256368808782,0.5663802739857866,13149,0.062238293199284644,0.3640831965239806,0.05204256368808782,0.5663802739857866,13149
2020-08-20,SM,90,037_base_7var_seasonal_DEconvlstm_90d_low_lr_wd_hidden48,0.05494960535999021,0.5495023763988931,13149,0.07126299472396522,0.17972778330843353,0.05494960535999021,0.5495023763988931,13149
2020-08-21,SM,90,037_base_7var_seasonal_DEconvlstm_90d_low_lr_wd_hidden48,0.057274737394764755,0.5269082949288767,13149,0.07544966720232377,0.04080074440663761,0.057274737394764755,0.5269082949288767,13149
2020-08-22,SM,90,037_base_7var_seasonal_DEconvlstm_90d_low_lr_wd_hidden48,0.057006463742539475,0.5450965077253436,13149,0.07868046082474352,0.057921803169127206,0.057006463742539475,0.5450965077253436,13149
2020-08-23,SM,90,037_base_7var_seasonal_DEconvlstm_90d_low_lr_wd_hidden48,0.05859636931823645,0.5484753644497902,13149,0.09935465192252532,-0.16908317248368077,0.05859636931823645,0.5484753644497902,13149
2020-08-24,SM,90,037_base_7var_seasonal_DEconvlstm_90d_low_lr_wd_hidden48,0.05996331922213754,0.5202840771355752,13149,0.10181713565849008,-0.2980294875391949,0.05996331922213754,0.5202840771355752,13149
2020-08-25,SM,90,037_base_7var_seasonal_DEconvlstm_90d_low_lr_wd_hidden48,0.060650779721595494,0.4981425429137525,13149,0.09138798141030306,-0.18404998212896473,0.060650779721595494,0.4981425429137525,13149
2020-08-26,SM,90,037_base_7var_seasonal_DEconvlstm_90d_low_lr_wd_hidden48,0.06184218096760599,0.47551317478167443,13149,0.08669058413044888,-0.15362655780536505,0.06184218096760599,0.47551317478167443,13149
2020-08-27,SM,90,037_base_7var_seasonal_DEconvlstm_90d_low_lr_wd_hidden48,0.06116237218694631,0.5173255299034221,13149,0.07942704770432699,0.01749487472138811,0.06116237218694631,0.5173255299034221,13149
2020-08-28,SM,90,037_base_7var_seasonal_DEconvlstm_90d_low_lr_wd_hidden48,0.06551757230197244,0.4724297422525294,13149,0.07365284049277136,0.08534493588148462,0.06551757230197244,0.4724297422525294,13149
2020-08-29,SM,90,037_base_7var_seasonal_DEconvlstm_90d_low_lr_wd_hidden48,0.05741007300381269,0.5191673791822289,13149,0.0699034029013494,0.3126551261142275,0.05741007300381269,0.5191673791822289,13149
2020-08-30,SM,90,037_base_7var_seasonal_DEconvlstm_90d_low_lr_wd_hidden48,0.05407025336439465,0.43029967338447683,13149,0.06705341126725571,0.4376423887351161,0.05407025336439465,0.43029967338447683,13149
2020-08-31,SM,90,037_base_7var_seasonal_DEconvlstm_90d_low_lr_wd_hidden48,0.05335976235748381,0.4571410500454379,13149,0.061604716938125456,0.46855704592830627,0.05335976235748381,0.4571410500454379,13149
2020-09-01,SM,90,037_base_7var_seasonal_DEconvlstm_90d_low_lr_wd_hidden48,0.05575719690815354,0.3934920889820509,13149,0.05817132927002171,0.6018591438394737,0.05575719690815354,0.3934920889820509,13149
2020-09-02,SM,90,037_base_7var_seasonal_DEconvlstm_90d_low_lr_wd_hidden48,0.060308474153184605,0.37419308681848684,13149,0.06539896860694934,0.5770415876011035,0.060308474153184605,0.37419308681848684,13149
2020-09-03,SM,90,037_base_7var_seasonal_DEconvlstm_90d_low_lr_wd_hidden48,0.057323255532075776,0.41488726296087175,13149,0.06274797099485811,0.5876027239111579,0.057323255532075776,0.41488726296087175,13149
2020-09-04,SM,90,037_base_7var_seasonal_DEconvlstm_90d_low_lr_wd_hidden48,0.0543725773735634,0.4463999085161281,13149,0.05685388076298628,0.6285916353931458,0.0543725773735634,0.4463999085161281,13149
2020-09-05,SM,90,037_base_7var_seasonal_DEconvlstm_90d_low_lr_wd_hidden48,0.051909532646044754,0.48401222660480747,13149,0.0523658927729809,0.6572185183099317,0.051909532646044754,0.48401222660480747,13149
2020-09-06,SM,90,037_base_7var_seasonal_DEconvlstm_90d_low_lr_wd_hidden48,0.05150579860687411,0.5079354251023518,13149,0.05103315667791881,0.6479146552873781,0.05150579860687411,0.5079354251023518,13149
2020-09-07,SM,90,037_base_7var_seasonal_DEconvlstm_90d_low_lr_wd_hidden48,0.051780657078083166,0.5661000621269379,13149,0.05775144954662797,0.5474190061031667,0.051780657078083166,0.5661000621269379,13149
2020-09-08,SM,90,037_base_7var_seasonal_DEconvlstm_90d_low_lr_wd_hidden48,0.04829368344072897,0.5791127955198976,13149,0.06413463684117553,0.4790783356822801,0.04829368344072897,0.5791127955198976,13149
2020-09-09,SM,90,037_base_7var_seasonal_DEconvlstm_90d_low_lr_wd_hidden48,0.05846767601901615,0.3902145973160006,13149,0.07012862551196035,0.4895331326203708,0.05846767601901615,0.3902145973160006,13149
2020-09-10,SM,90,037_base_7var_seasonal_DEconvlstm_90d_low_lr_wd_hidden48,0.07249494293397944,0.3369820449640194,13149,0.09171689138199655,0.3906060841431468,0.07249494293397944,0.3369820449640194,13149
2020-09-11,SM,90,037_base_7var_seasonal_DEconvlstm_90d_low_lr_wd_hidden48,0.06444410474577417,0.3824913272396193,13149,0.08455946637079594,0.44563008019534434,0.06444410474577417,0.3824913272396193,13149
2020-09-12,SM,90,037_base_7var_seasonal_DEconvlstm_90d_low_lr_wd_hidden48,0.055244500707271105,0.45721551763425194,13149,0.07448616992979207,0.5246437602226454,0.055244500707271105,0.45721551763425194,13149
2020-09-13,SM,90,037_base_7var_seasonal_DEconvlstm_90d_low_lr_wd_hidden48,0.04835770031643635,0.5215484303024696,13149,0.06870297532000494,0.5420504390896892,0.04835770031643635,0.5215484303024696,13149
2020-09-14,SM,90,037_base_7var_seasonal_DEconvlstm_90d_low_lr_wd_hidden48,0.04512791423549021,0.5486060925963543,13149,0.06797343140831603,0.5202813123094999,0.04512791423549021,0.5486060925963543,13149
2020-09-15,SM,90,037_base_7var_seasonal_DEconvlstm_90d_low_lr_wd_hidden48,0.04479928517258983,0.5579792483807824,13149,0.06667286669554116,0.518435473445531,0.04479928517258983,0.5579792483807824,13149
2020-09-16,SM,90,037_base_7var_seasonal_DEconvlstm_90d_low_lr_wd_hidden48,0.042099860060872046,0.5778540855008872,13149,0.06331995200527847,0.502139572635226,0.042099860060872046,0.5778540855008872,13149
2020-09-17,SM,90,037_base_7var_seasonal_DEconvlstm_90d_low_lr_wd_hidden48,0.04300144004452797,0.5886677373697822,13149,0.060996990184500305,0.5259225104819236,0.04300144004452797,0.5886677373697822,13149
2020-09-18,SM,90,037_base_7var_seasonal_DEconvlstm_90d_low_lr_wd_hidden48,0.045422400095442725,0.5537633384029426,13149,0.06017070001856656,0.5107378492689578,0.045422400095442725,0.5537633384029426,13149
2020-09-19,SM,90,037_base_7var_seasonal_DEconvlstm_90d_low_lr_wd_hidden48,0.03910971125032086,0.5888245130546836,13149,0.0521452633842961,0.5573936563726714,0.03910971125032086,0.5888245130546836,13149
2020-09-20,SM,90,037_base_7var_seasonal_DEconvlstm_90d_low_lr_wd_hidden48,0.0383876587443745,0.6357437350815323,13149,0.05475947067145894,0.45706441897079375,0.0383876587443745,0.6357437350815323,13149
2020-09-21,SM,90,037_base_7var_seasonal_DEconvlstm_90d_low_lr_wd_hidden48,0.0398861428592361,0.6595356465361173,13149,0.05441704698548121,0.5243125574879105,0.0398861428592361,0.6595356465361173,13149
2020-09-22,SM,90,037_base_7var_seasonal_DEconvlstm_90d_low_lr_wd_hidden48,0.0470994647345752,0.5841342200271609,13149,0.0501585560187064,0.6851263616655686,0.0470994647345752,0.5841342200271609,13149
2020-09-23,SM,90,037_base_7var_seasonal_DEconvlstm_90d_low_lr_wd_hidden48,0.04813524244955475,0.6043278449472899,13149,0.046120417139713855,0.7291378014018384,0.04813524244955475,0.6043278449472899,13149
2020-09-24,SM,90,037_base_7var_seasonal_DEconvlstm_90d_low_lr_wd_hidden48,0.04893149779085222,0.6394059435896,13149,0.04345383155438084,0.7312071019837065,0.04893149779085222,0.6394059435896,13149
2020-09-25,SM,90,037_base_7var_seasonal_DEconvlstm_90d_low_lr_wd_hidden48,0.05064768357744652,0.6423321883952091,13149,0.04607189712269022,0.6817332420186311,0.05064768357744652,0.6423321883952091,13149
2020-09-26,SM,90,037_base_7var_seasonal_DEconvlstm_90d_low_lr_wd_hidden48,0.05419504331347375,0.6082863094143311,13149,0.04649685347029842,0.653890637561637,0.05419504331347375,0.6082863094143311,13149
2020-09-27,SM,90,037_base_7var_seasonal_DEconvlstm_90d_low_lr_wd_hidden48,0.05527082116159395,0.6041356622990188,13149,0.04022783217385282,0.7157186496903769,0.05527082116159395,0.6041356622990188,13149
2020-09-28,SM,90,037_base_7var_seasonal_DEconvlstm_90d_low_lr_wd_hidden48,0.05445390544202469,0.6092965146198799,13149,0.037021614536425586,0.7613928156702399,0.05445390544202469,0.6092965146198799,13149
2020-09-29,SM,90,037_base_7var_seasonal_DEconvlstm_90d_low_lr_wd_hidden48,0.05601156905766691,0.585746572917429,13149,0.036761477333398906,0.7568565586935427,0.05601156905766691,0.585746572917429,13149
2020-09-30,SM,90,037_base_7var_seasonal_DEconvlstm_90d_low_lr_wd_hidden48,0.05694142289095796,0.591489244175164,13149,0.03533413691433704,0.7633512842362827,0.05694142289095796,0.591489244175164,13149
2020-10-01,SM,90,037_base_7var_seasonal_DEconvlstm_90d_low_lr_wd_hidden48,0.059324509825498646,0.5739220427489911,13149,0.039809958744303604,0.6925398085613695,0.059324509825498646,0.5739220427489911,13149
2020-10-02,SM,90,037_base_7var_seasonal_DEconvlstm_90d_low_lr_wd_hidden48,0.06062285294829146,0.556848924260078,13149,0.037516156729975346,0.7179151082735622,0.06062285294829146,0.556848924260078,13149
2020-10-03,SM,90,037_base_7var_seasonal_DEconvlstm_90d_low_lr_wd_hidden48,0.06166676397266163,0.5510006537351845,13149,0.03715591259905355,0.7198342793076784,0.06166676397266163,0.5510006537351845,13149
2020-10-04,SM,90,037_base_7var_seasonal_DEconvlstm_90d_low_lr_wd_hidden48,0.06257185195794313,0.5499280535466284,13149,0.03712767962691071,0.7176488593692282,0.06257185195794313,0.5499280535466284,13149
2020-10-05,SM,90,037_base_7var_seasonal_DEconvlstm_90d_low_lr_wd_hidden48,0.06543914771046873,0.5283825169804035,13149,0.04003876831398579,0.6731489015630694,0.06543914771046873,0.5283825169804035,13149
2020-10-06,SM,90,037_base_7var_seasonal_DEconvlstm_90d_low_lr_wd_hidden48,0.0667673484295799,0.5125740052349127,13149,0.03600610640142496,0.7222931966096278,0.0667673484295799,0.5125740052349127,13149
2020-10-07,SM,90,037_base_7var_seasonal_DEconvlstm_90d_low_lr_wd_hidden48,0.06984491437721375,0.48691069091009653,13149,0.04158627306076334,0.6283706983441055,0.06984491437721375,0.48691069091009653,13149
2020-10-08,SM,90,037_base_7var_seasonal_DEconvlstm_90d_low_lr_wd_hidden48,0.0668707405778365,0.5087439752471403,13149,0.0425461063393774,0.5918628354836613,0.0668707405778365,0.5087439752471403,13149
2020-10-09,SM,90,037_base_7var_seasonal_DEconvlstm_90d_low_lr_wd_hidden48,0.06684544301557234,0.5126410032479081,13149,0.04526581491852963,0.5557364689604214,0.06684544301557234,0.5126410032479081,13149
2020-10-10,SM,90,037_base_7var_seasonal_DEconvlstm_90d_low_lr_wd_hidden48,0.0676504268078657,0.5012588035725827,13149,0.041589732852214,0.5920192149169243,0.0676504268078657,0.5012588035725827,13149
2020-10-11,SM,90,037_base_7var_seasonal_DEconvlstm_90d_low_lr_wd_hidden48,0.07157700364037757,0.46902040900420927,13149,0.03847193023391146,0.6466692101710111,0.07157700364037757,0.46902040900420927,13149
2020-10-12,SM,90,037_base_7var_seasonal_DEconvlstm_90d_low_lr_wd_hidden48,0.06719813445104245,0.534267871417913,13149,0.04132786602192166,0.6657583534789531,0.06719813445104245,0.534267871417913,13149
2020-10-13,SM,90,037_base_7var_seasonal_DEconvlstm_90d_low_lr_wd_hidden48,0.06761292654059667,0.5293152408147401,13149,0.0463769999998837,0.5855820603205704,0.06761292654059667,0.5293152408147401,13149
2020-10-14,SM,90,037_base_7var_seasonal_DEconvlstm_90d_low_lr_wd_hidden48,0.0686621930278565,0.5105199362848512,13149,0.04787764623252672,0.5515912882285285,0.0686621930278565,0.5105199362848512,13149
2020-10-15,SM,90,037_base_7var_seasonal_DEconvlstm_90d_low_lr_wd_hidden48,0.07143280159388694,0.48339481360176095,13149,0.040980085808095576,0.6410363848224963,0.07143280159388694,0.48339481360176095,13149
2020-10-16,SM,90,037_base_7var_seasonal_DEconvlstm_90d_low_lr_wd_hidden48,0.07013745303755278,0.48378406791461637,13149,0.0352167529869241,0.7293132879997335,0.07013745303755278,0.48378406791461637,13149
2020-10-17,SM,90,037_base_7var_seasonal_DEconvlstm_90d_low_lr_wd_hidden48,0.07110597896270426,0.47789995793213114,13149,0.03908631151890282,0.6850705614150349,0.07110597896270426,0.47789995793213114,13149
2020-10-18,SM,90,037_base_7var_seasonal_DEconvlstm_90d_low_lr_wd_hidden48,0.07234846858008097,0.4688210773701732,13149,0.046627155317208666,0.5687149163704789,0.07234846858008097,0.4688210773701732,13149
2020-10-19,SM,90,037_base_7var_seasonal_DEconvlstm_90d_low_lr_wd_hidden48,0.07167956922038805,0.47146369584832226,13149,0.06080329323865436,0.33691969043214,0.07167956922038805,0.47146369584832226,13149
2020-10-20,SM,90,037_base_7var_seasonal_DEconvlstm_90d_low_lr_wd_hidden48,0.07470454597555734,0.4497153857373677,13149,0.05464152857120313,0.43706680364397354,0.07470454597555734,0.4497153857373677,13149
2020-10-21,SM,90,037_base_7var_seasonal_DEconvlstm_90d_low_lr_wd_hidden48,0.07639793917616076,0.43670744742200496,13149,0.04649228596393909,0.5613388672953556,0.07639793917616076,0.43670744742200496,13149
2020-10-22,SM,90,037_base_7var_seasonal_DEconvlstm_90d_low_lr_wd_hidden48,0.07736278063131233,0.42817297935510024,13149,0.04337436679257741,0.6185462271081728,0.07736278063131233,0.42817297935510024,13149
2020-10-23,SM,90,037_base_7var_seasonal_DEconvlstm_90d_low_lr_wd_hidden48,0.07411178749453129,0.49538961203894394,13149,0.050829094871056434,0.5678710835951324,0.07411178749453129,0.49538961203894394,13149
2020-10-24,SM,90,037_base_7var_seasonal_DEconvlstm_90d_low_lr_wd_hidden48,0.07435590767729681,0.49980391908915855,13149,0.06116458348549521,0.47849128003347563,0.07435590767729681,0.49980391908915855,13149
2020-10-25,SM,90,037_base_7var_seasonal_DEconvlstm_90d_low_lr_wd_hidden48,0.07255186766491166,0.5078237947686184,13149,0.07800920064943018,0.266173055628136,0.07255186766491166,0.5078237947686184,13149
2020-10-26,SM,90,037_base_7var_seasonal_DEconvlstm_90d_low_lr_wd_hidden48,0.07463112390974297,0.4858394755980989,13149,0.07574857578883029,0.34744981261633967,0.07463112390974297,0.4858394755980989,13149
2020-10-27,SM,90,037_base_7var_seasonal_DEconvlstm_90d_low_lr_wd_hidden48,0.07698478170946993,0.45435840676331096,13149,0.07123473354457784,0.47250693584109316,0.07698478170946993,0.45435840676331096,13149
2020-10-28,SM,90,037_base_7var_seasonal_DEconvlstm_90d_low_lr_wd_hidden48,0.07484730057779063,0.47437661652713037,13149,0.0740643818176539,0.4782456185535554,0.07484730057779063,0.47437661652713037,13149
2020-10-29,SM,90,037_base_7var_seasonal_DEconvlstm_90d_low_lr_wd_hidden48,0.07214032609074628,0.4224730062808638,13149,0.06827148104767095,0.569769774842804,0.07214032609074628,0.4224730062808638,13149
2020-10-30,SM,90,037_base_7var_seasonal_DEconvlstm_90d_low_lr_wd_hidden48,0.06945828310661971,0.4383314480784609,13149,0.0652924956224099,0.5398889080364765,0.06945828310661971,0.4383314480784609,13149
2020-10-31,SM,90,037_base_7var_seasonal_DEconvlstm_90d_low_lr_wd_hidden48,0.0664789221266609,0.4845795821975961,13149,0.0614563390878018,0.5481798068247403,0.0664789221266609,0.4845795821975961,13149
2020-11-01,SM,90,037_base_7var_seasonal_DEconvlstm_90d_low_lr_wd_hidden48,0.06583451992720954,0.4950806983397882,13149,0.056937737993590504,0.5623761568700008,0.06583451992720954,0.4950806983397882,13149
2020-11-02,SM,90,037_base_7var_seasonal_DEconvlstm_90d_low_lr_wd_hidden48,0.06543151752304503,0.5014263035517912,13149,0.05380049408766219,0.5760256527353285,0.06543151752304503,0.5014263035517912,13149
2020-11-03,SM,90,037_base_7var_seasonal_DEconvlstm_90d_low_lr_wd_hidden48,0.06553902412158567,0.5090975921070718,13149,0.04885691924397472,0.6433078949555371,0.06553902412158567,0.5090975921070718,13149
2020-11-04,SM,90,037_base_7var_seasonal_DEconvlstm_90d_low_lr_wd_hidden48,0.06525371666358011,0.5245961320264156,13149,0.046208513951794226,0.6736855705683575,0.06525371666358011,0.5245961320264156,13149
2020-11-05,SM,90,037_base_7var_seasonal_DEconvlstm_90d_low_lr_wd_hidden48,0.06417502038322571,0.5360984047283434,13149,0.04481712132025958,0.6812616170841433,0.06417502038322571,0.5360984047283434,13149
2020-11-06,SM,90,037_base_7var_seasonal_DEconvlstm_90d_low_lr_wd_hidden48,0.06535883254074865,0.5328374484084335,13149,0.04309838548611045,0.6842715117549054,0.06535883254074865,0.5328374484084335,13149
2020-11-07,SM,90,037_base_7var_seasonal_DEconvlstm_90d_low_lr_wd_hidden48,0.06507379432923426,0.5340066907945917,13149,0.043756465767814536,0.6683723686778298,0.06507379432923426,0.5340066907945917,13149
2020-11-08,SM,90,037_base_7var_seasonal_DEconvlstm_90d_low_lr_wd_hidden48,0.06367305000000176,0.5418380633828371,13149,0.04524931512054599,0.6534665159105038,0.06367305000000176,0.5418380633828371,13149
2020-11-09,SM,90,037_base_7var_seasonal_DEconvlstm_90d_low_lr_wd_hidden48,0.06135398420791534,0.5704587922894055,13149,0.04088333240219987,0.732386657619337,0.06135398420791534,0.5704587922894055,13149
2020-11-10,SM,90,037_base_7var_seasonal_DEconvlstm_90d_low_lr_wd_hidden48,0.052170046157041884,0.6809837165958141,13149,0.04331652774104066,0.7067097493013854,0.052170046157041884,0.6809837165958141,13149
2020-11-11,SM,90,037_base_7var_seasonal_DEconvlstm_90d_low_lr_wd_hidden48,0.05070289464089141,0.7279521631787613,13149,0.0441228892995769,0.6921011628506892,0.05070289464089141,0.7279521631787613,13149
2020-11-12,SM,90,037_base_7var_seasonal_DEconvlstm_90d_low_lr_wd_hidden48,0.05151130789832024,0.7289648624987426,13149,0.045363627705043104,0.66796253425863,0.05151130789832024,0.7289648624987426,13149
2020-11-13,SM,90,037_base_7var_seasonal_DEconvlstm_90d_low_lr_wd_hidden48,0.05217938747319991,0.7233502416260984,13149,0.04547475992777924,0.6574941405133294,0.05217938747319991,0.7233502416260984,13149
2020-11-14,SM,90,037_base_7var_seasonal_DEconvlstm_90d_low_lr_wd_hidden48,0.05389491602121478,0.7094190622433745,13149,0.046741576287568865,0.633275941160869,0.05389491602121478,0.7094190622433745,13149
2020-11-15,SM,90,037_base_7var_seasonal_DEconvlstm_90d_low_lr_wd_hidden48,0.05259121026172517,0.7176017676708888,13149,0.04788988205986525,0.6573215718988823,0.05259121026172517,0.7176017676708888,13149
2020-11-16,SM,90,037_base_7var_seasonal_DEconvlstm_90d_low_lr_wd_hidden48,0.05536584072277169,0.6997363912003184,13149,0.045853303876781895,0.6495027131155106,0.05536584072277169,0.6997363912003184,13149
2020-11-17,SM,90,037_base_7var_seasonal_DEconvlstm_90d_low_lr_wd_hidden48,0.05442503322606722,0.7024149191956953,13149,0.04545608429271464,0.6359627099598093,0.05442503322606722,0.7024149191956953,13149
2020-11-18,SM,90,037_base_7var_seasonal_DEconvlstm_90d_low_lr_wd_hidden48,0.05504908048247361,0.6961875362248364,13149,0.045354697767124336,0.6202247655427209,0.05504908048247361,0.6961875362248364,13149
2020-11-19,SM,90,037_base_7var_seasonal_DEconvlstm_90d_low_lr_wd_hidden48,0.05514008131857842,0.6942305474270003,13149,0.045211631986122255,0.6096230712079085,0.05514008131857842,0.6942305474270003,13149
2020-11-20,SM,90,037_base_7var_seasonal_DEconvlstm_90d_low_lr_wd_hidden48,0.06124935040877372,0.6562710678876548,13149,0.04528279667255435,0.6142157476994873,0.06124935040877372,0.6562710678876548,13149
2020-11-21,SM,90,037_base_7var_seasonal_DEconvlstm_90d_low_lr_wd_hidden48,0.0591379232025468,0.6692496612194081,13149,0.04653137915597608,0.6125469409433653,0.0591379232025468,0.6692496612194081,13149
2020-11-22,SM,90,037_base_7var_seasonal_DEconvlstm_90d_low_lr_wd_hidden48,0.06376804041584201,0.6515955670986889,13149,0.05204267398243949,0.543317292680995,0.06376804041584201,0.6515955670986889,13149
2020-11-23,SM,90,037_base_7var_seasonal_DEconvlstm_90d_low_lr_wd_hidden48,0.06389432558657888,0.6490322902086532,13149,0.051353210854790755,0.5462246935158985,0.06389432558657888,0.6490322902086532,13149
2020-11-24,SM,90,037_base_7var_seasonal_DEconvlstm_90d_low_lr_wd_hidden48,0.06472487568026354,0.6508518313945917,13149,0.054631098523026195,0.5154664359079282,0.06472487568026354,0.6508518313945917,13149
2020-11-25,SM,90,037_base_7var_seasonal_DEconvlstm_90d_low_lr_wd_hidden48,0.060993842160985585,0.6597915941185607,13149,0.06833535490286793,0.4348079925580225,0.060993842160985585,0.6597915941185607,13149
2020-11-26,SM,90,037_base_7var_seasonal_DEconvlstm_90d_low_lr_wd_hidden48,0.06043778301011589,0.6770989755667907,13149,0.06262068738818483,0.4753235030848325,0.06043778301011589,0.6770989755667907,13149
2020-11-27,SM,90,037_base_7var_seasonal_DEconvlstm_90d_low_lr_wd_hidden48,0.06035887027994965,0.6850892097560721,13149,0.0590733473773569,0.5477616403376466,0.06035887027994965,0.6850892097560721,13149
2020-11-28,SM,90,037_base_7var_seasonal_DEconvlstm_90d_low_lr_wd_hidden48,0.058663992386042384,0.6925486598137962,13149,0.06005433094855241,0.5811207913933958,0.058663992386042384,0.6925486598137962,13149
2020-11-29,SM,90,037_base_7var_seasonal_DEconvlstm_90d_low_lr_wd_hidden48,0.054794590675878004,0.7164280122982951,13149,0.06781416070501596,0.5260145221528698,0.054794590675878004,0.7164280122982951,13149
2020-11-30,SM,90,037_base_7var_seasonal_DEconvlstm_90d_low_lr_wd_hidden48,0.05195240454442544,0.7494625689924665,13149,0.06039116080776355,0.6297657045936885,0.05195240454442544,0.7494625689924665,13149
2020-12-01,SM,90,037_base_7var_seasonal_DEconvlstm_90d_low_lr_wd_hidden48,0.05322721906450658,0.7395317857522967,13149,0.06342288743588252,0.6408178879357517,0.05322721906450658,0.7395317857522967,13149
2020-12-02,SM,90,037_base_7var_seasonal_DEconvlstm_90d_low_lr_wd_hidden48,0.05416590047198133,0.7275334264284259,13149,0.06381821150042229,0.6331903419726763,0.05416590047198133,0.7275334264284259,13149
2020-12-03,SM,90,037_base_7var_seasonal_DEconvlstm_90d_low_lr_wd_hidden48,0.05416776767008869,0.7147689887028192,13149,0.0669079146067877,0.6018496601280883,0.05416776767008869,0.7147689887028192,13149
2020-12-04,SM,90,037_base_7var_seasonal_DEconvlstm_90d_low_lr_wd_hidden48,0.05532279319570096,0.716836215271981,13149,0.06533291461127164,0.5993557988959232,0.05532279319570096,0.716836215271981,13149
2020-12-05,SM,90,037_base_7var_seasonal_DEconvlstm_90d_low_lr_wd_hidden48,0.05684058979814796,0.714928654560002,13149,0.06659679469976885,0.5758833268460055,0.05684058979814796,0.714928654560002,13149
2020-12-06,SM,90,037_base_7var_seasonal_DEconvlstm_90d_low_lr_wd_hidden48,0.05534691746586129,0.727558012181253,13149,0.06374697647838562,0.5843100321301702,0.05534691746586129,0.727558012181253,13149
2020-12-07,SM,90,037_base_7var_seasonal_DEconvlstm_90d_low_lr_wd_hidden48,0.05431972102747239,0.7419863064034689,13149,0.059070770756880435,0.590658133990899,0.05431972102747239,0.7419863064034689,13149
2020-12-08,SM,90,037_base_7var_seasonal_DEconvlstm_90d_low_lr_wd_hidden48,0.05396485413023981,0.7390836506992011,13149,0.0636481746437755,0.6030734638628034,0.05396485413023981,0.7390836506992011,13149
2020-12-09,SM,90,037_base_7var_seasonal_DEconvlstm_90d_low_lr_wd_hidden48,0.05504964813118275,0.7311775079942547,13149,0.07394688662594665,0.6038826088770853,0.05504964813118275,0.7311775079942547,13149
2020-12-10,SM,90,037_base_7var_seasonal_DEconvlstm_90d_low_lr_wd_hidden48,0.054202977785240046,0.7330637638206511,13149,0.06728303356646416,0.6387083810768042,0.054202977785240046,0.7330637638206511,13149
2020-12-11,SM,90,037_base_7var_seasonal_DEconvlstm_90d_low_lr_wd_hidden48,0.05511068524088543,0.7327787651279096,13149,0.057270074432512724,0.6909181748879965,0.05511068524088543,0.7327787651279096,13149
2020-12-12,SM,90,037_base_7var_seasonal_DEconvlstm_90d_low_lr_wd_hidden48,0.050520857515707694,0.7557754308804839,13149,0.05391405441888573,0.6810224699877176,0.050520857515707694,0.7557754308804839,13149
2020-12-13,SM,90,037_base_7var_seasonal_DEconvlstm_90d_low_lr_wd_hidden48,0.048657795991179253,0.7595316035738511,13149,0.05760361425988079,0.6126072140101664,0.048657795991179253,0.7595316035738511,13149
2020-12-14,SM,90,037_base_7var_seasonal_DEconvlstm_90d_low_lr_wd_hidden48,0.04541117157363818,0.765578123280039,13149,0.06245312291691666,0.5444792283119311,0.04541117157363818,0.765578123280039,13149
2020-12-15,SM,90,037_base_7var_seasonal_DEconvlstm_90d_low_lr_wd_hidden48,0.04609922312527361,0.7572487459117402,13149,0.060023158439297654,0.5497706367148973,0.04609922312527361,0.7572487459117402,13149
2020-12-16,SM,90,037_base_7var_seasonal_DEconvlstm_90d_low_lr_wd_hidden48,0.04738194789139539,0.744666204110531,13149,0.06100097028705074,0.5300269573018408,0.04738194789139539,0.744666204110531,13149
2020-12-17,SM,90,037_base_7var_seasonal_DEconvlstm_90d_low_lr_wd_hidden48,0.04741179716684558,0.7359104958698564,13149,0.06339602475930792,0.5130813735868953,0.04741179716684558,0.7359104958698564,13149
2020-12-18,SM,90,037_base_7var_seasonal_DEconvlstm_90d_low_lr_wd_hidden48,0.04727888285528251,0.7423142492875268,13149,0.06263916165942549,0.49433013002049875,0.04727888285528251,0.7423142492875268,13149
2020-12-19,SM,90,037_base_7var_seasonal_DEconvlstm_90d_low_lr_wd_hidden48,0.047157711990389206,0.7571593250443416,13149,0.061912447357477196,0.4868171678392812,0.047157711990389206,0.7571593250443416,13149
2020-12-20,SM,90,037_base_7var_seasonal_DEconvlstm_90d_low_lr_wd_hidden48,0.048868968382002505,0.7362505433771901,13149,0.06028425535492645,0.5299257214190677,0.048868968382002505,0.7362505433771901,13149
2020-12-21,SM,90,037_base_7var_seasonal_DEconvlstm_90d_low_lr_wd_hidden48,0.049191067943944816,0.7338401131221861,13149,0.05711663199779092,0.6365451972992049,0.049191067943944816,0.7338401131221861,13149
2020-12-22,SM,90,037_base_7var_seasonal_DEconvlstm_90d_low_lr_wd_hidden48,0.04706574459167721,0.7374099152311737,13149,0.055378423735953704,0.6561087303090933,0.04706574459167721,0.7374099152311737,13149
2020-12-23,SM,90,037_base_7var_seasonal_DEconvlstm_90d_low_lr_wd_hidden48,0.04516864774108096,0.7339191760791004,13149,0.053570320205779835,0.6427674913782035,0.04516864774108096,0.7339191760791004,13149
2020-12-24,SM,90,037_base_7var_seasonal_DEconvlstm_90d_low_lr_wd_hidden48,0.04484477825273723,0.7372461001032289,13149,0.05473860330533497,0.61710988022877,0.04484477825273723,0.7372461001032289,13149
2020-12-25,SM,90,037_base_7var_seasonal_DEconvlstm_90d_low_lr_wd_hidden48,0.044858508515531643,0.7306190106373951,13149,0.057067960588192926,0.5825669107110634,0.044858508515531643,0.7306190106373951,13149
2020-12-26,SM,90,037_base_7var_seasonal_DEconvlstm_90d_low_lr_wd_hidden48,0.045124446040608224,0.7352088346471831,13149,0.05766002291167891,0.5665518100901353,0.045124446040608224,0.7352088346471831,13149
2020-12-27,SM,90,037_base_7var_seasonal_DEconvlstm_90d_low_lr_wd_hidden48,0.04439540804223607,0.7456180610881955,13149,0.055104735758945575,0.6051301818434978,0.04439540804223607,0.7456180610881955,13149
2020-12-28,SM,90,037_base_7var_seasonal_DEconvlstm_90d_low_lr_wd_hidden48,0.044392982721831675,0.7552642239319678,13149,0.05529916319379088,0.587726696965162,0.044392982721831675,0.7552642239319678,13149
2020-12-29,SM,90,037_base_7var_seasonal_DEconvlstm_90d_low_lr_wd_hidden48,0.04555311677514418,0.753251197683671,13149,0.05704149514582858,0.5627208921215422,0.04555311677514418,0.753251197683671,13149
2020-12-30,SM,90,037_base_7var_seasonal_DEconvlstm_90d_low_lr_wd_hidden48,0.047590732125545515,0.7052407636496381,13149,0.06851096463622859,0.4802520527495229,0.047590732125545515,0.7052407636496381,13149
2020-12-31,SM,90,037_base_7var_seasonal_DEconvlstm_90d_low_lr_wd_hidden48,0.047962127584851,0.686881292251051,13149,0.07752325269836689,0.45723529387853556,0.047962127584851,0.686881292251051,13149
