horizon_days,target,repetition,model_id,architecture,wall_seconds,batch_size,resource,gpu_count,supporting_cpu_cores,slurm_job_id,target_date
7,ET,1,001_base_7var_weekly_ARconvlstm_7d_low_lr_clip,autoregressive,0.19306944776326418,1,NVIDIA A40,1,8,6499038,2020-07-01
7,ET,2,001_base_7var_weekly_ARconvlstm_7d_low_lr_clip,autoregressive,0.20005917269736528,1,NVIDIA A40,1,8,6499038,2020-07-01
7,ET,3,001_base_7var_weekly_ARconvlstm_7d_low_lr_clip,autoregressive,0.20067436527460814,1,NVIDIA A40,1,8,6499038,2020-07-01
7,ET,4,001_base_7var_weekly_ARconvlstm_7d_low_lr_clip,autoregressive,0.20023644249886274,1,NVIDIA A40,1,8,6499038,2020-07-01
7,ET,5,001_base_7var_weekly_ARconvlstm_7d_low_lr_clip,autoregressive,0.20020839851349592,1,NVIDIA A40,1,8,6499038,2020-07-01
7,ET,6,001_base_7var_weekly_ARconvlstm_7d_low_lr_clip,autoregressive,0.20014411490410566,1,NVIDIA A40,1,8,6499038,2020-07-01
7,ET,7,001_base_7var_weekly_ARconvlstm_7d_low_lr_clip,autoregressive,0.2003984348848462,1,NVIDIA A40,1,8,6499038,2020-07-01
7,ET,8,001_base_7var_weekly_ARconvlstm_7d_low_lr_clip,autoregressive,0.20019116532057524,1,NVIDIA A40,1,8,6499038,2020-07-01
7,ET,9,001_base_7var_weekly_ARconvlstm_7d_low_lr_clip,autoregressive,0.19214719533920288,1,NVIDIA A40,1,8,6499038,2020-07-01
7,ET,10,001_base_7var_weekly_ARconvlstm_7d_low_lr_clip,autoregressive,0.1979193976148963,1,NVIDIA A40,1,8,6499038,2020-07-01
7,ET,11,001_base_7var_weekly_ARconvlstm_7d_low_lr_clip,autoregressive,0.20053174067288637,1,NVIDIA A40,1,8,6499038,2020-07-01
7,ET,12,001_base_7var_weekly_ARconvlstm_7d_low_lr_clip,autoregressive,0.20031127613037825,1,NVIDIA A40,1,8,6499038,2020-07-01
7,ET,13,001_base_7var_weekly_ARconvlstm_7d_low_lr_clip,autoregressive,0.20065131038427353,1,NVIDIA A40,1,8,6499038,2020-07-01
7,ET,14,001_base_7var_weekly_ARconvlstm_7d_low_lr_clip,autoregressive,0.20005048532038927,1,NVIDIA A40,1,8,6499038,2020-07-01
7,ET,15,001_base_7var_weekly_ARconvlstm_7d_low_lr_clip,autoregressive,0.20002020709216595,1,NVIDIA A40,1,8,6499038,2020-07-01
7,ET,16,001_base_7var_weekly_ARconvlstm_7d_low_lr_clip,autoregressive,0.20024872571229935,1,NVIDIA A40,1,8,6499038,2020-07-01
7,ET,17,001_base_7var_weekly_ARconvlstm_7d_low_lr_clip,autoregressive,0.20007465220987797,1,NVIDIA A40,1,8,6499038,2020-07-01
7,ET,18,001_base_7var_weekly_ARconvlstm_7d_low_lr_clip,autoregressive,0.19995800033211708,1,NVIDIA A40,1,8,6499038,2020-07-01
7,ET,19,001_base_7var_weekly_ARconvlstm_7d_low_lr_clip,autoregressive,0.20021479204297066,1,NVIDIA A40,1,8,6499038,2020-07-01
7,ET,20,001_base_7var_weekly_ARconvlstm_7d_low_lr_clip,autoregressive,0.18961327150464058,1,NVIDIA A40,1,8,6499038,2020-07-01
7,ET,21,001_base_7var_weekly_ARconvlstm_7d_low_lr_clip,autoregressive,0.1909383414313197,1,NVIDIA A40,1,8,6499038,2020-07-01
7,ET,22,001_base_7var_weekly_ARconvlstm_7d_low_lr_clip,autoregressive,0.19245670083910227,1,NVIDIA A40,1,8,6499038,2020-07-01
7,ET,23,001_base_7var_weekly_ARconvlstm_7d_low_lr_clip,autoregressive,0.19166529830545187,1,NVIDIA A40,1,8,6499038,2020-07-01
7,ET,24,001_base_7var_weekly_ARconvlstm_7d_low_lr_clip,autoregressive,0.19209834188222885,1,NVIDIA A40,1,8,6499038,2020-07-01
7,ET,25,001_base_7var_weekly_ARconvlstm_7d_low_lr_clip,autoregressive,0.19262670818716288,1,NVIDIA A40,1,8,6499038,2020-07-01
7,ET,26,001_base_7var_weekly_ARconvlstm_7d_low_lr_clip,autoregressive,0.19157245010137558,1,NVIDIA A40,1,8,6499038,2020-07-01
7,ET,27,001_base_7var_weekly_ARconvlstm_7d_low_lr_clip,autoregressive,0.19249947275966406,1,NVIDIA A40,1,8,6499038,2020-07-01
7,ET,28,001_base_7var_weekly_ARconvlstm_7d_low_lr_clip,autoregressive,0.19208959490060806,1,NVIDIA A40,1,8,6499038,2020-07-01
7,ET,29,001_base_7var_weekly_ARconvlstm_7d_low_lr_clip,autoregressive,0.19272258318960667,1,NVIDIA A40,1,8,6499038,2020-07-01
7,ET,30,001_base_7var_weekly_ARconvlstm_7d_low_lr_clip,autoregressive,0.1886655082926154,1,NVIDIA A40,1,8,6499038,2020-07-01
7,ET,31,001_base_7var_weekly_ARconvlstm_7d_low_lr_clip,autoregressive,0.1916095819324255,1,NVIDIA A40,1,8,6499038,2020-07-01
7,ET,32,001_base_7var_weekly_ARconvlstm_7d_low_lr_clip,autoregressive,0.19799137581139803,1,NVIDIA A40,1,8,6499038,2020-07-01
7,ET,33,001_base_7var_weekly_ARconvlstm_7d_low_lr_clip,autoregressive,0.2009649546816945,1,NVIDIA A40,1,8,6499038,2020-07-01
7,ET,34,001_base_7var_weekly_ARconvlstm_7d_low_lr_clip,autoregressive,0.20082711894065142,1,NVIDIA A40,1,8,6499038,2020-07-01
7,ET,35,001_base_7var_weekly_ARconvlstm_7d_low_lr_clip,autoregressive,0.20077864546328783,1,NVIDIA A40,1,8,6499038,2020-07-01
7,ET,36,001_base_7var_weekly_ARconvlstm_7d_low_lr_clip,autoregressive,0.20021903980523348,1,NVIDIA A40,1,8,6499038,2020-07-01
7,ET,37,001_base_7var_weekly_ARconvlstm_7d_low_lr_clip,autoregressive,0.20031601656228304,1,NVIDIA A40,1,8,6499038,2020-07-01
7,ET,38,001_base_7var_weekly_ARconvlstm_7d_low_lr_clip,autoregressive,0.2001544153317809,1,NVIDIA A40,1,8,6499038,2020-07-01
7,ET,39,001_base_7var_weekly_ARconvlstm_7d_low_lr_clip,autoregressive,0.1999972928315401,1,NVIDIA A40,1,8,6499038,2020-07-01
7,ET,40,001_base_7var_weekly_ARconvlstm_7d_low_lr_clip,autoregressive,0.20008543320000172,1,NVIDIA A40,1,8,6499038,2020-07-01
7,ET,41,001_base_7var_weekly_ARconvlstm_7d_low_lr_clip,autoregressive,0.1981010166928172,1,NVIDIA A40,1,8,6499038,2020-07-01
7,ET,42,001_base_7var_weekly_ARconvlstm_7d_low_lr_clip,autoregressive,0.19009262416511774,1,NVIDIA A40,1,8,6499038,2020-07-01
7,ET,43,001_base_7var_weekly_ARconvlstm_7d_low_lr_clip,autoregressive,0.1926103075966239,1,NVIDIA A40,1,8,6499038,2020-07-01
7,ET,44,001_base_7var_weekly_ARconvlstm_7d_low_lr_clip,autoregressive,0.19648010935634375,1,NVIDIA A40,1,8,6499038,2020-07-01
7,ET,45,001_base_7var_weekly_ARconvlstm_7d_low_lr_clip,autoregressive,0.19459034409374,1,NVIDIA A40,1,8,6499038,2020-07-01
7,ET,46,001_base_7var_weekly_ARconvlstm_7d_low_lr_clip,autoregressive,0.19055027421563864,1,NVIDIA A40,1,8,6499038,2020-07-01
7,ET,47,001_base_7var_weekly_ARconvlstm_7d_low_lr_clip,autoregressive,0.19362706132233143,1,NVIDIA A40,1,8,6499038,2020-07-01
7,ET,48,001_base_7var_weekly_ARconvlstm_7d_low_lr_clip,autoregressive,0.19254679512232542,1,NVIDIA A40,1,8,6499038,2020-07-01
7,ET,49,001_base_7var_weekly_ARconvlstm_7d_low_lr_clip,autoregressive,0.19182766135782003,1,NVIDIA A40,1,8,6499038,2020-07-01
7,ET,50,001_base_7var_weekly_ARconvlstm_7d_low_lr_clip,autoregressive,0.19971623457968235,1,NVIDIA A40,1,8,6499038,2020-07-01
7,ET,51,001_base_7var_weekly_ARconvlstm_7d_low_lr_clip,autoregressive,0.19974594004452229,1,NVIDIA A40,1,8,6499038,2020-07-01
7,ET,52,001_base_7var_weekly_ARconvlstm_7d_low_lr_clip,autoregressive,0.19945700373500586,1,NVIDIA A40,1,8,6499038,2020-07-01
7,ET,53,001_base_7var_weekly_ARconvlstm_7d_low_lr_clip,autoregressive,0.19957705680280924,1,NVIDIA A40,1,8,6499038,2020-07-01
7,ET,54,001_base_7var_weekly_ARconvlstm_7d_low_lr_clip,autoregressive,0.1995572680607438,1,NVIDIA A40,1,8,6499038,2020-07-01
7,ET,55,001_base_7var_weekly_ARconvlstm_7d_low_lr_clip,autoregressive,0.19959844648838043,1,NVIDIA A40,1,8,6499038,2020-07-01
7,ET,56,001_base_7var_weekly_ARconvlstm_7d_low_lr_clip,autoregressive,0.19907578080892563,1,NVIDIA A40,1,8,6499038,2020-07-01
7,ET,57,001_base_7var_weekly_ARconvlstm_7d_low_lr_clip,autoregressive,0.19648972805589437,1,NVIDIA A40,1,8,6499038,2020-07-01
7,ET,58,001_base_7var_weekly_ARconvlstm_7d_low_lr_clip,autoregressive,0.19828815665096045,1,NVIDIA A40,1,8,6499038,2020-07-01
7,ET,59,001_base_7var_weekly_ARconvlstm_7d_low_lr_clip,autoregressive,0.19812826812267303,1,NVIDIA A40,1,8,6499038,2020-07-01
7,ET,60,001_base_7var_weekly_ARconvlstm_7d_low_lr_clip,autoregressive,0.19804656226187944,1,NVIDIA A40,1,8,6499038,2020-07-01
7,ET,61,001_base_7var_weekly_ARconvlstm_7d_low_lr_clip,autoregressive,0.1979830414056778,1,NVIDIA A40,1,8,6499038,2020-07-01
7,ET,62,001_base_7var_weekly_ARconvlstm_7d_low_lr_clip,autoregressive,0.19751404039561749,1,NVIDIA A40,1,8,6499038,2020-07-01
7,ET,63,001_base_7var_weekly_ARconvlstm_7d_low_lr_clip,autoregressive,0.19071995373815298,1,NVIDIA A40,1,8,6499038,2020-07-01
7,ET,64,001_base_7var_weekly_ARconvlstm_7d_low_lr_clip,autoregressive,0.1922507667914033,1,NVIDIA A40,1,8,6499038,2020-07-01
7,ET,65,001_base_7var_weekly_ARconvlstm_7d_low_lr_clip,autoregressive,0.1923323441296816,1,NVIDIA A40,1,8,6499038,2020-07-01
7,ET,66,001_base_7var_weekly_ARconvlstm_7d_low_lr_clip,autoregressive,0.19209512788802385,1,NVIDIA A40,1,8,6499038,2020-07-01
7,ET,67,001_base_7var_weekly_ARconvlstm_7d_low_lr_clip,autoregressive,0.19179337844252586,1,NVIDIA A40,1,8,6499038,2020-07-01
7,ET,68,001_base_7var_weekly_ARconvlstm_7d_low_lr_clip,autoregressive,0.19219829607754946,1,NVIDIA A40,1,8,6499038,2020-07-01
7,ET,69,001_base_7var_weekly_ARconvlstm_7d_low_lr_clip,autoregressive,0.19238528609275818,1,NVIDIA A40,1,8,6499038,2020-07-01
7,ET,70,001_base_7var_weekly_ARconvlstm_7d_low_lr_clip,autoregressive,0.19220901653170586,1,NVIDIA A40,1,8,6499038,2020-07-01
7,ET,71,001_base_7var_weekly_ARconvlstm_7d_low_lr_clip,autoregressive,0.19432696048170328,1,NVIDIA A40,1,8,6499038,2020-07-01
7,ET,72,001_base_7var_weekly_ARconvlstm_7d_low_lr_clip,autoregressive,0.19925087969750166,1,NVIDIA A40,1,8,6499038,2020-07-01
7,ET,73,001_base_7var_weekly_ARconvlstm_7d_low_lr_clip,autoregressive,0.19913215283304453,1,NVIDIA A40,1,8,6499038,2020-07-01
7,ET,74,001_base_7var_weekly_ARconvlstm_7d_low_lr_clip,autoregressive,0.1991363102570176,1,NVIDIA A40,1,8,6499038,2020-07-01
7,ET,75,001_base_7var_weekly_ARconvlstm_7d_low_lr_clip,autoregressive,0.1994455447420478,1,NVIDIA A40,1,8,6499038,2020-07-01
7,ET,76,001_base_7var_weekly_ARconvlstm_7d_low_lr_clip,autoregressive,0.19943707808852196,1,NVIDIA A40,1,8,6499038,2020-07-01
7,ET,77,001_base_7var_weekly_ARconvlstm_7d_low_lr_clip,autoregressive,0.19963498041033745,1,NVIDIA A40,1,8,6499038,2020-07-01
7,ET,78,001_base_7var_weekly_ARconvlstm_7d_low_lr_clip,autoregressive,0.19924258533865213,1,NVIDIA A40,1,8,6499038,2020-07-01
7,ET,79,001_base_7var_weekly_ARconvlstm_7d_low_lr_clip,autoregressive,0.19943194929510355,1,NVIDIA A40,1,8,6499038,2020-07-01
7,ET,80,001_base_7var_weekly_ARconvlstm_7d_low_lr_clip,autoregressive,0.1989299040287733,1,NVIDIA A40,1,8,6499038,2020-07-01
7,ET,81,001_base_7var_weekly_ARconvlstm_7d_low_lr_clip,autoregressive,0.1989763928577304,1,NVIDIA A40,1,8,6499038,2020-07-01
7,ET,82,001_base_7var_weekly_ARconvlstm_7d_low_lr_clip,autoregressive,0.19904262013733387,1,NVIDIA A40,1,8,6499038,2020-07-01
7,ET,83,001_base_7var_weekly_ARconvlstm_7d_low_lr_clip,autoregressive,0.19888965599238873,1,NVIDIA A40,1,8,6499038,2020-07-01
7,ET,84,001_base_7var_weekly_ARconvlstm_7d_low_lr_clip,autoregressive,0.20101142674684525,1,NVIDIA A40,1,8,6499038,2020-07-01
7,ET,85,001_base_7var_weekly_ARconvlstm_7d_low_lr_clip,autoregressive,0.19941916409879923,1,NVIDIA A40,1,8,6499038,2020-07-01
7,ET,86,001_base_7var_weekly_ARconvlstm_7d_low_lr_clip,autoregressive,0.19920989219099283,1,NVIDIA A40,1,8,6499038,2020-07-01
7,ET,87,001_base_7var_weekly_ARconvlstm_7d_low_lr_clip,autoregressive,0.19940101820975542,1,NVIDIA A40,1,8,6499038,2020-07-01
7,ET,88,001_base_7var_weekly_ARconvlstm_7d_low_lr_clip,autoregressive,0.19398373179137707,1,NVIDIA A40,1,8,6499038,2020-07-01
7,ET,89,001_base_7var_weekly_ARconvlstm_7d_low_lr_clip,autoregressive,0.1918148985132575,1,NVIDIA A40,1,8,6499038,2020-07-01
7,ET,90,001_base_7var_weekly_ARconvlstm_7d_low_lr_clip,autoregressive,0.19259583111852407,1,NVIDIA A40,1,8,6499038,2020-07-01
7,ET,91,001_base_7var_weekly_ARconvlstm_7d_low_lr_clip,autoregressive,0.18903939984738827,1,NVIDIA A40,1,8,6499038,2020-07-01
7,ET,92,001_base_7var_weekly_ARconvlstm_7d_low_lr_clip,autoregressive,0.19265896175056696,1,NVIDIA A40,1,8,6499038,2020-07-01
7,ET,93,001_base_7var_weekly_ARconvlstm_7d_low_lr_clip,autoregressive,0.19310986902564764,1,NVIDIA A40,1,8,6499038,2020-07-01
7,ET,94,001_base_7var_weekly_ARconvlstm_7d_low_lr_clip,autoregressive,0.19375279638916254,1,NVIDIA A40,1,8,6499038,2020-07-01
7,ET,95,001_base_7var_weekly_ARconvlstm_7d_low_lr_clip,autoregressive,0.19306563399732113,1,NVIDIA A40,1,8,6499038,2020-07-01
7,ET,96,001_base_7var_weekly_ARconvlstm_7d_low_lr_clip,autoregressive,0.20020556636154652,1,NVIDIA A40,1,8,6499038,2020-07-01
7,ET,97,001_base_7var_weekly_ARconvlstm_7d_low_lr_clip,autoregressive,0.19692244194447994,1,NVIDIA A40,1,8,6499038,2020-07-01
7,ET,98,001_base_7var_weekly_ARconvlstm_7d_low_lr_clip,autoregressive,0.19183037895709276,1,NVIDIA A40,1,8,6499038,2020-07-01
7,ET,99,001_base_7var_weekly_ARconvlstm_7d_low_lr_clip,autoregressive,0.19282543193548918,1,NVIDIA A40,1,8,6499038,2020-07-01
7,ET,100,001_base_7var_weekly_ARconvlstm_7d_low_lr_clip,autoregressive,0.1931335749104619,1,NVIDIA A40,1,8,6499038,2020-07-01
7,ET,101,001_base_7var_weekly_ARconvlstm_7d_low_lr_clip,autoregressive,0.1924534672871232,1,NVIDIA A40,1,8,6499038,2020-07-01
7,ET,102,001_base_7var_weekly_ARconvlstm_7d_low_lr_clip,autoregressive,0.20017472747713327,1,NVIDIA A40,1,8,6499038,2020-07-01
7,ET,103,001_base_7var_weekly_ARconvlstm_7d_low_lr_clip,autoregressive,0.20088889077305794,1,NVIDIA A40,1,8,6499038,2020-07-01
7,ET,104,001_base_7var_weekly_ARconvlstm_7d_low_lr_clip,autoregressive,0.20167225878685713,1,NVIDIA A40,1,8,6499038,2020-07-01
7,ET,105,001_base_7var_weekly_ARconvlstm_7d_low_lr_clip,autoregressive,0.202109488658607,1,NVIDIA A40,1,8,6499038,2020-07-01
7,ET,106,001_base_7var_weekly_ARconvlstm_7d_low_lr_clip,autoregressive,0.2015744298696518,1,NVIDIA A40,1,8,6499038,2020-07-01
7,ET,107,001_base_7var_weekly_ARconvlstm_7d_low_lr_clip,autoregressive,0.20158727560192347,1,NVIDIA A40,1,8,6499038,2020-07-01
7,ET,108,001_base_7var_weekly_ARconvlstm_7d_low_lr_clip,autoregressive,0.20107060112059116,1,NVIDIA A40,1,8,6499038,2020-07-01
7,ET,109,001_base_7var_weekly_ARconvlstm_7d_low_lr_clip,autoregressive,0.20128639601171017,1,NVIDIA A40,1,8,6499038,2020-07-01
7,ET,110,001_base_7var_weekly_ARconvlstm_7d_low_lr_clip,autoregressive,0.20151274092495441,1,NVIDIA A40,1,8,6499038,2020-07-01
7,ET,111,001_base_7var_weekly_ARconvlstm_7d_low_lr_clip,autoregressive,0.2013570424169302,1,NVIDIA A40,1,8,6499038,2020-07-01
7,ET,112,001_base_7var_weekly_ARconvlstm_7d_low_lr_clip,autoregressive,0.20059866271913052,1,NVIDIA A40,1,8,6499038,2020-07-01
7,ET,113,001_base_7var_weekly_ARconvlstm_7d_low_lr_clip,autoregressive,0.20045245252549648,1,NVIDIA A40,1,8,6499038,2020-07-01
7,ET,114,001_base_7var_weekly_ARconvlstm_7d_low_lr_clip,autoregressive,0.1976510938256979,1,NVIDIA A40,1,8,6499038,2020-07-01
7,ET,115,001_base_7var_weekly_ARconvlstm_7d_low_lr_clip,autoregressive,0.1983634540811181,1,NVIDIA A40,1,8,6499038,2020-07-01
7,ET,116,001_base_7var_weekly_ARconvlstm_7d_low_lr_clip,autoregressive,0.18954751919955015,1,NVIDIA A40,1,8,6499038,2020-07-01
7,ET,117,001_base_7var_weekly_ARconvlstm_7d_low_lr_clip,autoregressive,0.19339720346033573,1,NVIDIA A40,1,8,6499038,2020-07-01
7,ET,118,001_base_7var_weekly_ARconvlstm_7d_low_lr_clip,autoregressive,0.19368429481983185,1,NVIDIA A40,1,8,6499038,2020-07-01
7,ET,119,001_base_7var_weekly_ARconvlstm_7d_low_lr_clip,autoregressive,0.194967201910913,1,NVIDIA A40,1,8,6499038,2020-07-01
7,ET,120,001_base_7var_weekly_ARconvlstm_7d_low_lr_clip,autoregressive,0.1969410888850689,1,NVIDIA A40,1,8,6499038,2020-07-01
7,ET,121,001_base_7var_weekly_ARconvlstm_7d_low_lr_clip,autoregressive,0.1958050448447466,1,NVIDIA A40,1,8,6499038,2020-07-01
7,ET,122,001_base_7var_weekly_ARconvlstm_7d_low_lr_clip,autoregressive,0.19688545260578394,1,NVIDIA A40,1,8,6499038,2020-07-01
7,ET,123,001_base_7var_weekly_ARconvlstm_7d_low_lr_clip,autoregressive,0.19722356088459492,1,NVIDIA A40,1,8,6499038,2020-07-01
7,ET,124,001_base_7var_weekly_ARconvlstm_7d_low_lr_clip,autoregressive,0.19670982379466295,1,NVIDIA A40,1,8,6499038,2020-07-01
7,ET,125,001_base_7var_weekly_ARconvlstm_7d_low_lr_clip,autoregressive,0.19072412140667439,1,NVIDIA A40,1,8,6499038,2020-07-01
7,ET,126,001_base_7var_weekly_ARconvlstm_7d_low_lr_clip,autoregressive,0.20210966933518648,1,NVIDIA A40,1,8,6499038,2020-07-01
7,ET,127,001_base_7var_weekly_ARconvlstm_7d_low_lr_clip,autoregressive,0.20100030582398176,1,NVIDIA A40,1,8,6499038,2020-07-01
7,ET,128,001_base_7var_weekly_ARconvlstm_7d_low_lr_clip,autoregressive,0.20134544931352139,1,NVIDIA A40,1,8,6499038,2020-07-01
7,ET,129,001_base_7var_weekly_ARconvlstm_7d_low_lr_clip,autoregressive,0.20144600328058004,1,NVIDIA A40,1,8,6499038,2020-07-01
7,ET,130,001_base_7var_weekly_ARconvlstm_7d_low_lr_clip,autoregressive,0.2013721913099289,1,NVIDIA A40,1,8,6499038,2020-07-01
7,ET,131,001_base_7var_weekly_ARconvlstm_7d_low_lr_clip,autoregressive,0.20146309584379196,1,NVIDIA A40,1,8,6499038,2020-07-01
7,ET,132,001_base_7var_weekly_ARconvlstm_7d_low_lr_clip,autoregressive,0.2009884025901556,1,NVIDIA A40,1,8,6499038,2020-07-01
7,ET,133,001_base_7var_weekly_ARconvlstm_7d_low_lr_clip,autoregressive,0.20079609286040068,1,NVIDIA A40,1,8,6499038,2020-07-01
7,ET,134,001_base_7var_weekly_ARconvlstm_7d_low_lr_clip,autoregressive,0.20137260109186172,1,NVIDIA A40,1,8,6499038,2020-07-01
7,ET,135,001_base_7var_weekly_ARconvlstm_7d_low_lr_clip,autoregressive,0.20165759976953268,1,NVIDIA A40,1,8,6499038,2020-07-01
7,ET,136,001_base_7var_weekly_ARconvlstm_7d_low_lr_clip,autoregressive,0.20185574050992727,1,NVIDIA A40,1,8,6499038,2020-07-01
7,ET,137,001_base_7var_weekly_ARconvlstm_7d_low_lr_clip,autoregressive,0.20071369409561157,1,NVIDIA A40,1,8,6499038,2020-07-01
7,ET,138,001_base_7var_weekly_ARconvlstm_7d_low_lr_clip,autoregressive,0.2003722582012415,1,NVIDIA A40,1,8,6499038,2020-07-01
7,ET,139,001_base_7var_weekly_ARconvlstm_7d_low_lr_clip,autoregressive,0.2005978710949421,1,NVIDIA A40,1,8,6499038,2020-07-01
7,ET,140,001_base_7var_weekly_ARconvlstm_7d_low_lr_clip,autoregressive,0.19210813380777836,1,NVIDIA A40,1,8,6499038,2020-07-01
7,ET,141,001_base_7var_weekly_ARconvlstm_7d_low_lr_clip,autoregressive,0.18888854142278433,1,NVIDIA A40,1,8,6499038,2020-07-01
7,ET,142,001_base_7var_weekly_ARconvlstm_7d_low_lr_clip,autoregressive,0.1914311619475484,1,NVIDIA A40,1,8,6499038,2020-07-01
7,ET,143,001_base_7var_weekly_ARconvlstm_7d_low_lr_clip,autoregressive,0.19142086058855057,1,NVIDIA A40,1,8,6499038,2020-07-01
7,ET,144,001_base_7var_weekly_ARconvlstm_7d_low_lr_clip,autoregressive,0.19153850805014372,1,NVIDIA A40,1,8,6499038,2020-07-01
7,ET,145,001_base_7var_weekly_ARconvlstm_7d_low_lr_clip,autoregressive,0.1947822868824005,1,NVIDIA A40,1,8,6499038,2020-07-01
7,ET,146,001_base_7var_weekly_ARconvlstm_7d_low_lr_clip,autoregressive,0.1999734416604042,1,NVIDIA A40,1,8,6499038,2020-07-01
7,ET,147,001_base_7var_weekly_ARconvlstm_7d_low_lr_clip,autoregressive,0.19973434042185545,1,NVIDIA A40,1,8,6499038,2020-07-01
7,ET,148,001_base_7var_weekly_ARconvlstm_7d_low_lr_clip,autoregressive,0.20128050539642572,1,NVIDIA A40,1,8,6499038,2020-07-01
7,ET,149,001_base_7var_weekly_ARconvlstm_7d_low_lr_clip,autoregressive,0.2014153441414237,1,NVIDIA A40,1,8,6499038,2020-07-01
7,ET,150,001_base_7var_weekly_ARconvlstm_7d_low_lr_clip,autoregressive,0.20196057297289371,1,NVIDIA A40,1,8,6499038,2020-07-01
7,ET,151,001_base_7var_weekly_ARconvlstm_7d_low_lr_clip,autoregressive,0.20161769352853298,1,NVIDIA A40,1,8,6499038,2020-07-01
7,ET,152,001_base_7var_weekly_ARconvlstm_7d_low_lr_clip,autoregressive,0.19062270689755678,1,NVIDIA A40,1,8,6499038,2020-07-01
7,ET,153,001_base_7var_weekly_ARconvlstm_7d_low_lr_clip,autoregressive,0.1923107523471117,1,NVIDIA A40,1,8,6499038,2020-07-01
7,ET,154,001_base_7var_weekly_ARconvlstm_7d_low_lr_clip,autoregressive,0.19291680864989758,1,NVIDIA A40,1,8,6499038,2020-07-01
7,ET,155,001_base_7var_weekly_ARconvlstm_7d_low_lr_clip,autoregressive,0.19121014699339867,1,NVIDIA A40,1,8,6499038,2020-07-01
7,ET,156,001_base_7var_weekly_ARconvlstm_7d_low_lr_clip,autoregressive,0.19835678208619356,1,NVIDIA A40,1,8,6499038,2020-07-01
7,ET,157,001_base_7var_weekly_ARconvlstm_7d_low_lr_clip,autoregressive,0.1983442073687911,1,NVIDIA A40,1,8,6499038,2020-07-01
7,ET,158,001_base_7var_weekly_ARconvlstm_7d_low_lr_clip,autoregressive,0.19885066151618958,1,NVIDIA A40,1,8,6499038,2020-07-01
7,ET,159,001_base_7var_weekly_ARconvlstm_7d_low_lr_clip,autoregressive,0.19829138554632664,1,NVIDIA A40,1,8,6499038,2020-07-01
7,ET,160,001_base_7var_weekly_ARconvlstm_7d_low_lr_clip,autoregressive,0.1986958123743534,1,NVIDIA A40,1,8,6499038,2020-07-01
7,ET,161,001_base_7var_weekly_ARconvlstm_7d_low_lr_clip,autoregressive,0.19862725120037794,1,NVIDIA A40,1,8,6499038,2020-07-01
7,ET,162,001_base_7var_weekly_ARconvlstm_7d_low_lr_clip,autoregressive,0.19827692955732346,1,NVIDIA A40,1,8,6499038,2020-07-01
7,ET,163,001_base_7var_weekly_ARconvlstm_7d_low_lr_clip,autoregressive,0.19838882330805063,1,NVIDIA A40,1,8,6499038,2020-07-01
7,ET,164,001_base_7var_weekly_ARconvlstm_7d_low_lr_clip,autoregressive,0.19907341990619898,1,NVIDIA A40,1,8,6499038,2020-07-01
7,ET,165,001_base_7var_weekly_ARconvlstm_7d_low_lr_clip,autoregressive,0.19872491899877787,1,NVIDIA A40,1,8,6499038,2020-07-01
7,ET,166,001_base_7var_weekly_ARconvlstm_7d_low_lr_clip,autoregressive,0.19900370575487614,1,NVIDIA A40,1,8,6499038,2020-07-01
7,ET,167,001_base_7var_weekly_ARconvlstm_7d_low_lr_clip,autoregressive,0.19809583947062492,1,NVIDIA A40,1,8,6499038,2020-07-01
7,ET,168,001_base_7var_weekly_ARconvlstm_7d_low_lr_clip,autoregressive,0.19743521977216005,1,NVIDIA A40,1,8,6499038,2020-07-01
7,ET,169,001_base_7var_weekly_ARconvlstm_7d_low_lr_clip,autoregressive,0.19746639858931303,1,NVIDIA A40,1,8,6499038,2020-07-01
7,ET,170,001_base_7var_weekly_ARconvlstm_7d_low_lr_clip,autoregressive,0.19791772682219744,1,NVIDIA A40,1,8,6499038,2020-07-01
7,ET,171,001_base_7var_weekly_ARconvlstm_7d_low_lr_clip,autoregressive,0.19785424508154392,1,NVIDIA A40,1,8,6499038,2020-07-01
7,ET,172,001_base_7var_weekly_ARconvlstm_7d_low_lr_clip,autoregressive,0.19415043201297522,1,NVIDIA A40,1,8,6499038,2020-07-01
7,ET,173,001_base_7var_weekly_ARconvlstm_7d_low_lr_clip,autoregressive,0.1908130319789052,1,NVIDIA A40,1,8,6499038,2020-07-01
7,ET,174,001_base_7var_weekly_ARconvlstm_7d_low_lr_clip,autoregressive,0.1909417612478137,1,NVIDIA A40,1,8,6499038,2020-07-01
7,ET,175,001_base_7var_weekly_ARconvlstm_7d_low_lr_clip,autoregressive,0.19042308256030083,1,NVIDIA A40,1,8,6499038,2020-07-01
7,ET,176,001_base_7var_weekly_ARconvlstm_7d_low_lr_clip,autoregressive,0.18968307971954346,1,NVIDIA A40,1,8,6499038,2020-07-01
7,ET,177,001_base_7var_weekly_ARconvlstm_7d_low_lr_clip,autoregressive,0.19574898574501276,1,NVIDIA A40,1,8,6499038,2020-07-01
7,ET,178,001_base_7var_weekly_ARconvlstm_7d_low_lr_clip,autoregressive,0.19846281502395868,1,NVIDIA A40,1,8,6499038,2020-07-01
7,ET,179,001_base_7var_weekly_ARconvlstm_7d_low_lr_clip,autoregressive,0.1980624059215188,1,NVIDIA A40,1,8,6499038,2020-07-01
7,ET,180,001_base_7var_weekly_ARconvlstm_7d_low_lr_clip,autoregressive,0.1985742198303342,1,NVIDIA A40,1,8,6499038,2020-07-01
7,ET,181,001_base_7var_weekly_ARconvlstm_7d_low_lr_clip,autoregressive,0.19941759202629328,1,NVIDIA A40,1,8,6499038,2020-07-01
7,ET,182,001_base_7var_weekly_ARconvlstm_7d_low_lr_clip,autoregressive,0.1996134091168642,1,NVIDIA A40,1,8,6499038,2020-07-01
7,ET,183,001_base_7var_weekly_ARconvlstm_7d_low_lr_clip,autoregressive,0.1998300151899457,1,NVIDIA A40,1,8,6499038,2020-07-01
7,ET,184,001_base_7var_weekly_ARconvlstm_7d_low_lr_clip,autoregressive,0.19880143646150827,1,NVIDIA A40,1,8,6499038,2020-07-01
7,ET,185,001_base_7var_weekly_ARconvlstm_7d_low_lr_clip,autoregressive,0.19946423172950745,1,NVIDIA A40,1,8,6499038,2020-07-01
7,ET,186,001_base_7var_weekly_ARconvlstm_7d_low_lr_clip,autoregressive,0.19915662333369255,1,NVIDIA A40,1,8,6499038,2020-07-01
7,ET,187,001_base_7var_weekly_ARconvlstm_7d_low_lr_clip,autoregressive,0.19205638580024242,1,NVIDIA A40,1,8,6499038,2020-07-01
7,ET,188,001_base_7var_weekly_ARconvlstm_7d_low_lr_clip,autoregressive,0.19152979459613562,1,NVIDIA A40,1,8,6499038,2020-07-01
7,ET,189,001_base_7var_weekly_ARconvlstm_7d_low_lr_clip,autoregressive,0.20027643628418446,1,NVIDIA A40,1,8,6499038,2020-07-01
7,ET,190,001_base_7var_weekly_ARconvlstm_7d_low_lr_clip,autoregressive,0.20030763559043407,1,NVIDIA A40,1,8,6499038,2020-07-01
7,ET,191,001_base_7var_weekly_ARconvlstm_7d_low_lr_clip,autoregressive,0.19999615754932165,1,NVIDIA A40,1,8,6499038,2020-07-01
7,ET,192,001_base_7var_weekly_ARconvlstm_7d_low_lr_clip,autoregressive,0.20033515896648169,1,NVIDIA A40,1,8,6499038,2020-07-01
7,ET,193,001_base_7var_weekly_ARconvlstm_7d_low_lr_clip,autoregressive,0.2014298541471362,1,NVIDIA A40,1,8,6499038,2020-07-01
7,ET,194,001_base_7var_weekly_ARconvlstm_7d_low_lr_clip,autoregressive,0.20129482448101044,1,NVIDIA A40,1,8,6499038,2020-07-01
7,ET,195,001_base_7var_weekly_ARconvlstm_7d_low_lr_clip,autoregressive,0.2010735087096691,1,NVIDIA A40,1,8,6499038,2020-07-01
7,ET,196,001_base_7var_weekly_ARconvlstm_7d_low_lr_clip,autoregressive,0.20071031991392374,1,NVIDIA A40,1,8,6499038,2020-07-01
7,ET,197,001_base_7var_weekly_ARconvlstm_7d_low_lr_clip,autoregressive,0.20101668871939182,1,NVIDIA A40,1,8,6499038,2020-07-01
7,ET,198,001_base_7var_weekly_ARconvlstm_7d_low_lr_clip,autoregressive,0.20040736813098192,1,NVIDIA A40,1,8,6499038,2020-07-01
7,ET,199,001_base_7var_weekly_ARconvlstm_7d_low_lr_clip,autoregressive,0.20037187915295362,1,NVIDIA A40,1,8,6499038,2020-07-01
7,ET,200,001_base_7var_weekly_ARconvlstm_7d_low_lr_clip,autoregressive,0.1954652527347207,1,NVIDIA A40,1,8,6499038,2020-07-01
7,SM,1,007_base_7var_weekly_DEconvlstm_7d_low_lr_wd_hidden48,encdec,0.18849757593125105,1,NVIDIA A40,1,8,6499038,2020-07-01
7,SM,2,007_base_7var_weekly_DEconvlstm_7d_low_lr_wd_hidden48,encdec,0.19389583729207516,1,NVIDIA A40,1,8,6499038,2020-07-01
7,SM,3,007_base_7var_weekly_DEconvlstm_7d_low_lr_wd_hidden48,encdec,0.19358186423778534,1,NVIDIA A40,1,8,6499038,2020-07-01
7,SM,4,007_base_7var_weekly_DEconvlstm_7d_low_lr_wd_hidden48,encdec,0.19375465530902147,1,NVIDIA A40,1,8,6499038,2020-07-01
7,SM,5,007_base_7var_weekly_DEconvlstm_7d_low_lr_wd_hidden48,encdec,0.19372450839728117,1,NVIDIA A40,1,8,6499038,2020-07-01
7,SM,6,007_base_7var_weekly_DEconvlstm_7d_low_lr_wd_hidden48,encdec,0.19362615048885345,1,NVIDIA A40,1,8,6499038,2020-07-01
7,SM,7,007_base_7var_weekly_DEconvlstm_7d_low_lr_wd_hidden48,encdec,0.1934370556846261,1,NVIDIA A40,1,8,6499038,2020-07-01
7,SM,8,007_base_7var_weekly_DEconvlstm_7d_low_lr_wd_hidden48,encdec,0.19361962750554085,1,NVIDIA A40,1,8,6499038,2020-07-01
7,SM,9,007_base_7var_weekly_DEconvlstm_7d_low_lr_wd_hidden48,encdec,0.18782153632491827,1,NVIDIA A40,1,8,6499038,2020-07-01
7,SM,10,007_base_7var_weekly_DEconvlstm_7d_low_lr_wd_hidden48,encdec,0.19332447927445173,1,NVIDIA A40,1,8,6499038,2020-07-01
7,SM,11,007_base_7var_weekly_DEconvlstm_7d_low_lr_wd_hidden48,encdec,0.19413677137345076,1,NVIDIA A40,1,8,6499038,2020-07-01
7,SM,12,007_base_7var_weekly_DEconvlstm_7d_low_lr_wd_hidden48,encdec,0.1935871634632349,1,NVIDIA A40,1,8,6499038,2020-07-01
7,SM,13,007_base_7var_weekly_DEconvlstm_7d_low_lr_wd_hidden48,encdec,0.19379337038844824,1,NVIDIA A40,1,8,6499038,2020-07-01
7,SM,14,007_base_7var_weekly_DEconvlstm_7d_low_lr_wd_hidden48,encdec,0.19347568042576313,1,NVIDIA A40,1,8,6499038,2020-07-01
7,SM,15,007_base_7var_weekly_DEconvlstm_7d_low_lr_wd_hidden48,encdec,0.19347869511693716,1,NVIDIA A40,1,8,6499038,2020-07-01
7,SM,16,007_base_7var_weekly_DEconvlstm_7d_low_lr_wd_hidden48,encdec,0.1934657311066985,1,NVIDIA A40,1,8,6499038,2020-07-01
7,SM,17,007_base_7var_weekly_DEconvlstm_7d_low_lr_wd_hidden48,encdec,0.19329670630395412,1,NVIDIA A40,1,8,6499038,2020-07-01
7,SM,18,007_base_7var_weekly_DEconvlstm_7d_low_lr_wd_hidden48,encdec,0.19367844983935356,1,NVIDIA A40,1,8,6499038,2020-07-01
7,SM,19,007_base_7var_weekly_DEconvlstm_7d_low_lr_wd_hidden48,encdec,0.18337861075997353,1,NVIDIA A40,1,8,6499038,2020-07-01
7,SM,20,007_base_7var_weekly_DEconvlstm_7d_low_lr_wd_hidden48,encdec,0.18545521516352892,1,NVIDIA A40,1,8,6499038,2020-07-01
7,SM,21,007_base_7var_weekly_DEconvlstm_7d_low_lr_wd_hidden48,encdec,0.18618856463581324,1,NVIDIA A40,1,8,6499038,2020-07-01
7,SM,22,007_base_7var_weekly_DEconvlstm_7d_low_lr_wd_hidden48,encdec,0.18639803770929575,1,NVIDIA A40,1,8,6499038,2020-07-01
7,SM,23,007_base_7var_weekly_DEconvlstm_7d_low_lr_wd_hidden48,encdec,0.1865300815552473,1,NVIDIA A40,1,8,6499038,2020-07-01
7,SM,24,007_base_7var_weekly_DEconvlstm_7d_low_lr_wd_hidden48,encdec,0.1871522394940257,1,NVIDIA A40,1,8,6499038,2020-07-01
7,SM,25,007_base_7var_weekly_DEconvlstm_7d_low_lr_wd_hidden48,encdec,0.18609169032424688,1,NVIDIA A40,1,8,6499038,2020-07-01
7,SM,26,007_base_7var_weekly_DEconvlstm_7d_low_lr_wd_hidden48,encdec,0.18603465892374516,1,NVIDIA A40,1,8,6499038,2020-07-01
7,SM,27,007_base_7var_weekly_DEconvlstm_7d_low_lr_wd_hidden48,encdec,0.1854944694787264,1,NVIDIA A40,1,8,6499038,2020-07-01
7,SM,28,007_base_7var_weekly_DEconvlstm_7d_low_lr_wd_hidden48,encdec,0.186096859164536,1,NVIDIA A40,1,8,6499038,2020-07-01
7,SM,29,007_base_7var_weekly_DEconvlstm_7d_low_lr_wd_hidden48,encdec,0.1871211500838399,1,NVIDIA A40,1,8,6499038,2020-07-01
7,SM,30,007_base_7var_weekly_DEconvlstm_7d_low_lr_wd_hidden48,encdec,0.18642358761280775,1,NVIDIA A40,1,8,6499038,2020-07-01
7,SM,31,007_base_7var_weekly_DEconvlstm_7d_low_lr_wd_hidden48,encdec,0.18620967585593462,1,NVIDIA A40,1,8,6499038,2020-07-01
7,SM,32,007_base_7var_weekly_DEconvlstm_7d_low_lr_wd_hidden48,encdec,0.19321561977267265,1,NVIDIA A40,1,8,6499038,2020-07-01
7,SM,33,007_base_7var_weekly_DEconvlstm_7d_low_lr_wd_hidden48,encdec,0.1942100739106536,1,NVIDIA A40,1,8,6499038,2020-07-01
7,SM,34,007_base_7var_weekly_DEconvlstm_7d_low_lr_wd_hidden48,encdec,0.19372819643467665,1,NVIDIA A40,1,8,6499038,2020-07-01
7,SM,35,007_base_7var_weekly_DEconvlstm_7d_low_lr_wd_hidden48,encdec,0.19451656192541122,1,NVIDIA A40,1,8,6499038,2020-07-01
7,SM,36,007_base_7var_weekly_DEconvlstm_7d_low_lr_wd_hidden48,encdec,0.19384804740548134,1,NVIDIA A40,1,8,6499038,2020-07-01
7,SM,37,007_base_7var_weekly_DEconvlstm_7d_low_lr_wd_hidden48,encdec,0.19362018909305334,1,NVIDIA A40,1,8,6499038,2020-07-01
7,SM,38,007_base_7var_weekly_DEconvlstm_7d_low_lr_wd_hidden48,encdec,0.193565403111279,1,NVIDIA A40,1,8,6499038,2020-07-01
7,SM,39,007_base_7var_weekly_DEconvlstm_7d_low_lr_wd_hidden48,encdec,0.19392733927816153,1,NVIDIA A40,1,8,6499038,2020-07-01
7,SM,40,007_base_7var_weekly_DEconvlstm_7d_low_lr_wd_hidden48,encdec,0.18616878800094128,1,NVIDIA A40,1,8,6499038,2020-07-01
7,SM,41,007_base_7var_weekly_DEconvlstm_7d_low_lr_wd_hidden48,encdec,0.1938743768259883,1,NVIDIA A40,1,8,6499038,2020-07-01
7,SM,42,007_base_7var_weekly_DEconvlstm_7d_low_lr_wd_hidden48,encdec,0.18481807876378298,1,NVIDIA A40,1,8,6499038,2020-07-01
7,SM,43,007_base_7var_weekly_DEconvlstm_7d_low_lr_wd_hidden48,encdec,0.18485548067837954,1,NVIDIA A40,1,8,6499038,2020-07-01
7,SM,44,007_base_7var_weekly_DEconvlstm_7d_low_lr_wd_hidden48,encdec,0.1919146990403533,1,NVIDIA A40,1,8,6499038,2020-07-01
7,SM,45,007_base_7var_weekly_DEconvlstm_7d_low_lr_wd_hidden48,encdec,0.18117894139140844,1,NVIDIA A40,1,8,6499038,2020-07-01
7,SM,46,007_base_7var_weekly_DEconvlstm_7d_low_lr_wd_hidden48,encdec,0.18695078138262033,1,NVIDIA A40,1,8,6499038,2020-07-01
7,SM,47,007_base_7var_weekly_DEconvlstm_7d_low_lr_wd_hidden48,encdec,0.18672766163945198,1,NVIDIA A40,1,8,6499038,2020-07-01
7,SM,48,007_base_7var_weekly_DEconvlstm_7d_low_lr_wd_hidden48,encdec,0.18698309361934662,1,NVIDIA A40,1,8,6499038,2020-07-01
7,SM,49,007_base_7var_weekly_DEconvlstm_7d_low_lr_wd_hidden48,encdec,0.18928426876664162,1,NVIDIA A40,1,8,6499038,2020-07-01
7,SM,50,007_base_7var_weekly_DEconvlstm_7d_low_lr_wd_hidden48,encdec,0.19324355386197567,1,NVIDIA A40,1,8,6499038,2020-07-01
7,SM,51,007_base_7var_weekly_DEconvlstm_7d_low_lr_wd_hidden48,encdec,0.1930508939549327,1,NVIDIA A40,1,8,6499038,2020-07-01
7,SM,52,007_base_7var_weekly_DEconvlstm_7d_low_lr_wd_hidden48,encdec,0.19354170747101307,1,NVIDIA A40,1,8,6499038,2020-07-01
7,SM,53,007_base_7var_weekly_DEconvlstm_7d_low_lr_wd_hidden48,encdec,0.19323676079511642,1,NVIDIA A40,1,8,6499038,2020-07-01
7,SM,54,007_base_7var_weekly_DEconvlstm_7d_low_lr_wd_hidden48,encdec,0.19380435347557068,1,NVIDIA A40,1,8,6499038,2020-07-01
7,SM,55,007_base_7var_weekly_DEconvlstm_7d_low_lr_wd_hidden48,encdec,0.19306607265025377,1,NVIDIA A40,1,8,6499038,2020-07-01
7,SM,56,007_base_7var_weekly_DEconvlstm_7d_low_lr_wd_hidden48,encdec,0.19067974388599396,1,NVIDIA A40,1,8,6499038,2020-07-01
7,SM,57,007_base_7var_weekly_DEconvlstm_7d_low_lr_wd_hidden48,encdec,0.19064144883304834,1,NVIDIA A40,1,8,6499038,2020-07-01
7,SM,58,007_base_7var_weekly_DEconvlstm_7d_low_lr_wd_hidden48,encdec,0.19058899953961372,1,NVIDIA A40,1,8,6499038,2020-07-01
7,SM,59,007_base_7var_weekly_DEconvlstm_7d_low_lr_wd_hidden48,encdec,0.1918433215469122,1,NVIDIA A40,1,8,6499038,2020-07-01
7,SM,60,007_base_7var_weekly_DEconvlstm_7d_low_lr_wd_hidden48,encdec,0.19174857158213854,1,NVIDIA A40,1,8,6499038,2020-07-01
7,SM,61,007_base_7var_weekly_DEconvlstm_7d_low_lr_wd_hidden48,encdec,0.19204531237483025,1,NVIDIA A40,1,8,6499038,2020-07-01
7,SM,62,007_base_7var_weekly_DEconvlstm_7d_low_lr_wd_hidden48,encdec,0.19187003560364246,1,NVIDIA A40,1,8,6499038,2020-07-01
7,SM,63,007_base_7var_weekly_DEconvlstm_7d_low_lr_wd_hidden48,encdec,0.18468119949102402,1,NVIDIA A40,1,8,6499038,2020-07-01
7,SM,64,007_base_7var_weekly_DEconvlstm_7d_low_lr_wd_hidden48,encdec,0.18555996846407652,1,NVIDIA A40,1,8,6499038,2020-07-01
7,SM,65,007_base_7var_weekly_DEconvlstm_7d_low_lr_wd_hidden48,encdec,0.1834908090531826,1,NVIDIA A40,1,8,6499038,2020-07-01
7,SM,66,007_base_7var_weekly_DEconvlstm_7d_low_lr_wd_hidden48,encdec,0.18566846754401922,1,NVIDIA A40,1,8,6499038,2020-07-01
7,SM,67,007_base_7var_weekly_DEconvlstm_7d_low_lr_wd_hidden48,encdec,0.1855538273230195,1,NVIDIA A40,1,8,6499038,2020-07-01
7,SM,68,007_base_7var_weekly_DEconvlstm_7d_low_lr_wd_hidden48,encdec,0.18566339742392302,1,NVIDIA A40,1,8,6499038,2020-07-01
7,SM,69,007_base_7var_weekly_DEconvlstm_7d_low_lr_wd_hidden48,encdec,0.18607043102383614,1,NVIDIA A40,1,8,6499038,2020-07-01
7,SM,70,007_base_7var_weekly_DEconvlstm_7d_low_lr_wd_hidden48,encdec,0.18494215980172157,1,NVIDIA A40,1,8,6499038,2020-07-01
7,SM,71,007_base_7var_weekly_DEconvlstm_7d_low_lr_wd_hidden48,encdec,0.1932357707992196,1,NVIDIA A40,1,8,6499038,2020-07-01
7,SM,72,007_base_7var_weekly_DEconvlstm_7d_low_lr_wd_hidden48,encdec,0.19236777257174253,1,NVIDIA A40,1,8,6499038,2020-07-01
7,SM,73,007_base_7var_weekly_DEconvlstm_7d_low_lr_wd_hidden48,encdec,0.19372432213276625,1,NVIDIA A40,1,8,6499038,2020-07-01
7,SM,74,007_base_7var_weekly_DEconvlstm_7d_low_lr_wd_hidden48,encdec,0.1925299046561122,1,NVIDIA A40,1,8,6499038,2020-07-01
7,SM,75,007_base_7var_weekly_DEconvlstm_7d_low_lr_wd_hidden48,encdec,0.19258966948837042,1,NVIDIA A40,1,8,6499038,2020-07-01
7,SM,76,007_base_7var_weekly_DEconvlstm_7d_low_lr_wd_hidden48,encdec,0.19327585864812136,1,NVIDIA A40,1,8,6499038,2020-07-01
7,SM,77,007_base_7var_weekly_DEconvlstm_7d_low_lr_wd_hidden48,encdec,0.19275106955319643,1,NVIDIA A40,1,8,6499038,2020-07-01
7,SM,78,007_base_7var_weekly_DEconvlstm_7d_low_lr_wd_hidden48,encdec,0.19297550152987242,1,NVIDIA A40,1,8,6499038,2020-07-01
7,SM,79,007_base_7var_weekly_DEconvlstm_7d_low_lr_wd_hidden48,encdec,0.19276817329227924,1,NVIDIA A40,1,8,6499038,2020-07-01
7,SM,80,007_base_7var_weekly_DEconvlstm_7d_low_lr_wd_hidden48,encdec,0.19247381575405598,1,NVIDIA A40,1,8,6499038,2020-07-01
7,SM,81,007_base_7var_weekly_DEconvlstm_7d_low_lr_wd_hidden48,encdec,0.1930842101573944,1,NVIDIA A40,1,8,6499038,2020-07-01
7,SM,82,007_base_7var_weekly_DEconvlstm_7d_low_lr_wd_hidden48,encdec,0.1925043947994709,1,NVIDIA A40,1,8,6499038,2020-07-01
7,SM,83,007_base_7var_weekly_DEconvlstm_7d_low_lr_wd_hidden48,encdec,0.192986361682415,1,NVIDIA A40,1,8,6499038,2020-07-01
7,SM,84,007_base_7var_weekly_DEconvlstm_7d_low_lr_wd_hidden48,encdec,0.1919468529522419,1,NVIDIA A40,1,8,6499038,2020-07-01
7,SM,85,007_base_7var_weekly_DEconvlstm_7d_low_lr_wd_hidden48,encdec,0.19345301017165184,1,NVIDIA A40,1,8,6499038,2020-07-01
7,SM,86,007_base_7var_weekly_DEconvlstm_7d_low_lr_wd_hidden48,encdec,0.1933717131614685,1,NVIDIA A40,1,8,6499038,2020-07-01
7,SM,87,007_base_7var_weekly_DEconvlstm_7d_low_lr_wd_hidden48,encdec,0.1847187913954258,1,NVIDIA A40,1,8,6499038,2020-07-01
7,SM,88,007_base_7var_weekly_DEconvlstm_7d_low_lr_wd_hidden48,encdec,0.18773075379431248,1,NVIDIA A40,1,8,6499038,2020-07-01
7,SM,89,007_base_7var_weekly_DEconvlstm_7d_low_lr_wd_hidden48,encdec,0.1863634642213583,1,NVIDIA A40,1,8,6499038,2020-07-01
7,SM,90,007_base_7var_weekly_DEconvlstm_7d_low_lr_wd_hidden48,encdec,0.18825451098382473,1,NVIDIA A40,1,8,6499038,2020-07-01
7,SM,91,007_base_7var_weekly_DEconvlstm_7d_low_lr_wd_hidden48,encdec,0.1856626057997346,1,NVIDIA A40,1,8,6499038,2020-07-01
7,SM,92,007_base_7var_weekly_DEconvlstm_7d_low_lr_wd_hidden48,encdec,0.18688671104609966,1,NVIDIA A40,1,8,6499038,2020-07-01
7,SM,93,007_base_7var_weekly_DEconvlstm_7d_low_lr_wd_hidden48,encdec,0.1874481402337551,1,NVIDIA A40,1,8,6499038,2020-07-01
7,SM,94,007_base_7var_weekly_DEconvlstm_7d_low_lr_wd_hidden48,encdec,0.18732673674821854,1,NVIDIA A40,1,8,6499038,2020-07-01
7,SM,95,007_base_7var_weekly_DEconvlstm_7d_low_lr_wd_hidden48,encdec,0.1879540430381894,1,NVIDIA A40,1,8,6499038,2020-07-01
7,SM,96,007_base_7var_weekly_DEconvlstm_7d_low_lr_wd_hidden48,encdec,0.19367663003504276,1,NVIDIA A40,1,8,6499038,2020-07-01
7,SM,97,007_base_7var_weekly_DEconvlstm_7d_low_lr_wd_hidden48,encdec,0.18301544524729252,1,NVIDIA A40,1,8,6499038,2020-07-01
7,SM,98,007_base_7var_weekly_DEconvlstm_7d_low_lr_wd_hidden48,encdec,0.18622118048369884,1,NVIDIA A40,1,8,6499038,2020-07-01
7,SM,99,007_base_7var_weekly_DEconvlstm_7d_low_lr_wd_hidden48,encdec,0.18708621431142092,1,NVIDIA A40,1,8,6499038,2020-07-01
7,SM,100,007_base_7var_weekly_DEconvlstm_7d_low_lr_wd_hidden48,encdec,0.18696552142500877,1,NVIDIA A40,1,8,6499038,2020-07-01
7,SM,101,007_base_7var_weekly_DEconvlstm_7d_low_lr_wd_hidden48,encdec,0.1861321097239852,1,NVIDIA A40,1,8,6499038,2020-07-01
7,SM,102,007_base_7var_weekly_DEconvlstm_7d_low_lr_wd_hidden48,encdec,0.19525989517569542,1,NVIDIA A40,1,8,6499038,2020-07-01
7,SM,103,007_base_7var_weekly_DEconvlstm_7d_low_lr_wd_hidden48,encdec,0.19525552727282047,1,NVIDIA A40,1,8,6499038,2020-07-01
7,SM,104,007_base_7var_weekly_DEconvlstm_7d_low_lr_wd_hidden48,encdec,0.19581267796456814,1,NVIDIA A40,1,8,6499038,2020-07-01
7,SM,105,007_base_7var_weekly_DEconvlstm_7d_low_lr_wd_hidden48,encdec,0.19535857532173395,1,NVIDIA A40,1,8,6499038,2020-07-01
7,SM,106,007_base_7var_weekly_DEconvlstm_7d_low_lr_wd_hidden48,encdec,0.19420261215418577,1,NVIDIA A40,1,8,6499038,2020-07-01
7,SM,107,007_base_7var_weekly_DEconvlstm_7d_low_lr_wd_hidden48,encdec,0.194595105946064,1,NVIDIA A40,1,8,6499038,2020-07-01
7,SM,108,007_base_7var_weekly_DEconvlstm_7d_low_lr_wd_hidden48,encdec,0.1948115024715662,1,NVIDIA A40,1,8,6499038,2020-07-01
7,SM,109,007_base_7var_weekly_DEconvlstm_7d_low_lr_wd_hidden48,encdec,0.19468879606574774,1,NVIDIA A40,1,8,6499038,2020-07-01
7,SM,110,007_base_7var_weekly_DEconvlstm_7d_low_lr_wd_hidden48,encdec,0.19517118390649557,1,NVIDIA A40,1,8,6499038,2020-07-01
7,SM,111,007_base_7var_weekly_DEconvlstm_7d_low_lr_wd_hidden48,encdec,0.1948743825778365,1,NVIDIA A40,1,8,6499038,2020-07-01
7,SM,112,007_base_7var_weekly_DEconvlstm_7d_low_lr_wd_hidden48,encdec,0.19509629998356104,1,NVIDIA A40,1,8,6499038,2020-07-01
7,SM,113,007_base_7var_weekly_DEconvlstm_7d_low_lr_wd_hidden48,encdec,0.19369915314018726,1,NVIDIA A40,1,8,6499038,2020-07-01
7,SM,114,007_base_7var_weekly_DEconvlstm_7d_low_lr_wd_hidden48,encdec,0.19119103997945786,1,NVIDIA A40,1,8,6499038,2020-07-01
7,SM,115,007_base_7var_weekly_DEconvlstm_7d_low_lr_wd_hidden48,encdec,0.1847873842343688,1,NVIDIA A40,1,8,6499038,2020-07-01
7,SM,116,007_base_7var_weekly_DEconvlstm_7d_low_lr_wd_hidden48,encdec,0.18778993841260672,1,NVIDIA A40,1,8,6499038,2020-07-01
7,SM,117,007_base_7var_weekly_DEconvlstm_7d_low_lr_wd_hidden48,encdec,0.18742804136127234,1,NVIDIA A40,1,8,6499038,2020-07-01
7,SM,118,007_base_7var_weekly_DEconvlstm_7d_low_lr_wd_hidden48,encdec,0.1878810040652752,1,NVIDIA A40,1,8,6499038,2020-07-01
7,SM,119,007_base_7var_weekly_DEconvlstm_7d_low_lr_wd_hidden48,encdec,0.18992013484239578,1,NVIDIA A40,1,8,6499038,2020-07-01
7,SM,120,007_base_7var_weekly_DEconvlstm_7d_low_lr_wd_hidden48,encdec,0.1905799238011241,1,NVIDIA A40,1,8,6499038,2020-07-01
7,SM,121,007_base_7var_weekly_DEconvlstm_7d_low_lr_wd_hidden48,encdec,0.19065719190984964,1,NVIDIA A40,1,8,6499038,2020-07-01
7,SM,122,007_base_7var_weekly_DEconvlstm_7d_low_lr_wd_hidden48,encdec,0.19051174353808165,1,NVIDIA A40,1,8,6499038,2020-07-01
7,SM,123,007_base_7var_weekly_DEconvlstm_7d_low_lr_wd_hidden48,encdec,0.19063539151102304,1,NVIDIA A40,1,8,6499038,2020-07-01
7,SM,124,007_base_7var_weekly_DEconvlstm_7d_low_lr_wd_hidden48,encdec,0.18140548933297396,1,NVIDIA A40,1,8,6499038,2020-07-01
7,SM,125,007_base_7var_weekly_DEconvlstm_7d_low_lr_wd_hidden48,encdec,0.19114309828728437,1,NVIDIA A40,1,8,6499038,2020-07-01
7,SM,126,007_base_7var_weekly_DEconvlstm_7d_low_lr_wd_hidden48,encdec,0.19520482886582613,1,NVIDIA A40,1,8,6499038,2020-07-01
7,SM,127,007_base_7var_weekly_DEconvlstm_7d_low_lr_wd_hidden48,encdec,0.19459703098982573,1,NVIDIA A40,1,8,6499038,2020-07-01
7,SM,128,007_base_7var_weekly_DEconvlstm_7d_low_lr_wd_hidden48,encdec,0.19551481679081917,1,NVIDIA A40,1,8,6499038,2020-07-01
7,SM,129,007_base_7var_weekly_DEconvlstm_7d_low_lr_wd_hidden48,encdec,0.1946948580443859,1,NVIDIA A40,1,8,6499038,2020-07-01
7,SM,130,007_base_7var_weekly_DEconvlstm_7d_low_lr_wd_hidden48,encdec,0.19454721454530954,1,NVIDIA A40,1,8,6499038,2020-07-01
7,SM,131,007_base_7var_weekly_DEconvlstm_7d_low_lr_wd_hidden48,encdec,0.19470953568816185,1,NVIDIA A40,1,8,6499038,2020-07-01
7,SM,132,007_base_7var_weekly_DEconvlstm_7d_low_lr_wd_hidden48,encdec,0.19432722218334675,1,NVIDIA A40,1,8,6499038,2020-07-01
7,SM,133,007_base_7var_weekly_DEconvlstm_7d_low_lr_wd_hidden48,encdec,0.19487056694924831,1,NVIDIA A40,1,8,6499038,2020-07-01
7,SM,134,007_base_7var_weekly_DEconvlstm_7d_low_lr_wd_hidden48,encdec,0.19483385607600212,1,NVIDIA A40,1,8,6499038,2020-07-01
7,SM,135,007_base_7var_weekly_DEconvlstm_7d_low_lr_wd_hidden48,encdec,0.19471665937453508,1,NVIDIA A40,1,8,6499038,2020-07-01
7,SM,136,007_base_7var_weekly_DEconvlstm_7d_low_lr_wd_hidden48,encdec,0.19353332370519638,1,NVIDIA A40,1,8,6499038,2020-07-01
7,SM,137,007_base_7var_weekly_DEconvlstm_7d_low_lr_wd_hidden48,encdec,0.19367606937885284,1,NVIDIA A40,1,8,6499038,2020-07-01
7,SM,138,007_base_7var_weekly_DEconvlstm_7d_low_lr_wd_hidden48,encdec,0.19364462792873383,1,NVIDIA A40,1,8,6499038,2020-07-01
7,SM,139,007_base_7var_weekly_DEconvlstm_7d_low_lr_wd_hidden48,encdec,0.18780276272445917,1,NVIDIA A40,1,8,6499038,2020-07-01
7,SM,140,007_base_7var_weekly_DEconvlstm_7d_low_lr_wd_hidden48,encdec,0.18711046129465103,1,NVIDIA A40,1,8,6499038,2020-07-01
7,SM,141,007_base_7var_weekly_DEconvlstm_7d_low_lr_wd_hidden48,encdec,0.18414280284196138,1,NVIDIA A40,1,8,6499038,2020-07-01
7,SM,142,007_base_7var_weekly_DEconvlstm_7d_low_lr_wd_hidden48,encdec,0.18535002507269382,1,NVIDIA A40,1,8,6499038,2020-07-01
7,SM,143,007_base_7var_weekly_DEconvlstm_7d_low_lr_wd_hidden48,encdec,0.18537472188472748,1,NVIDIA A40,1,8,6499038,2020-07-01
7,SM,144,007_base_7var_weekly_DEconvlstm_7d_low_lr_wd_hidden48,encdec,0.18508157972246408,1,NVIDIA A40,1,8,6499038,2020-07-01
7,SM,145,007_base_7var_weekly_DEconvlstm_7d_low_lr_wd_hidden48,encdec,0.19069797173142433,1,NVIDIA A40,1,8,6499038,2020-07-01
7,SM,146,007_base_7var_weekly_DEconvlstm_7d_low_lr_wd_hidden48,encdec,0.1943503674119711,1,NVIDIA A40,1,8,6499038,2020-07-01
7,SM,147,007_base_7var_weekly_DEconvlstm_7d_low_lr_wd_hidden48,encdec,0.19031113758683205,1,NVIDIA A40,1,8,6499038,2020-07-01
7,SM,148,007_base_7var_weekly_DEconvlstm_7d_low_lr_wd_hidden48,encdec,0.19508089125156403,1,NVIDIA A40,1,8,6499038,2020-07-01
7,SM,149,007_base_7var_weekly_DEconvlstm_7d_low_lr_wd_hidden48,encdec,0.1950462544336915,1,NVIDIA A40,1,8,6499038,2020-07-01
7,SM,150,007_base_7var_weekly_DEconvlstm_7d_low_lr_wd_hidden48,encdec,0.19540149718523026,1,NVIDIA A40,1,8,6499038,2020-07-01
7,SM,151,007_base_7var_weekly_DEconvlstm_7d_low_lr_wd_hidden48,encdec,0.1935376925393939,1,NVIDIA A40,1,8,6499038,2020-07-01
7,SM,152,007_base_7var_weekly_DEconvlstm_7d_low_lr_wd_hidden48,encdec,0.1859869807958603,1,NVIDIA A40,1,8,6499038,2020-07-01
7,SM,153,007_base_7var_weekly_DEconvlstm_7d_low_lr_wd_hidden48,encdec,0.18708533328026533,1,NVIDIA A40,1,8,6499038,2020-07-01
7,SM,154,007_base_7var_weekly_DEconvlstm_7d_low_lr_wd_hidden48,encdec,0.1865865048021078,1,NVIDIA A40,1,8,6499038,2020-07-01
7,SM,155,007_base_7var_weekly_DEconvlstm_7d_low_lr_wd_hidden48,encdec,0.19210877548903227,1,NVIDIA A40,1,8,6499038,2020-07-01
7,SM,156,007_base_7var_weekly_DEconvlstm_7d_low_lr_wd_hidden48,encdec,0.1924503119662404,1,NVIDIA A40,1,8,6499038,2020-07-01
7,SM,157,007_base_7var_weekly_DEconvlstm_7d_low_lr_wd_hidden48,encdec,0.1931206714361906,1,NVIDIA A40,1,8,6499038,2020-07-01
7,SM,158,007_base_7var_weekly_DEconvlstm_7d_low_lr_wd_hidden48,encdec,0.19274568930268288,1,NVIDIA A40,1,8,6499038,2020-07-01
7,SM,159,007_base_7var_weekly_DEconvlstm_7d_low_lr_wd_hidden48,encdec,0.19267447292804718,1,NVIDIA A40,1,8,6499038,2020-07-01
7,SM,160,007_base_7var_weekly_DEconvlstm_7d_low_lr_wd_hidden48,encdec,0.1926992405205965,1,NVIDIA A40,1,8,6499038,2020-07-01
7,SM,161,007_base_7var_weekly_DEconvlstm_7d_low_lr_wd_hidden48,encdec,0.1925138747319579,1,NVIDIA A40,1,8,6499038,2020-07-01
7,SM,162,007_base_7var_weekly_DEconvlstm_7d_low_lr_wd_hidden48,encdec,0.1918484941124916,1,NVIDIA A40,1,8,6499038,2020-07-01
7,SM,163,007_base_7var_weekly_DEconvlstm_7d_low_lr_wd_hidden48,encdec,0.19225258100777864,1,NVIDIA A40,1,8,6499038,2020-07-01
7,SM,164,007_base_7var_weekly_DEconvlstm_7d_low_lr_wd_hidden48,encdec,0.19181293528527021,1,NVIDIA A40,1,8,6499038,2020-07-01
7,SM,165,007_base_7var_weekly_DEconvlstm_7d_low_lr_wd_hidden48,encdec,0.1929209567606449,1,NVIDIA A40,1,8,6499038,2020-07-01
7,SM,166,007_base_7var_weekly_DEconvlstm_7d_low_lr_wd_hidden48,encdec,0.19202266912907362,1,NVIDIA A40,1,8,6499038,2020-07-01
7,SM,167,007_base_7var_weekly_DEconvlstm_7d_low_lr_wd_hidden48,encdec,0.18919045198708773,1,NVIDIA A40,1,8,6499038,2020-07-01
7,SM,168,007_base_7var_weekly_DEconvlstm_7d_low_lr_wd_hidden48,encdec,0.1914149196818471,1,NVIDIA A40,1,8,6499038,2020-07-01
7,SM,169,007_base_7var_weekly_DEconvlstm_7d_low_lr_wd_hidden48,encdec,0.1914978502318263,1,NVIDIA A40,1,8,6499038,2020-07-01
7,SM,170,007_base_7var_weekly_DEconvlstm_7d_low_lr_wd_hidden48,encdec,0.19228148739784956,1,NVIDIA A40,1,8,6499038,2020-07-01
7,SM,171,007_base_7var_weekly_DEconvlstm_7d_low_lr_wd_hidden48,encdec,0.19298178423196077,1,NVIDIA A40,1,8,6499038,2020-07-01
7,SM,172,007_base_7var_weekly_DEconvlstm_7d_low_lr_wd_hidden48,encdec,0.18404044676572084,1,NVIDIA A40,1,8,6499038,2020-07-01
7,SM,173,007_base_7var_weekly_DEconvlstm_7d_low_lr_wd_hidden48,encdec,0.18513426091521978,1,NVIDIA A40,1,8,6499038,2020-07-01
7,SM,174,007_base_7var_weekly_DEconvlstm_7d_low_lr_wd_hidden48,encdec,0.18604700546711683,1,NVIDIA A40,1,8,6499038,2020-07-01
7,SM,175,007_base_7var_weekly_DEconvlstm_7d_low_lr_wd_hidden48,encdec,0.18329591490328312,1,NVIDIA A40,1,8,6499038,2020-07-01
7,SM,176,007_base_7var_weekly_DEconvlstm_7d_low_lr_wd_hidden48,encdec,0.18736795708537102,1,NVIDIA A40,1,8,6499038,2020-07-01
7,SM,177,007_base_7var_weekly_DEconvlstm_7d_low_lr_wd_hidden48,encdec,0.1900634104385972,1,NVIDIA A40,1,8,6499038,2020-07-01
7,SM,178,007_base_7var_weekly_DEconvlstm_7d_low_lr_wd_hidden48,encdec,0.1913530519232154,1,NVIDIA A40,1,8,6499038,2020-07-01
7,SM,179,007_base_7var_weekly_DEconvlstm_7d_low_lr_wd_hidden48,encdec,0.1904610563069582,1,NVIDIA A40,1,8,6499038,2020-07-01
7,SM,180,007_base_7var_weekly_DEconvlstm_7d_low_lr_wd_hidden48,encdec,0.1927069053053856,1,NVIDIA A40,1,8,6499038,2020-07-01
7,SM,181,007_base_7var_weekly_DEconvlstm_7d_low_lr_wd_hidden48,encdec,0.19368559774011374,1,NVIDIA A40,1,8,6499038,2020-07-01
7,SM,182,007_base_7var_weekly_DEconvlstm_7d_low_lr_wd_hidden48,encdec,0.19420476537197828,1,NVIDIA A40,1,8,6499038,2020-07-01
7,SM,183,007_base_7var_weekly_DEconvlstm_7d_low_lr_wd_hidden48,encdec,0.19320534355938435,1,NVIDIA A40,1,8,6499038,2020-07-01
7,SM,184,007_base_7var_weekly_DEconvlstm_7d_low_lr_wd_hidden48,encdec,0.1928376778960228,1,NVIDIA A40,1,8,6499038,2020-07-01
7,SM,185,007_base_7var_weekly_DEconvlstm_7d_low_lr_wd_hidden48,encdec,0.19318802189081907,1,NVIDIA A40,1,8,6499038,2020-07-01
7,SM,186,007_base_7var_weekly_DEconvlstm_7d_low_lr_wd_hidden48,encdec,0.19337290804833174,1,NVIDIA A40,1,8,6499038,2020-07-01
7,SM,187,007_base_7var_weekly_DEconvlstm_7d_low_lr_wd_hidden48,encdec,0.1816159961745143,1,NVIDIA A40,1,8,6499038,2020-07-01
7,SM,188,007_base_7var_weekly_DEconvlstm_7d_low_lr_wd_hidden48,encdec,0.1908444045111537,1,NVIDIA A40,1,8,6499038,2020-07-01
7,SM,189,007_base_7var_weekly_DEconvlstm_7d_low_lr_wd_hidden48,encdec,0.19372561667114496,1,NVIDIA A40,1,8,6499038,2020-07-01
7,SM,190,007_base_7var_weekly_DEconvlstm_7d_low_lr_wd_hidden48,encdec,0.19374561589211226,1,NVIDIA A40,1,8,6499038,2020-07-01
7,SM,191,007_base_7var_weekly_DEconvlstm_7d_low_lr_wd_hidden48,encdec,0.19364125467836857,1,NVIDIA A40,1,8,6499038,2020-07-01
7,SM,192,007_base_7var_weekly_DEconvlstm_7d_low_lr_wd_hidden48,encdec,0.19474667962640524,1,NVIDIA A40,1,8,6499038,2020-07-01
7,SM,193,007_base_7var_weekly_DEconvlstm_7d_low_lr_wd_hidden48,encdec,0.19442883972078562,1,NVIDIA A40,1,8,6499038,2020-07-01
7,SM,194,007_base_7var_weekly_DEconvlstm_7d_low_lr_wd_hidden48,encdec,0.19484266452491283,1,NVIDIA A40,1,8,6499038,2020-07-01
7,SM,195,007_base_7var_weekly_DEconvlstm_7d_low_lr_wd_hidden48,encdec,0.19421673100441694,1,NVIDIA A40,1,8,6499038,2020-07-01
7,SM,196,007_base_7var_weekly_DEconvlstm_7d_low_lr_wd_hidden48,encdec,0.19436193071305752,1,NVIDIA A40,1,8,6499038,2020-07-01
7,SM,197,007_base_7var_weekly_DEconvlstm_7d_low_lr_wd_hidden48,encdec,0.19426215812563896,1,NVIDIA A40,1,8,6499038,2020-07-01
7,SM,198,007_base_7var_weekly_DEconvlstm_7d_low_lr_wd_hidden48,encdec,0.19415091536939144,1,NVIDIA A40,1,8,6499038,2020-07-01
7,SM,199,007_base_7var_weekly_DEconvlstm_7d_low_lr_wd_hidden48,encdec,0.19077707454562187,1,NVIDIA A40,1,8,6499038,2020-07-01
7,SM,200,007_base_7var_weekly_DEconvlstm_7d_low_lr_wd_hidden48,encdec,0.19133067037910223,1,NVIDIA A40,1,8,6499038,2020-07-01
30,ET,1,029_base_7var_monthly_Seq2seqconvlstm_30d_compact_1layer,seq2seq,0.22679769340902567,1,NVIDIA A40,1,8,6499038,2020-07-01
30,ET,2,029_base_7var_monthly_Seq2seqconvlstm_30d_compact_1layer,seq2seq,0.2260106485337019,1,NVIDIA A40,1,8,6499038,2020-07-01
30,ET,3,029_base_7var_monthly_Seq2seqconvlstm_30d_compact_1layer,seq2seq,0.2273886688053608,1,NVIDIA A40,1,8,6499038,2020-07-01
30,ET,4,029_base_7var_monthly_Seq2seqconvlstm_30d_compact_1layer,seq2seq,0.2268582098186016,1,NVIDIA A40,1,8,6499038,2020-07-01
30,ET,5,029_base_7var_monthly_Seq2seqconvlstm_30d_compact_1layer,seq2seq,0.23069442808628082,1,NVIDIA A40,1,8,6499038,2020-07-01
30,ET,6,029_base_7var_monthly_Seq2seqconvlstm_30d_compact_1layer,seq2seq,0.2204494420439005,1,NVIDIA A40,1,8,6499038,2020-07-01
30,ET,7,029_base_7var_monthly_Seq2seqconvlstm_30d_compact_1layer,seq2seq,0.21410565171390772,1,NVIDIA A40,1,8,6499038,2020-07-01
30,ET,8,029_base_7var_monthly_Seq2seqconvlstm_30d_compact_1layer,seq2seq,0.2186119183897972,1,NVIDIA A40,1,8,6499038,2020-07-01
30,ET,9,029_base_7var_monthly_Seq2seqconvlstm_30d_compact_1layer,seq2seq,0.21909024938941002,1,NVIDIA A40,1,8,6499038,2020-07-01
30,ET,10,029_base_7var_monthly_Seq2seqconvlstm_30d_compact_1layer,seq2seq,0.21919768583029509,1,NVIDIA A40,1,8,6499038,2020-07-01
30,ET,11,029_base_7var_monthly_Seq2seqconvlstm_30d_compact_1layer,seq2seq,0.21852116379886866,1,NVIDIA A40,1,8,6499038,2020-07-01
30,ET,12,029_base_7var_monthly_Seq2seqconvlstm_30d_compact_1layer,seq2seq,0.2180446768179536,1,NVIDIA A40,1,8,6499038,2020-07-01
30,ET,13,029_base_7var_monthly_Seq2seqconvlstm_30d_compact_1layer,seq2seq,0.21802683360874653,1,NVIDIA A40,1,8,6499038,2020-07-01
30,ET,14,029_base_7var_monthly_Seq2seqconvlstm_30d_compact_1layer,seq2seq,0.2184032266959548,1,NVIDIA A40,1,8,6499038,2020-07-01
30,ET,15,029_base_7var_monthly_Seq2seqconvlstm_30d_compact_1layer,seq2seq,0.21758466307073832,1,NVIDIA A40,1,8,6499038,2020-07-01
30,ET,16,029_base_7var_monthly_Seq2seqconvlstm_30d_compact_1layer,seq2seq,0.21750734373927116,1,NVIDIA A40,1,8,6499038,2020-07-01
30,ET,17,029_base_7var_monthly_Seq2seqconvlstm_30d_compact_1layer,seq2seq,0.2187964441254735,1,NVIDIA A40,1,8,6499038,2020-07-01
30,ET,18,029_base_7var_monthly_Seq2seqconvlstm_30d_compact_1layer,seq2seq,0.2264988087117672,1,NVIDIA A40,1,8,6499038,2020-07-01
30,ET,19,029_base_7var_monthly_Seq2seqconvlstm_30d_compact_1layer,seq2seq,0.22748558595776558,1,NVIDIA A40,1,8,6499038,2020-07-01
30,ET,20,029_base_7var_monthly_Seq2seqconvlstm_30d_compact_1layer,seq2seq,0.2277038749307394,1,NVIDIA A40,1,8,6499038,2020-07-01
30,ET,21,029_base_7var_monthly_Seq2seqconvlstm_30d_compact_1layer,seq2seq,0.22677045036107302,1,NVIDIA A40,1,8,6499038,2020-07-01
30,ET,22,029_base_7var_monthly_Seq2seqconvlstm_30d_compact_1layer,seq2seq,0.22712441068142653,1,NVIDIA A40,1,8,6499038,2020-07-01
30,ET,23,029_base_7var_monthly_Seq2seqconvlstm_30d_compact_1layer,seq2seq,0.2191647244617343,1,NVIDIA A40,1,8,6499038,2020-07-01
30,ET,24,029_base_7var_monthly_Seq2seqconvlstm_30d_compact_1layer,seq2seq,0.22693764697760344,1,NVIDIA A40,1,8,6499038,2020-07-01
30,ET,25,029_base_7var_monthly_Seq2seqconvlstm_30d_compact_1layer,seq2seq,0.22654188610613346,1,NVIDIA A40,1,8,6499038,2020-07-01
30,ET,26,029_base_7var_monthly_Seq2seqconvlstm_30d_compact_1layer,seq2seq,0.22594677098095417,1,NVIDIA A40,1,8,6499038,2020-07-01
30,ET,27,029_base_7var_monthly_Seq2seqconvlstm_30d_compact_1layer,seq2seq,0.22625370137393475,1,NVIDIA A40,1,8,6499038,2020-07-01
30,ET,28,029_base_7var_monthly_Seq2seqconvlstm_30d_compact_1layer,seq2seq,0.22665421292185783,1,NVIDIA A40,1,8,6499038,2020-07-01
30,ET,29,029_base_7var_monthly_Seq2seqconvlstm_30d_compact_1layer,seq2seq,0.22656583227217197,1,NVIDIA A40,1,8,6499038,2020-07-01
30,ET,30,029_base_7var_monthly_Seq2seqconvlstm_30d_compact_1layer,seq2seq,0.2271494334563613,1,NVIDIA A40,1,8,6499038,2020-07-01
30,ET,31,029_base_7var_monthly_Seq2seqconvlstm_30d_compact_1layer,seq2seq,0.22693723533302546,1,NVIDIA A40,1,8,6499038,2020-07-01
30,ET,32,029_base_7var_monthly_Seq2seqconvlstm_30d_compact_1layer,seq2seq,0.22711834404617548,1,NVIDIA A40,1,8,6499038,2020-07-01
30,ET,33,029_base_7var_monthly_Seq2seqconvlstm_30d_compact_1layer,seq2seq,0.22693580482155085,1,NVIDIA A40,1,8,6499038,2020-07-01
30,ET,34,029_base_7var_monthly_Seq2seqconvlstm_30d_compact_1layer,seq2seq,0.22064572479575872,1,NVIDIA A40,1,8,6499038,2020-07-01
30,ET,35,029_base_7var_monthly_Seq2seqconvlstm_30d_compact_1layer,seq2seq,0.21876578964293003,1,NVIDIA A40,1,8,6499038,2020-07-01
30,ET,36,029_base_7var_monthly_Seq2seqconvlstm_30d_compact_1layer,seq2seq,0.21952829603105783,1,NVIDIA A40,1,8,6499038,2020-07-01
30,ET,37,029_base_7var_monthly_Seq2seqconvlstm_30d_compact_1layer,seq2seq,0.22207640670239925,1,NVIDIA A40,1,8,6499038,2020-07-01
30,ET,38,029_base_7var_monthly_Seq2seqconvlstm_30d_compact_1layer,seq2seq,0.22331142239272594,1,NVIDIA A40,1,8,6499038,2020-07-01
30,ET,39,029_base_7var_monthly_Seq2seqconvlstm_30d_compact_1layer,seq2seq,0.22435022052377462,1,NVIDIA A40,1,8,6499038,2020-07-01
30,ET,40,029_base_7var_monthly_Seq2seqconvlstm_30d_compact_1layer,seq2seq,0.2184023605659604,1,NVIDIA A40,1,8,6499038,2020-07-01
30,ET,41,029_base_7var_monthly_Seq2seqconvlstm_30d_compact_1layer,seq2seq,0.22081282641738653,1,NVIDIA A40,1,8,6499038,2020-07-01
30,ET,42,029_base_7var_monthly_Seq2seqconvlstm_30d_compact_1layer,seq2seq,0.21685946267098188,1,NVIDIA A40,1,8,6499038,2020-07-01
30,ET,43,029_base_7var_monthly_Seq2seqconvlstm_30d_compact_1layer,seq2seq,0.21778504271060228,1,NVIDIA A40,1,8,6499038,2020-07-01
30,ET,44,029_base_7var_monthly_Seq2seqconvlstm_30d_compact_1layer,seq2seq,0.2211356982588768,1,NVIDIA A40,1,8,6499038,2020-07-01
30,ET,45,029_base_7var_monthly_Seq2seqconvlstm_30d_compact_1layer,seq2seq,0.22002524230629206,1,NVIDIA A40,1,8,6499038,2020-07-01
30,ET,46,029_base_7var_monthly_Seq2seqconvlstm_30d_compact_1layer,seq2seq,0.22492843214422464,1,NVIDIA A40,1,8,6499038,2020-07-01
30,ET,47,029_base_7var_monthly_Seq2seqconvlstm_30d_compact_1layer,seq2seq,0.22593502886593342,1,NVIDIA A40,1,8,6499038,2020-07-01
30,ET,48,029_base_7var_monthly_Seq2seqconvlstm_30d_compact_1layer,seq2seq,0.2234563510864973,1,NVIDIA A40,1,8,6499038,2020-07-01
30,ET,49,029_base_7var_monthly_Seq2seqconvlstm_30d_compact_1layer,seq2seq,0.2270699217915535,1,NVIDIA A40,1,8,6499038,2020-07-01
30,ET,50,029_base_7var_monthly_Seq2seqconvlstm_30d_compact_1layer,seq2seq,0.2267098007723689,1,NVIDIA A40,1,8,6499038,2020-07-01
30,ET,51,029_base_7var_monthly_Seq2seqconvlstm_30d_compact_1layer,seq2seq,0.2270491747185588,1,NVIDIA A40,1,8,6499038,2020-07-01
30,ET,52,029_base_7var_monthly_Seq2seqconvlstm_30d_compact_1layer,seq2seq,0.224110241048038,1,NVIDIA A40,1,8,6499038,2020-07-01
30,ET,53,029_base_7var_monthly_Seq2seqconvlstm_30d_compact_1layer,seq2seq,0.22424374800175428,1,NVIDIA A40,1,8,6499038,2020-07-01
30,ET,54,029_base_7var_monthly_Seq2seqconvlstm_30d_compact_1layer,seq2seq,0.22413216345012188,1,NVIDIA A40,1,8,6499038,2020-07-01
30,ET,55,029_base_7var_monthly_Seq2seqconvlstm_30d_compact_1layer,seq2seq,0.22398918773978949,1,NVIDIA A40,1,8,6499038,2020-07-01
30,ET,56,029_base_7var_monthly_Seq2seqconvlstm_30d_compact_1layer,seq2seq,0.22414734307676554,1,NVIDIA A40,1,8,6499038,2020-07-01
30,ET,57,029_base_7var_monthly_Seq2seqconvlstm_30d_compact_1layer,seq2seq,0.22066837083548307,1,NVIDIA A40,1,8,6499038,2020-07-01
30,ET,58,029_base_7var_monthly_Seq2seqconvlstm_30d_compact_1layer,seq2seq,0.22146059479564428,1,NVIDIA A40,1,8,6499038,2020-07-01
30,ET,59,029_base_7var_monthly_Seq2seqconvlstm_30d_compact_1layer,seq2seq,0.21949466411024332,1,NVIDIA A40,1,8,6499038,2020-07-01
30,ET,60,029_base_7var_monthly_Seq2seqconvlstm_30d_compact_1layer,seq2seq,0.22247318178415298,1,NVIDIA A40,1,8,6499038,2020-07-01
30,ET,61,029_base_7var_monthly_Seq2seqconvlstm_30d_compact_1layer,seq2seq,0.22235608752816916,1,NVIDIA A40,1,8,6499038,2020-07-01
30,ET,62,029_base_7var_monthly_Seq2seqconvlstm_30d_compact_1layer,seq2seq,0.22594367805868387,1,NVIDIA A40,1,8,6499038,2020-07-01
30,ET,63,029_base_7var_monthly_Seq2seqconvlstm_30d_compact_1layer,seq2seq,0.21855882368981838,1,NVIDIA A40,1,8,6499038,2020-07-01
30,ET,64,029_base_7var_monthly_Seq2seqconvlstm_30d_compact_1layer,seq2seq,0.22101041954010725,1,NVIDIA A40,1,8,6499038,2020-07-01
30,ET,65,029_base_7var_monthly_Seq2seqconvlstm_30d_compact_1layer,seq2seq,0.22121409140527248,1,NVIDIA A40,1,8,6499038,2020-07-01
30,ET,66,029_base_7var_monthly_Seq2seqconvlstm_30d_compact_1layer,seq2seq,0.2195555604994297,1,NVIDIA A40,1,8,6499038,2020-07-01
30,ET,67,029_base_7var_monthly_Seq2seqconvlstm_30d_compact_1layer,seq2seq,0.21984767261892557,1,NVIDIA A40,1,8,6499038,2020-07-01
30,ET,68,029_base_7var_monthly_Seq2seqconvlstm_30d_compact_1layer,seq2seq,0.22027624677866697,1,NVIDIA A40,1,8,6499038,2020-07-01
30,ET,69,029_base_7var_monthly_Seq2seqconvlstm_30d_compact_1layer,seq2seq,0.22046860679984093,1,NVIDIA A40,1,8,6499038,2020-07-01
30,ET,70,029_base_7var_monthly_Seq2seqconvlstm_30d_compact_1layer,seq2seq,0.22069488279521465,1,NVIDIA A40,1,8,6499038,2020-07-01
30,ET,71,029_base_7var_monthly_Seq2seqconvlstm_30d_compact_1layer,seq2seq,0.22035649232566357,1,NVIDIA A40,1,8,6499038,2020-07-01
30,ET,72,029_base_7var_monthly_Seq2seqconvlstm_30d_compact_1layer,seq2seq,0.22709199599921703,1,NVIDIA A40,1,8,6499038,2020-07-01
30,ET,73,029_base_7var_monthly_Seq2seqconvlstm_30d_compact_1layer,seq2seq,0.22683031298220158,1,NVIDIA A40,1,8,6499038,2020-07-01
30,ET,74,029_base_7var_monthly_Seq2seqconvlstm_30d_compact_1layer,seq2seq,0.22032073233276606,1,NVIDIA A40,1,8,6499038,2020-07-01
30,ET,75,029_base_7var_monthly_Seq2seqconvlstm_30d_compact_1layer,seq2seq,0.21961250063031912,1,NVIDIA A40,1,8,6499038,2020-07-01
30,ET,76,029_base_7var_monthly_Seq2seqconvlstm_30d_compact_1layer,seq2seq,0.2197794709354639,1,NVIDIA A40,1,8,6499038,2020-07-01
30,ET,77,029_base_7var_monthly_Seq2seqconvlstm_30d_compact_1layer,seq2seq,0.22059001121670008,1,NVIDIA A40,1,8,6499038,2020-07-01
30,ET,78,029_base_7var_monthly_Seq2seqconvlstm_30d_compact_1layer,seq2seq,0.22093518637120724,1,NVIDIA A40,1,8,6499038,2020-07-01
30,ET,79,029_base_7var_monthly_Seq2seqconvlstm_30d_compact_1layer,seq2seq,0.21989069785922766,1,NVIDIA A40,1,8,6499038,2020-07-01
30,ET,80,029_base_7var_monthly_Seq2seqconvlstm_30d_compact_1layer,seq2seq,0.21889385115355253,1,NVIDIA A40,1,8,6499038,2020-07-01
30,ET,81,029_base_7var_monthly_Seq2seqconvlstm_30d_compact_1layer,seq2seq,0.2221242245286703,1,NVIDIA A40,1,8,6499038,2020-07-01
30,ET,82,029_base_7var_monthly_Seq2seqconvlstm_30d_compact_1layer,seq2seq,0.21653434168547392,1,NVIDIA A40,1,8,6499038,2020-07-01
30,ET,83,029_base_7var_monthly_Seq2seqconvlstm_30d_compact_1layer,seq2seq,0.21920811478048563,1,NVIDIA A40,1,8,6499038,2020-07-01
30,ET,84,029_base_7var_monthly_Seq2seqconvlstm_30d_compact_1layer,seq2seq,0.2193262716755271,1,NVIDIA A40,1,8,6499038,2020-07-01
30,ET,85,029_base_7var_monthly_Seq2seqconvlstm_30d_compact_1layer,seq2seq,0.2194055961444974,1,NVIDIA A40,1,8,6499038,2020-07-01
30,ET,86,029_base_7var_monthly_Seq2seqconvlstm_30d_compact_1layer,seq2seq,0.21788624301552773,1,NVIDIA A40,1,8,6499038,2020-07-01
30,ET,87,029_base_7var_monthly_Seq2seqconvlstm_30d_compact_1layer,seq2seq,0.21885591745376587,1,NVIDIA A40,1,8,6499038,2020-07-01
30,ET,88,029_base_7var_monthly_Seq2seqconvlstm_30d_compact_1layer,seq2seq,0.22192273661494255,1,NVIDIA A40,1,8,6499038,2020-07-01
30,ET,89,029_base_7var_monthly_Seq2seqconvlstm_30d_compact_1layer,seq2seq,0.21954638604074717,1,NVIDIA A40,1,8,6499038,2020-07-01
30,ET,90,029_base_7var_monthly_Seq2seqconvlstm_30d_compact_1layer,seq2seq,0.22990193497389555,1,NVIDIA A40,1,8,6499038,2020-07-01
30,ET,91,029_base_7var_monthly_Seq2seqconvlstm_30d_compact_1layer,seq2seq,0.23072348535060883,1,NVIDIA A40,1,8,6499038,2020-07-01
30,ET,92,029_base_7var_monthly_Seq2seqconvlstm_30d_compact_1layer,seq2seq,0.220022551715374,1,NVIDIA A40,1,8,6499038,2020-07-01
30,ET,93,029_base_7var_monthly_Seq2seqconvlstm_30d_compact_1layer,seq2seq,0.2192479521036148,1,NVIDIA A40,1,8,6499038,2020-07-01
30,ET,94,029_base_7var_monthly_Seq2seqconvlstm_30d_compact_1layer,seq2seq,0.21847725845873356,1,NVIDIA A40,1,8,6499038,2020-07-01
30,ET,95,029_base_7var_monthly_Seq2seqconvlstm_30d_compact_1layer,seq2seq,0.2287270948290825,1,NVIDIA A40,1,8,6499038,2020-07-01
30,ET,96,029_base_7var_monthly_Seq2seqconvlstm_30d_compact_1layer,seq2seq,0.2303173542022705,1,NVIDIA A40,1,8,6499038,2020-07-01
30,ET,97,029_base_7var_monthly_Seq2seqconvlstm_30d_compact_1layer,seq2seq,0.229686189442873,1,NVIDIA A40,1,8,6499038,2020-07-01
30,ET,98,029_base_7var_monthly_Seq2seqconvlstm_30d_compact_1layer,seq2seq,0.2172102713957429,1,NVIDIA A40,1,8,6499038,2020-07-01
30,ET,99,029_base_7var_monthly_Seq2seqconvlstm_30d_compact_1layer,seq2seq,0.2204318791627884,1,NVIDIA A40,1,8,6499038,2020-07-01
30,ET,100,029_base_7var_monthly_Seq2seqconvlstm_30d_compact_1layer,seq2seq,0.21943187527358532,1,NVIDIA A40,1,8,6499038,2020-07-01
30,ET,101,029_base_7var_monthly_Seq2seqconvlstm_30d_compact_1layer,seq2seq,0.22055209055542946,1,NVIDIA A40,1,8,6499038,2020-07-01
30,ET,102,029_base_7var_monthly_Seq2seqconvlstm_30d_compact_1layer,seq2seq,0.2203489001840353,1,NVIDIA A40,1,8,6499038,2020-07-01
30,ET,103,029_base_7var_monthly_Seq2seqconvlstm_30d_compact_1layer,seq2seq,0.2208041362464428,1,NVIDIA A40,1,8,6499038,2020-07-01
30,ET,104,029_base_7var_monthly_Seq2seqconvlstm_30d_compact_1layer,seq2seq,0.22035941947251558,1,NVIDIA A40,1,8,6499038,2020-07-01
30,ET,105,029_base_7var_monthly_Seq2seqconvlstm_30d_compact_1layer,seq2seq,0.2205875739455223,1,NVIDIA A40,1,8,6499038,2020-07-01
30,ET,106,029_base_7var_monthly_Seq2seqconvlstm_30d_compact_1layer,seq2seq,0.22016125079244375,1,NVIDIA A40,1,8,6499038,2020-07-01
30,ET,107,029_base_7var_monthly_Seq2seqconvlstm_30d_compact_1layer,seq2seq,0.22060200851410627,1,NVIDIA A40,1,8,6499038,2020-07-01
30,ET,108,029_base_7var_monthly_Seq2seqconvlstm_30d_compact_1layer,seq2seq,0.22410663031041622,1,NVIDIA A40,1,8,6499038,2020-07-01
30,ET,109,029_base_7var_monthly_Seq2seqconvlstm_30d_compact_1layer,seq2seq,0.23009511083364487,1,NVIDIA A40,1,8,6499038,2020-07-01
30,ET,110,029_base_7var_monthly_Seq2seqconvlstm_30d_compact_1layer,seq2seq,0.21919525042176247,1,NVIDIA A40,1,8,6499038,2020-07-01
30,ET,111,029_base_7var_monthly_Seq2seqconvlstm_30d_compact_1layer,seq2seq,0.2271510874852538,1,NVIDIA A40,1,8,6499038,2020-07-01
30,ET,112,029_base_7var_monthly_Seq2seqconvlstm_30d_compact_1layer,seq2seq,0.22770705539733171,1,NVIDIA A40,1,8,6499038,2020-07-01
30,ET,113,029_base_7var_monthly_Seq2seqconvlstm_30d_compact_1layer,seq2seq,0.22791750077158213,1,NVIDIA A40,1,8,6499038,2020-07-01
30,ET,114,029_base_7var_monthly_Seq2seqconvlstm_30d_compact_1layer,seq2seq,0.2292888993397355,1,NVIDIA A40,1,8,6499038,2020-07-01
30,ET,115,029_base_7var_monthly_Seq2seqconvlstm_30d_compact_1layer,seq2seq,0.22615486104041338,1,NVIDIA A40,1,8,6499038,2020-07-01
30,ET,116,029_base_7var_monthly_Seq2seqconvlstm_30d_compact_1layer,seq2seq,0.22881337441504002,1,NVIDIA A40,1,8,6499038,2020-07-01
30,ET,117,029_base_7var_monthly_Seq2seqconvlstm_30d_compact_1layer,seq2seq,0.22645085025578737,1,NVIDIA A40,1,8,6499038,2020-07-01
30,ET,118,029_base_7var_monthly_Seq2seqconvlstm_30d_compact_1layer,seq2seq,0.22744075488299131,1,NVIDIA A40,1,8,6499038,2020-07-01
30,ET,119,029_base_7var_monthly_Seq2seqconvlstm_30d_compact_1layer,seq2seq,0.22666791640222073,1,NVIDIA A40,1,8,6499038,2020-07-01
30,ET,120,029_base_7var_monthly_Seq2seqconvlstm_30d_compact_1layer,seq2seq,0.2272059414535761,1,NVIDIA A40,1,8,6499038,2020-07-01
30,ET,121,029_base_7var_monthly_Seq2seqconvlstm_30d_compact_1layer,seq2seq,0.22718723770231009,1,NVIDIA A40,1,8,6499038,2020-07-01
30,ET,122,029_base_7var_monthly_Seq2seqconvlstm_30d_compact_1layer,seq2seq,0.21792089939117432,1,NVIDIA A40,1,8,6499038,2020-07-01
30,ET,123,029_base_7var_monthly_Seq2seqconvlstm_30d_compact_1layer,seq2seq,0.22024832759052515,1,NVIDIA A40,1,8,6499038,2020-07-01
30,ET,124,029_base_7var_monthly_Seq2seqconvlstm_30d_compact_1layer,seq2seq,0.23022843804210424,1,NVIDIA A40,1,8,6499038,2020-07-01
30,ET,125,029_base_7var_monthly_Seq2seqconvlstm_30d_compact_1layer,seq2seq,0.2305053500458598,1,NVIDIA A40,1,8,6499038,2020-07-01
30,ET,126,029_base_7var_monthly_Seq2seqconvlstm_30d_compact_1layer,seq2seq,0.22787758521735668,1,NVIDIA A40,1,8,6499038,2020-07-01
30,ET,127,029_base_7var_monthly_Seq2seqconvlstm_30d_compact_1layer,seq2seq,0.21707158628851175,1,NVIDIA A40,1,8,6499038,2020-07-01
30,ET,128,029_base_7var_monthly_Seq2seqconvlstm_30d_compact_1layer,seq2seq,0.21820650901645422,1,NVIDIA A40,1,8,6499038,2020-07-01
30,ET,129,029_base_7var_monthly_Seq2seqconvlstm_30d_compact_1layer,seq2seq,0.21829755324870348,1,NVIDIA A40,1,8,6499038,2020-07-01
30,ET,130,029_base_7var_monthly_Seq2seqconvlstm_30d_compact_1layer,seq2seq,0.21810492407530546,1,NVIDIA A40,1,8,6499038,2020-07-01
30,ET,131,029_base_7var_monthly_Seq2seqconvlstm_30d_compact_1layer,seq2seq,0.21962812449783087,1,NVIDIA A40,1,8,6499038,2020-07-01
30,ET,132,029_base_7var_monthly_Seq2seqconvlstm_30d_compact_1layer,seq2seq,0.22220374923199415,1,NVIDIA A40,1,8,6499038,2020-07-01
30,ET,133,029_base_7var_monthly_Seq2seqconvlstm_30d_compact_1layer,seq2seq,0.2233196757733822,1,NVIDIA A40,1,8,6499038,2020-07-01
30,ET,134,029_base_7var_monthly_Seq2seqconvlstm_30d_compact_1layer,seq2seq,0.2237851619720459,1,NVIDIA A40,1,8,6499038,2020-07-01
30,ET,135,029_base_7var_monthly_Seq2seqconvlstm_30d_compact_1layer,seq2seq,0.2241768455132842,1,NVIDIA A40,1,8,6499038,2020-07-01
30,ET,136,029_base_7var_monthly_Seq2seqconvlstm_30d_compact_1layer,seq2seq,0.22620494849979877,1,NVIDIA A40,1,8,6499038,2020-07-01
30,ET,137,029_base_7var_monthly_Seq2seqconvlstm_30d_compact_1layer,seq2seq,0.22420220356434584,1,NVIDIA A40,1,8,6499038,2020-07-01
30,ET,138,029_base_7var_monthly_Seq2seqconvlstm_30d_compact_1layer,seq2seq,0.22445201501250267,1,NVIDIA A40,1,8,6499038,2020-07-01
30,ET,139,029_base_7var_monthly_Seq2seqconvlstm_30d_compact_1layer,seq2seq,0.22423460613936186,1,NVIDIA A40,1,8,6499038,2020-07-01
30,ET,140,029_base_7var_monthly_Seq2seqconvlstm_30d_compact_1layer,seq2seq,0.22488611936569214,1,NVIDIA A40,1,8,6499038,2020-07-01
30,ET,141,029_base_7var_monthly_Seq2seqconvlstm_30d_compact_1layer,seq2seq,0.22381525952368975,1,NVIDIA A40,1,8,6499038,2020-07-01
30,ET,142,029_base_7var_monthly_Seq2seqconvlstm_30d_compact_1layer,seq2seq,0.22708726581186056,1,NVIDIA A40,1,8,6499038,2020-07-01
30,ET,143,029_base_7var_monthly_Seq2seqconvlstm_30d_compact_1layer,seq2seq,0.22573776822537184,1,NVIDIA A40,1,8,6499038,2020-07-01
30,ET,144,029_base_7var_monthly_Seq2seqconvlstm_30d_compact_1layer,seq2seq,0.2303802827373147,1,NVIDIA A40,1,8,6499038,2020-07-01
30,ET,145,029_base_7var_monthly_Seq2seqconvlstm_30d_compact_1layer,seq2seq,0.22932471241801977,1,NVIDIA A40,1,8,6499038,2020-07-01
30,ET,146,029_base_7var_monthly_Seq2seqconvlstm_30d_compact_1layer,seq2seq,0.2305394196882844,1,NVIDIA A40,1,8,6499038,2020-07-01
30,ET,147,029_base_7var_monthly_Seq2seqconvlstm_30d_compact_1layer,seq2seq,0.2212653923779726,1,NVIDIA A40,1,8,6499038,2020-07-01
30,ET,148,029_base_7var_monthly_Seq2seqconvlstm_30d_compact_1layer,seq2seq,0.221420812420547,1,NVIDIA A40,1,8,6499038,2020-07-01
30,ET,149,029_base_7var_monthly_Seq2seqconvlstm_30d_compact_1layer,seq2seq,0.22299471031874418,1,NVIDIA A40,1,8,6499038,2020-07-01
30,ET,150,029_base_7var_monthly_Seq2seqconvlstm_30d_compact_1layer,seq2seq,0.22199609875679016,1,NVIDIA A40,1,8,6499038,2020-07-01
30,ET,151,029_base_7var_monthly_Seq2seqconvlstm_30d_compact_1layer,seq2seq,0.2223621029406786,1,NVIDIA A40,1,8,6499038,2020-07-01
30,ET,152,029_base_7var_monthly_Seq2seqconvlstm_30d_compact_1layer,seq2seq,0.21876616310328245,1,NVIDIA A40,1,8,6499038,2020-07-01
30,ET,153,029_base_7var_monthly_Seq2seqconvlstm_30d_compact_1layer,seq2seq,0.2263406002894044,1,NVIDIA A40,1,8,6499038,2020-07-01
30,ET,154,029_base_7var_monthly_Seq2seqconvlstm_30d_compact_1layer,seq2seq,0.22286081314086914,1,NVIDIA A40,1,8,6499038,2020-07-01
30,ET,155,029_base_7var_monthly_Seq2seqconvlstm_30d_compact_1layer,seq2seq,0.2187065789476037,1,NVIDIA A40,1,8,6499038,2020-07-01
30,ET,156,029_base_7var_monthly_Seq2seqconvlstm_30d_compact_1layer,seq2seq,0.23127470444887877,1,NVIDIA A40,1,8,6499038,2020-07-01
30,ET,157,029_base_7var_monthly_Seq2seqconvlstm_30d_compact_1layer,seq2seq,0.22939254250377417,1,NVIDIA A40,1,8,6499038,2020-07-01
30,ET,158,029_base_7var_monthly_Seq2seqconvlstm_30d_compact_1layer,seq2seq,0.22807831410318613,1,NVIDIA A40,1,8,6499038,2020-07-01
30,ET,159,029_base_7var_monthly_Seq2seqconvlstm_30d_compact_1layer,seq2seq,0.2282145544886589,1,NVIDIA A40,1,8,6499038,2020-07-01
30,ET,160,029_base_7var_monthly_Seq2seqconvlstm_30d_compact_1layer,seq2seq,0.23009710758924484,1,NVIDIA A40,1,8,6499038,2020-07-01
30,ET,161,029_base_7var_monthly_Seq2seqconvlstm_30d_compact_1layer,seq2seq,0.22878844942897558,1,NVIDIA A40,1,8,6499038,2020-07-01
30,ET,162,029_base_7var_monthly_Seq2seqconvlstm_30d_compact_1layer,seq2seq,0.22806964628398418,1,NVIDIA A40,1,8,6499038,2020-07-01
30,ET,163,029_base_7var_monthly_Seq2seqconvlstm_30d_compact_1layer,seq2seq,0.2318391501903534,1,NVIDIA A40,1,8,6499038,2020-07-01
30,ET,164,029_base_7var_monthly_Seq2seqconvlstm_30d_compact_1layer,seq2seq,0.23122732248157263,1,NVIDIA A40,1,8,6499038,2020-07-01
30,ET,165,029_base_7var_monthly_Seq2seqconvlstm_30d_compact_1layer,seq2seq,0.23142540454864502,1,NVIDIA A40,1,8,6499038,2020-07-01
30,ET,166,029_base_7var_monthly_Seq2seqconvlstm_30d_compact_1layer,seq2seq,0.23126629833132029,1,NVIDIA A40,1,8,6499038,2020-07-01
30,ET,167,029_base_7var_monthly_Seq2seqconvlstm_30d_compact_1layer,seq2seq,0.2313489867374301,1,NVIDIA A40,1,8,6499038,2020-07-01
30,ET,168,029_base_7var_monthly_Seq2seqconvlstm_30d_compact_1layer,seq2seq,0.23157189693301916,1,NVIDIA A40,1,8,6499038,2020-07-01
30,ET,169,029_base_7var_monthly_Seq2seqconvlstm_30d_compact_1layer,seq2seq,0.23085264302790165,1,NVIDIA A40,1,8,6499038,2020-07-01
30,ET,170,029_base_7var_monthly_Seq2seqconvlstm_30d_compact_1layer,seq2seq,0.23116792924702168,1,NVIDIA A40,1,8,6499038,2020-07-01
30,ET,171,029_base_7var_monthly_Seq2seqconvlstm_30d_compact_1layer,seq2seq,0.23127127811312675,1,NVIDIA A40,1,8,6499038,2020-07-01
30,ET,172,029_base_7var_monthly_Seq2seqconvlstm_30d_compact_1layer,seq2seq,0.23103208746761084,1,NVIDIA A40,1,8,6499038,2020-07-01
30,ET,173,029_base_7var_monthly_Seq2seqconvlstm_30d_compact_1layer,seq2seq,0.23049155808985233,1,NVIDIA A40,1,8,6499038,2020-07-01
30,ET,174,029_base_7var_monthly_Seq2seqconvlstm_30d_compact_1layer,seq2seq,0.23072228021919727,1,NVIDIA A40,1,8,6499038,2020-07-01
30,ET,175,029_base_7var_monthly_Seq2seqconvlstm_30d_compact_1layer,seq2seq,0.23048979323357344,1,NVIDIA A40,1,8,6499038,2020-07-01
30,ET,176,029_base_7var_monthly_Seq2seqconvlstm_30d_compact_1layer,seq2seq,0.23064700607210398,1,NVIDIA A40,1,8,6499038,2020-07-01
30,ET,177,029_base_7var_monthly_Seq2seqconvlstm_30d_compact_1layer,seq2seq,0.23045858461409807,1,NVIDIA A40,1,8,6499038,2020-07-01
30,ET,178,029_base_7var_monthly_Seq2seqconvlstm_30d_compact_1layer,seq2seq,0.22626648750156164,1,NVIDIA A40,1,8,6499038,2020-07-01
30,ET,179,029_base_7var_monthly_Seq2seqconvlstm_30d_compact_1layer,seq2seq,0.22723450884222984,1,NVIDIA A40,1,8,6499038,2020-07-01
30,ET,180,029_base_7var_monthly_Seq2seqconvlstm_30d_compact_1layer,seq2seq,0.22631079237908125,1,NVIDIA A40,1,8,6499038,2020-07-01
30,ET,181,029_base_7var_monthly_Seq2seqconvlstm_30d_compact_1layer,seq2seq,0.2234741933643818,1,NVIDIA A40,1,8,6499038,2020-07-01
30,ET,182,029_base_7var_monthly_Seq2seqconvlstm_30d_compact_1layer,seq2seq,0.22427519410848618,1,NVIDIA A40,1,8,6499038,2020-07-01
30,ET,183,029_base_7var_monthly_Seq2seqconvlstm_30d_compact_1layer,seq2seq,0.22357498668134212,1,NVIDIA A40,1,8,6499038,2020-07-01
30,ET,184,029_base_7var_monthly_Seq2seqconvlstm_30d_compact_1layer,seq2seq,0.22557744104415178,1,NVIDIA A40,1,8,6499038,2020-07-01
30,ET,185,029_base_7var_monthly_Seq2seqconvlstm_30d_compact_1layer,seq2seq,0.22486660350114107,1,NVIDIA A40,1,8,6499038,2020-07-01
30,ET,186,029_base_7var_monthly_Seq2seqconvlstm_30d_compact_1layer,seq2seq,0.22263082209974527,1,NVIDIA A40,1,8,6499038,2020-07-01
30,ET,187,029_base_7var_monthly_Seq2seqconvlstm_30d_compact_1layer,seq2seq,0.22318574786186218,1,NVIDIA A40,1,8,6499038,2020-07-01
30,ET,188,029_base_7var_monthly_Seq2seqconvlstm_30d_compact_1layer,seq2seq,0.2272280165925622,1,NVIDIA A40,1,8,6499038,2020-07-01
30,ET,189,029_base_7var_monthly_Seq2seqconvlstm_30d_compact_1layer,seq2seq,0.2275237049907446,1,NVIDIA A40,1,8,6499038,2020-07-01
30,ET,190,029_base_7var_monthly_Seq2seqconvlstm_30d_compact_1layer,seq2seq,0.227986135520041,1,NVIDIA A40,1,8,6499038,2020-07-01
30,ET,191,029_base_7var_monthly_Seq2seqconvlstm_30d_compact_1layer,seq2seq,0.22802974749356508,1,NVIDIA A40,1,8,6499038,2020-07-01
30,ET,192,029_base_7var_monthly_Seq2seqconvlstm_30d_compact_1layer,seq2seq,0.22770532499998808,1,NVIDIA A40,1,8,6499038,2020-07-01
30,ET,193,029_base_7var_monthly_Seq2seqconvlstm_30d_compact_1layer,seq2seq,0.22733927052468061,1,NVIDIA A40,1,8,6499038,2020-07-01
30,ET,194,029_base_7var_monthly_Seq2seqconvlstm_30d_compact_1layer,seq2seq,0.2272537061944604,1,NVIDIA A40,1,8,6499038,2020-07-01
30,ET,195,029_base_7var_monthly_Seq2seqconvlstm_30d_compact_1layer,seq2seq,0.22938403394073248,1,NVIDIA A40,1,8,6499038,2020-07-01
30,ET,196,029_base_7var_monthly_Seq2seqconvlstm_30d_compact_1layer,seq2seq,0.22906161472201347,1,NVIDIA A40,1,8,6499038,2020-07-01
30,ET,197,029_base_7var_monthly_Seq2seqconvlstm_30d_compact_1layer,seq2seq,0.21677565574645996,1,NVIDIA A40,1,8,6499038,2020-07-01
30,ET,198,029_base_7var_monthly_Seq2seqconvlstm_30d_compact_1layer,seq2seq,0.21993654686957598,1,NVIDIA A40,1,8,6499038,2020-07-01
30,ET,199,029_base_7var_monthly_Seq2seqconvlstm_30d_compact_1layer,seq2seq,0.23055557906627655,1,NVIDIA A40,1,8,6499038,2020-07-01
30,ET,200,029_base_7var_monthly_Seq2seqconvlstm_30d_compact_1layer,seq2seq,0.23063799645751715,1,NVIDIA A40,1,8,6499038,2020-07-01
30,SM,1,024_base_7var_monthly_DEconvlstm_30d_compact_1layer,encdec,0.3766106562688947,1,NVIDIA A40,1,8,6499038,2020-07-01
30,SM,2,024_base_7var_monthly_DEconvlstm_30d_compact_1layer,encdec,0.3767357273027301,1,NVIDIA A40,1,8,6499038,2020-07-01
30,SM,3,024_base_7var_monthly_DEconvlstm_30d_compact_1layer,encdec,0.37645866349339485,1,NVIDIA A40,1,8,6499038,2020-07-01
30,SM,4,024_base_7var_monthly_DEconvlstm_30d_compact_1layer,encdec,0.37499840557575226,1,NVIDIA A40,1,8,6499038,2020-07-01
30,SM,5,024_base_7var_monthly_DEconvlstm_30d_compact_1layer,encdec,0.3664126107469201,1,NVIDIA A40,1,8,6499038,2020-07-01
30,SM,6,024_base_7var_monthly_DEconvlstm_30d_compact_1layer,encdec,0.36520879715681076,1,NVIDIA A40,1,8,6499038,2020-07-01
30,SM,7,024_base_7var_monthly_DEconvlstm_30d_compact_1layer,encdec,0.3628960680216551,1,NVIDIA A40,1,8,6499038,2020-07-01
30,SM,8,024_base_7var_monthly_DEconvlstm_30d_compact_1layer,encdec,0.3640171242877841,1,NVIDIA A40,1,8,6499038,2020-07-01
30,SM,9,024_base_7var_monthly_DEconvlstm_30d_compact_1layer,encdec,0.36299174185842276,1,NVIDIA A40,1,8,6499038,2020-07-01
30,SM,10,024_base_7var_monthly_DEconvlstm_30d_compact_1layer,encdec,0.3639338044449687,1,NVIDIA A40,1,8,6499038,2020-07-01
30,SM,11,024_base_7var_monthly_DEconvlstm_30d_compact_1layer,encdec,0.3639567382633686,1,NVIDIA A40,1,8,6499038,2020-07-01
30,SM,12,024_base_7var_monthly_DEconvlstm_30d_compact_1layer,encdec,0.3626411883160472,1,NVIDIA A40,1,8,6499038,2020-07-01
30,SM,13,024_base_7var_monthly_DEconvlstm_30d_compact_1layer,encdec,0.36140324734151363,1,NVIDIA A40,1,8,6499038,2020-07-01
30,SM,14,024_base_7var_monthly_DEconvlstm_30d_compact_1layer,encdec,0.36205590330064297,1,NVIDIA A40,1,8,6499038,2020-07-01
30,SM,15,024_base_7var_monthly_DEconvlstm_30d_compact_1layer,encdec,0.36092374473810196,1,NVIDIA A40,1,8,6499038,2020-07-01
30,SM,16,024_base_7var_monthly_DEconvlstm_30d_compact_1layer,encdec,0.36263792123645544,1,NVIDIA A40,1,8,6499038,2020-07-01
30,SM,17,024_base_7var_monthly_DEconvlstm_30d_compact_1layer,encdec,0.3683032877743244,1,NVIDIA A40,1,8,6499038,2020-07-01
30,SM,18,024_base_7var_monthly_DEconvlstm_30d_compact_1layer,encdec,0.3780372207984328,1,NVIDIA A40,1,8,6499038,2020-07-01
30,SM,19,024_base_7var_monthly_DEconvlstm_30d_compact_1layer,encdec,0.3789006508886814,1,NVIDIA A40,1,8,6499038,2020-07-01
30,SM,20,024_base_7var_monthly_DEconvlstm_30d_compact_1layer,encdec,0.3764793137088418,1,NVIDIA A40,1,8,6499038,2020-07-01
30,SM,21,024_base_7var_monthly_DEconvlstm_30d_compact_1layer,encdec,0.3759827883914113,1,NVIDIA A40,1,8,6499038,2020-07-01
30,SM,22,024_base_7var_monthly_DEconvlstm_30d_compact_1layer,encdec,0.3713979097083211,1,NVIDIA A40,1,8,6499038,2020-07-01
30,SM,23,024_base_7var_monthly_DEconvlstm_30d_compact_1layer,encdec,0.3774939840659499,1,NVIDIA A40,1,8,6499038,2020-07-01
30,SM,24,024_base_7var_monthly_DEconvlstm_30d_compact_1layer,encdec,0.377435602247715,1,NVIDIA A40,1,8,6499038,2020-07-01
30,SM,25,024_base_7var_monthly_DEconvlstm_30d_compact_1layer,encdec,0.3743078149855137,1,NVIDIA A40,1,8,6499038,2020-07-01
30,SM,26,024_base_7var_monthly_DEconvlstm_30d_compact_1layer,encdec,0.3758469261229038,1,NVIDIA A40,1,8,6499038,2020-07-01
30,SM,27,024_base_7var_monthly_DEconvlstm_30d_compact_1layer,encdec,0.37370089907199144,1,NVIDIA A40,1,8,6499038,2020-07-01
30,SM,28,024_base_7var_monthly_DEconvlstm_30d_compact_1layer,encdec,0.37681491766124964,1,NVIDIA A40,1,8,6499038,2020-07-01
30,SM,29,024_base_7var_monthly_DEconvlstm_30d_compact_1layer,encdec,0.37560429982841015,1,NVIDIA A40,1,8,6499038,2020-07-01
30,SM,30,024_base_7var_monthly_DEconvlstm_30d_compact_1layer,encdec,0.37725883163511753,1,NVIDIA A40,1,8,6499038,2020-07-01
30,SM,31,024_base_7var_monthly_DEconvlstm_30d_compact_1layer,encdec,0.376973744481802,1,NVIDIA A40,1,8,6499038,2020-07-01
30,SM,32,024_base_7var_monthly_DEconvlstm_30d_compact_1layer,encdec,0.3761841347441077,1,NVIDIA A40,1,8,6499038,2020-07-01
30,SM,33,024_base_7var_monthly_DEconvlstm_30d_compact_1layer,encdec,0.37387928180396557,1,NVIDIA A40,1,8,6499038,2020-07-01
30,SM,34,024_base_7var_monthly_DEconvlstm_30d_compact_1layer,encdec,0.3591629061847925,1,NVIDIA A40,1,8,6499038,2020-07-01
30,SM,35,024_base_7var_monthly_DEconvlstm_30d_compact_1layer,encdec,0.36860691010951996,1,NVIDIA A40,1,8,6499038,2020-07-01
30,SM,36,024_base_7var_monthly_DEconvlstm_30d_compact_1layer,encdec,0.36595780588686466,1,NVIDIA A40,1,8,6499038,2020-07-01
30,SM,37,024_base_7var_monthly_DEconvlstm_30d_compact_1layer,encdec,0.36993211042135954,1,NVIDIA A40,1,8,6499038,2020-07-01
30,SM,38,024_base_7var_monthly_DEconvlstm_30d_compact_1layer,encdec,0.37075383961200714,1,NVIDIA A40,1,8,6499038,2020-07-01
30,SM,39,024_base_7var_monthly_DEconvlstm_30d_compact_1layer,encdec,0.3663337491452694,1,NVIDIA A40,1,8,6499038,2020-07-01
30,SM,40,024_base_7var_monthly_DEconvlstm_30d_compact_1layer,encdec,0.3616456212475896,1,NVIDIA A40,1,8,6499038,2020-07-01
30,SM,41,024_base_7var_monthly_DEconvlstm_30d_compact_1layer,encdec,0.37255416344851255,1,NVIDIA A40,1,8,6499038,2020-07-01
30,SM,42,024_base_7var_monthly_DEconvlstm_30d_compact_1layer,encdec,0.35993588250130415,1,NVIDIA A40,1,8,6499038,2020-07-01
30,SM,43,024_base_7var_monthly_DEconvlstm_30d_compact_1layer,encdec,0.3659039819613099,1,NVIDIA A40,1,8,6499038,2020-07-01
30,SM,44,024_base_7var_monthly_DEconvlstm_30d_compact_1layer,encdec,0.3661285936832428,1,NVIDIA A40,1,8,6499038,2020-07-01
30,SM,45,024_base_7var_monthly_DEconvlstm_30d_compact_1layer,encdec,0.3731925906613469,1,NVIDIA A40,1,8,6499038,2020-07-01
30,SM,46,024_base_7var_monthly_DEconvlstm_30d_compact_1layer,encdec,0.3757378160953522,1,NVIDIA A40,1,8,6499038,2020-07-01
30,SM,47,024_base_7var_monthly_DEconvlstm_30d_compact_1layer,encdec,0.3749084509909153,1,NVIDIA A40,1,8,6499038,2020-07-01
30,SM,48,024_base_7var_monthly_DEconvlstm_30d_compact_1layer,encdec,0.3761829314753413,1,NVIDIA A40,1,8,6499038,2020-07-01
30,SM,49,024_base_7var_monthly_DEconvlstm_30d_compact_1layer,encdec,0.3759915940463543,1,NVIDIA A40,1,8,6499038,2020-07-01
30,SM,50,024_base_7var_monthly_DEconvlstm_30d_compact_1layer,encdec,0.375220013782382,1,NVIDIA A40,1,8,6499038,2020-07-01
30,SM,51,024_base_7var_monthly_DEconvlstm_30d_compact_1layer,encdec,0.37639961298555136,1,NVIDIA A40,1,8,6499038,2020-07-01
30,SM,52,024_base_7var_monthly_DEconvlstm_30d_compact_1layer,encdec,0.3718183320015669,1,NVIDIA A40,1,8,6499038,2020-07-01
30,SM,53,024_base_7var_monthly_DEconvlstm_30d_compact_1layer,encdec,0.37277141492813826,1,NVIDIA A40,1,8,6499038,2020-07-01
30,SM,54,024_base_7var_monthly_DEconvlstm_30d_compact_1layer,encdec,0.3720509186387062,1,NVIDIA A40,1,8,6499038,2020-07-01
30,SM,55,024_base_7var_monthly_DEconvlstm_30d_compact_1layer,encdec,0.37267740443348885,1,NVIDIA A40,1,8,6499038,2020-07-01
30,SM,56,024_base_7var_monthly_DEconvlstm_30d_compact_1layer,encdec,0.37189829628914595,1,NVIDIA A40,1,8,6499038,2020-07-01
30,SM,57,024_base_7var_monthly_DEconvlstm_30d_compact_1layer,encdec,0.3615829749032855,1,NVIDIA A40,1,8,6499038,2020-07-01
30,SM,58,024_base_7var_monthly_DEconvlstm_30d_compact_1layer,encdec,0.3582072714343667,1,NVIDIA A40,1,8,6499038,2020-07-01
30,SM,59,024_base_7var_monthly_DEconvlstm_30d_compact_1layer,encdec,0.36421818286180496,1,NVIDIA A40,1,8,6499038,2020-07-01
30,SM,60,024_base_7var_monthly_DEconvlstm_30d_compact_1layer,encdec,0.3699507499113679,1,NVIDIA A40,1,8,6499038,2020-07-01
30,SM,61,024_base_7var_monthly_DEconvlstm_30d_compact_1layer,encdec,0.3704037107527256,1,NVIDIA A40,1,8,6499038,2020-07-01
30,SM,62,024_base_7var_monthly_DEconvlstm_30d_compact_1layer,encdec,0.36555527430027723,1,NVIDIA A40,1,8,6499038,2020-07-01
30,SM,63,024_base_7var_monthly_DEconvlstm_30d_compact_1layer,encdec,0.365657982416451,1,NVIDIA A40,1,8,6499038,2020-07-01
30,SM,64,024_base_7var_monthly_DEconvlstm_30d_compact_1layer,encdec,0.36667761392891407,1,NVIDIA A40,1,8,6499038,2020-07-01
30,SM,65,024_base_7var_monthly_DEconvlstm_30d_compact_1layer,encdec,0.3654515156522393,1,NVIDIA A40,1,8,6499038,2020-07-01
30,SM,66,024_base_7var_monthly_DEconvlstm_30d_compact_1layer,encdec,0.3651534216478467,1,NVIDIA A40,1,8,6499038,2020-07-01
30,SM,67,024_base_7var_monthly_DEconvlstm_30d_compact_1layer,encdec,0.3653588769957423,1,NVIDIA A40,1,8,6499038,2020-07-01
30,SM,68,024_base_7var_monthly_DEconvlstm_30d_compact_1layer,encdec,0.36471709329634905,1,NVIDIA A40,1,8,6499038,2020-07-01
30,SM,69,024_base_7var_monthly_DEconvlstm_30d_compact_1layer,encdec,0.36650386918336153,1,NVIDIA A40,1,8,6499038,2020-07-01
30,SM,70,024_base_7var_monthly_DEconvlstm_30d_compact_1layer,encdec,0.3664568802341819,1,NVIDIA A40,1,8,6499038,2020-07-01
30,SM,71,024_base_7var_monthly_DEconvlstm_30d_compact_1layer,encdec,0.371781631372869,1,NVIDIA A40,1,8,6499038,2020-07-01
30,SM,72,024_base_7var_monthly_DEconvlstm_30d_compact_1layer,encdec,0.37648412492126226,1,NVIDIA A40,1,8,6499038,2020-07-01
30,SM,73,024_base_7var_monthly_DEconvlstm_30d_compact_1layer,encdec,0.3684721365571022,1,NVIDIA A40,1,8,6499038,2020-07-01
30,SM,74,024_base_7var_monthly_DEconvlstm_30d_compact_1layer,encdec,0.3652449082583189,1,NVIDIA A40,1,8,6499038,2020-07-01
30,SM,75,024_base_7var_monthly_DEconvlstm_30d_compact_1layer,encdec,0.36514979507774115,1,NVIDIA A40,1,8,6499038,2020-07-01
30,SM,76,024_base_7var_monthly_DEconvlstm_30d_compact_1layer,encdec,0.36526593938469887,1,NVIDIA A40,1,8,6499038,2020-07-01
30,SM,77,024_base_7var_monthly_DEconvlstm_30d_compact_1layer,encdec,0.36577877402305603,1,NVIDIA A40,1,8,6499038,2020-07-01
30,SM,78,024_base_7var_monthly_DEconvlstm_30d_compact_1layer,encdec,0.365973767824471,1,NVIDIA A40,1,8,6499038,2020-07-01
30,SM,79,024_base_7var_monthly_DEconvlstm_30d_compact_1layer,encdec,0.36426656413823366,1,NVIDIA A40,1,8,6499038,2020-07-01
30,SM,80,024_base_7var_monthly_DEconvlstm_30d_compact_1layer,encdec,0.3628518031910062,1,NVIDIA A40,1,8,6499038,2020-07-01
30,SM,81,024_base_7var_monthly_DEconvlstm_30d_compact_1layer,encdec,0.3565539987757802,1,NVIDIA A40,1,8,6499038,2020-07-01
30,SM,82,024_base_7var_monthly_DEconvlstm_30d_compact_1layer,encdec,0.36271213460713625,1,NVIDIA A40,1,8,6499038,2020-07-01
30,SM,83,024_base_7var_monthly_DEconvlstm_30d_compact_1layer,encdec,0.36318980250507593,1,NVIDIA A40,1,8,6499038,2020-07-01
30,SM,84,024_base_7var_monthly_DEconvlstm_30d_compact_1layer,encdec,0.363612606190145,1,NVIDIA A40,1,8,6499038,2020-07-01
30,SM,85,024_base_7var_monthly_DEconvlstm_30d_compact_1layer,encdec,0.3630386721342802,1,NVIDIA A40,1,8,6499038,2020-07-01
30,SM,86,024_base_7var_monthly_DEconvlstm_30d_compact_1layer,encdec,0.3627734621986747,1,NVIDIA A40,1,8,6499038,2020-07-01
30,SM,87,024_base_7var_monthly_DEconvlstm_30d_compact_1layer,encdec,0.3652817476540804,1,NVIDIA A40,1,8,6499038,2020-07-01
30,SM,88,024_base_7var_monthly_DEconvlstm_30d_compact_1layer,encdec,0.36042460333555937,1,NVIDIA A40,1,8,6499038,2020-07-01
30,SM,89,024_base_7var_monthly_DEconvlstm_30d_compact_1layer,encdec,0.3646447118371725,1,NVIDIA A40,1,8,6499038,2020-07-01
30,SM,90,024_base_7var_monthly_DEconvlstm_30d_compact_1layer,encdec,0.3801429430022836,1,NVIDIA A40,1,8,6499038,2020-07-01
30,SM,91,024_base_7var_monthly_DEconvlstm_30d_compact_1layer,encdec,0.380385878495872,1,NVIDIA A40,1,8,6499038,2020-07-01
30,SM,92,024_base_7var_monthly_DEconvlstm_30d_compact_1layer,encdec,0.36317327059805393,1,NVIDIA A40,1,8,6499038,2020-07-01
30,SM,93,024_base_7var_monthly_DEconvlstm_30d_compact_1layer,encdec,0.36378556955605745,1,NVIDIA A40,1,8,6499038,2020-07-01
30,SM,94,024_base_7var_monthly_DEconvlstm_30d_compact_1layer,encdec,0.3707943195477128,1,NVIDIA A40,1,8,6499038,2020-07-01
30,SM,95,024_base_7var_monthly_DEconvlstm_30d_compact_1layer,encdec,0.3806925602257252,1,NVIDIA A40,1,8,6499038,2020-07-01
30,SM,96,024_base_7var_monthly_DEconvlstm_30d_compact_1layer,encdec,0.380555035546422,1,NVIDIA A40,1,8,6499038,2020-07-01
30,SM,97,024_base_7var_monthly_DEconvlstm_30d_compact_1layer,encdec,0.371299141086638,1,NVIDIA A40,1,8,6499038,2020-07-01
30,SM,98,024_base_7var_monthly_DEconvlstm_30d_compact_1layer,encdec,0.36615076940506697,1,NVIDIA A40,1,8,6499038,2020-07-01
30,SM,99,024_base_7var_monthly_DEconvlstm_30d_compact_1layer,encdec,0.3661639029160142,1,NVIDIA A40,1,8,6499038,2020-07-01
30,SM,100,024_base_7var_monthly_DEconvlstm_30d_compact_1layer,encdec,0.3665408296510577,1,NVIDIA A40,1,8,6499038,2020-07-01
30,SM,101,024_base_7var_monthly_DEconvlstm_30d_compact_1layer,encdec,0.3655272899195552,1,NVIDIA A40,1,8,6499038,2020-07-01
30,SM,102,024_base_7var_monthly_DEconvlstm_30d_compact_1layer,encdec,0.36649923864752054,1,NVIDIA A40,1,8,6499038,2020-07-01
30,SM,103,024_base_7var_monthly_DEconvlstm_30d_compact_1layer,encdec,0.3654795866459608,1,NVIDIA A40,1,8,6499038,2020-07-01
30,SM,104,024_base_7var_monthly_DEconvlstm_30d_compact_1layer,encdec,0.36622208543121815,1,NVIDIA A40,1,8,6499038,2020-07-01
30,SM,105,024_base_7var_monthly_DEconvlstm_30d_compact_1layer,encdec,0.36670600436627865,1,NVIDIA A40,1,8,6499038,2020-07-01
30,SM,106,024_base_7var_monthly_DEconvlstm_30d_compact_1layer,encdec,0.36752056144177914,1,NVIDIA A40,1,8,6499038,2020-07-01
30,SM,107,024_base_7var_monthly_DEconvlstm_30d_compact_1layer,encdec,0.3682271307334304,1,NVIDIA A40,1,8,6499038,2020-07-01
30,SM,108,024_base_7var_monthly_DEconvlstm_30d_compact_1layer,encdec,0.37292226403951645,1,NVIDIA A40,1,8,6499038,2020-07-01
30,SM,109,024_base_7var_monthly_DEconvlstm_30d_compact_1layer,encdec,0.36729900538921356,1,NVIDIA A40,1,8,6499038,2020-07-01
30,SM,110,024_base_7var_monthly_DEconvlstm_30d_compact_1layer,encdec,0.3658079570159316,1,NVIDIA A40,1,8,6499038,2020-07-01
30,SM,111,024_base_7var_monthly_DEconvlstm_30d_compact_1layer,encdec,0.38025952968746424,1,NVIDIA A40,1,8,6499038,2020-07-01
30,SM,112,024_base_7var_monthly_DEconvlstm_30d_compact_1layer,encdec,0.3786301454529166,1,NVIDIA A40,1,8,6499038,2020-07-01
30,SM,113,024_base_7var_monthly_DEconvlstm_30d_compact_1layer,encdec,0.37895213440060616,1,NVIDIA A40,1,8,6499038,2020-07-01
30,SM,114,024_base_7var_monthly_DEconvlstm_30d_compact_1layer,encdec,0.37832202203571796,1,NVIDIA A40,1,8,6499038,2020-07-01
30,SM,115,024_base_7var_monthly_DEconvlstm_30d_compact_1layer,encdec,0.3772573946043849,1,NVIDIA A40,1,8,6499038,2020-07-01
30,SM,116,024_base_7var_monthly_DEconvlstm_30d_compact_1layer,encdec,0.3784214938059449,1,NVIDIA A40,1,8,6499038,2020-07-01
30,SM,117,024_base_7var_monthly_DEconvlstm_30d_compact_1layer,encdec,0.3762570098042488,1,NVIDIA A40,1,8,6499038,2020-07-01
30,SM,118,024_base_7var_monthly_DEconvlstm_30d_compact_1layer,encdec,0.3754592454060912,1,NVIDIA A40,1,8,6499038,2020-07-01
30,SM,119,024_base_7var_monthly_DEconvlstm_30d_compact_1layer,encdec,0.3763370029628277,1,NVIDIA A40,1,8,6499038,2020-07-01
30,SM,120,024_base_7var_monthly_DEconvlstm_30d_compact_1layer,encdec,0.3766225026920438,1,NVIDIA A40,1,8,6499038,2020-07-01
30,SM,121,024_base_7var_monthly_DEconvlstm_30d_compact_1layer,encdec,0.373146946541965,1,NVIDIA A40,1,8,6499038,2020-07-01
30,SM,122,024_base_7var_monthly_DEconvlstm_30d_compact_1layer,encdec,0.36543274484574795,1,NVIDIA A40,1,8,6499038,2020-07-01
30,SM,123,024_base_7var_monthly_DEconvlstm_30d_compact_1layer,encdec,0.3731486489996314,1,NVIDIA A40,1,8,6499038,2020-07-01
30,SM,124,024_base_7var_monthly_DEconvlstm_30d_compact_1layer,encdec,0.38398279156535864,1,NVIDIA A40,1,8,6499038,2020-07-01
30,SM,125,024_base_7var_monthly_DEconvlstm_30d_compact_1layer,encdec,0.3813400883227587,1,NVIDIA A40,1,8,6499038,2020-07-01
30,SM,126,024_base_7var_monthly_DEconvlstm_30d_compact_1layer,encdec,0.36442477628588676,1,NVIDIA A40,1,8,6499038,2020-07-01
30,SM,127,024_base_7var_monthly_DEconvlstm_30d_compact_1layer,encdec,0.36241522151976824,1,NVIDIA A40,1,8,6499038,2020-07-01
30,SM,128,024_base_7var_monthly_DEconvlstm_30d_compact_1layer,encdec,0.3618209781125188,1,NVIDIA A40,1,8,6499038,2020-07-01
30,SM,129,024_base_7var_monthly_DEconvlstm_30d_compact_1layer,encdec,0.3622849900275469,1,NVIDIA A40,1,8,6499038,2020-07-01
30,SM,130,024_base_7var_monthly_DEconvlstm_30d_compact_1layer,encdec,0.36162247508764267,1,NVIDIA A40,1,8,6499038,2020-07-01
30,SM,131,024_base_7var_monthly_DEconvlstm_30d_compact_1layer,encdec,0.36862478591501713,1,NVIDIA A40,1,8,6499038,2020-07-01
30,SM,132,024_base_7var_monthly_DEconvlstm_30d_compact_1layer,encdec,0.37205393239855766,1,NVIDIA A40,1,8,6499038,2020-07-01
30,SM,133,024_base_7var_monthly_DEconvlstm_30d_compact_1layer,encdec,0.3704667156562209,1,NVIDIA A40,1,8,6499038,2020-07-01
30,SM,134,024_base_7var_monthly_DEconvlstm_30d_compact_1layer,encdec,0.3714273842051625,1,NVIDIA A40,1,8,6499038,2020-07-01
30,SM,135,024_base_7var_monthly_DEconvlstm_30d_compact_1layer,encdec,0.3737748712301254,1,NVIDIA A40,1,8,6499038,2020-07-01
30,SM,136,024_base_7var_monthly_DEconvlstm_30d_compact_1layer,encdec,0.3722360208630562,1,NVIDIA A40,1,8,6499038,2020-07-01
30,SM,137,024_base_7var_monthly_DEconvlstm_30d_compact_1layer,encdec,0.37198804318904877,1,NVIDIA A40,1,8,6499038,2020-07-01
30,SM,138,024_base_7var_monthly_DEconvlstm_30d_compact_1layer,encdec,0.3715437175706029,1,NVIDIA A40,1,8,6499038,2020-07-01
30,SM,139,024_base_7var_monthly_DEconvlstm_30d_compact_1layer,encdec,0.37244259659200907,1,NVIDIA A40,1,8,6499038,2020-07-01
30,SM,140,024_base_7var_monthly_DEconvlstm_30d_compact_1layer,encdec,0.3742165705189109,1,NVIDIA A40,1,8,6499038,2020-07-01
30,SM,141,024_base_7var_monthly_DEconvlstm_30d_compact_1layer,encdec,0.3760163150727749,1,NVIDIA A40,1,8,6499038,2020-07-01
30,SM,142,024_base_7var_monthly_DEconvlstm_30d_compact_1layer,encdec,0.3785921223461628,1,NVIDIA A40,1,8,6499038,2020-07-01
30,SM,143,024_base_7var_monthly_DEconvlstm_30d_compact_1layer,encdec,0.3776854872703552,1,NVIDIA A40,1,8,6499038,2020-07-01
30,SM,144,024_base_7var_monthly_DEconvlstm_30d_compact_1layer,encdec,0.38198298681527376,1,NVIDIA A40,1,8,6499038,2020-07-01
30,SM,145,024_base_7var_monthly_DEconvlstm_30d_compact_1layer,encdec,0.3834082204848528,1,NVIDIA A40,1,8,6499038,2020-07-01
30,SM,146,024_base_7var_monthly_DEconvlstm_30d_compact_1layer,encdec,0.36041197646409273,1,NVIDIA A40,1,8,6499038,2020-07-01
30,SM,147,024_base_7var_monthly_DEconvlstm_30d_compact_1layer,encdec,0.36807600501924753,1,NVIDIA A40,1,8,6499038,2020-07-01
30,SM,148,024_base_7var_monthly_DEconvlstm_30d_compact_1layer,encdec,0.3653974197804928,1,NVIDIA A40,1,8,6499038,2020-07-01
30,SM,149,024_base_7var_monthly_DEconvlstm_30d_compact_1layer,encdec,0.36901519261300564,1,NVIDIA A40,1,8,6499038,2020-07-01
30,SM,150,024_base_7var_monthly_DEconvlstm_30d_compact_1layer,encdec,0.3692056182771921,1,NVIDIA A40,1,8,6499038,2020-07-01
30,SM,151,024_base_7var_monthly_DEconvlstm_30d_compact_1layer,encdec,0.3632131265476346,1,NVIDIA A40,1,8,6499038,2020-07-01
30,SM,152,024_base_7var_monthly_DEconvlstm_30d_compact_1layer,encdec,0.3732923837378621,1,NVIDIA A40,1,8,6499038,2020-07-01
30,SM,153,024_base_7var_monthly_DEconvlstm_30d_compact_1layer,encdec,0.38557713385671377,1,NVIDIA A40,1,8,6499038,2020-07-01
30,SM,154,024_base_7var_monthly_DEconvlstm_30d_compact_1layer,encdec,0.36015933007001877,1,NVIDIA A40,1,8,6499038,2020-07-01
30,SM,155,024_base_7var_monthly_DEconvlstm_30d_compact_1layer,encdec,0.36704580206424,1,NVIDIA A40,1,8,6499038,2020-07-01
30,SM,156,024_base_7var_monthly_DEconvlstm_30d_compact_1layer,encdec,0.3842132594436407,1,NVIDIA A40,1,8,6499038,2020-07-01
30,SM,157,024_base_7var_monthly_DEconvlstm_30d_compact_1layer,encdec,0.3768577743321657,1,NVIDIA A40,1,8,6499038,2020-07-01
30,SM,158,024_base_7var_monthly_DEconvlstm_30d_compact_1layer,encdec,0.3786716554313898,1,NVIDIA A40,1,8,6499038,2020-07-01
30,SM,159,024_base_7var_monthly_DEconvlstm_30d_compact_1layer,encdec,0.3786336649209261,1,NVIDIA A40,1,8,6499038,2020-07-01
30,SM,160,024_base_7var_monthly_DEconvlstm_30d_compact_1layer,encdec,0.38037134893238544,1,NVIDIA A40,1,8,6499038,2020-07-01
30,SM,161,024_base_7var_monthly_DEconvlstm_30d_compact_1layer,encdec,0.3792348224669695,1,NVIDIA A40,1,8,6499038,2020-07-01
30,SM,162,024_base_7var_monthly_DEconvlstm_30d_compact_1layer,encdec,0.3778562396764755,1,NVIDIA A40,1,8,6499038,2020-07-01
30,SM,163,024_base_7var_monthly_DEconvlstm_30d_compact_1layer,encdec,0.38231814466416836,1,NVIDIA A40,1,8,6499038,2020-07-01
30,SM,164,024_base_7var_monthly_DEconvlstm_30d_compact_1layer,encdec,0.382069687359035,1,NVIDIA A40,1,8,6499038,2020-07-01
30,SM,165,024_base_7var_monthly_DEconvlstm_30d_compact_1layer,encdec,0.38423767033964396,1,NVIDIA A40,1,8,6499038,2020-07-01
30,SM,166,024_base_7var_monthly_DEconvlstm_30d_compact_1layer,encdec,0.38459240179508924,1,NVIDIA A40,1,8,6499038,2020-07-01
30,SM,167,024_base_7var_monthly_DEconvlstm_30d_compact_1layer,encdec,0.38295358791947365,1,NVIDIA A40,1,8,6499038,2020-07-01
30,SM,168,024_base_7var_monthly_DEconvlstm_30d_compact_1layer,encdec,0.38243934884667397,1,NVIDIA A40,1,8,6499038,2020-07-01
30,SM,169,024_base_7var_monthly_DEconvlstm_30d_compact_1layer,encdec,0.3831390654668212,1,NVIDIA A40,1,8,6499038,2020-07-01
30,SM,170,024_base_7var_monthly_DEconvlstm_30d_compact_1layer,encdec,0.38365735206753016,1,NVIDIA A40,1,8,6499038,2020-07-01
30,SM,171,024_base_7var_monthly_DEconvlstm_30d_compact_1layer,encdec,0.38397025503218174,1,NVIDIA A40,1,8,6499038,2020-07-01
30,SM,172,024_base_7var_monthly_DEconvlstm_30d_compact_1layer,encdec,0.383243415504694,1,NVIDIA A40,1,8,6499038,2020-07-01
30,SM,173,024_base_7var_monthly_DEconvlstm_30d_compact_1layer,encdec,0.3821661826223135,1,NVIDIA A40,1,8,6499038,2020-07-01
30,SM,174,024_base_7var_monthly_DEconvlstm_30d_compact_1layer,encdec,0.3834901209920645,1,NVIDIA A40,1,8,6499038,2020-07-01
30,SM,175,024_base_7var_monthly_DEconvlstm_30d_compact_1layer,encdec,0.38275159895420074,1,NVIDIA A40,1,8,6499038,2020-07-01
30,SM,176,024_base_7var_monthly_DEconvlstm_30d_compact_1layer,encdec,0.3825187813490629,1,NVIDIA A40,1,8,6499038,2020-07-01
30,SM,177,024_base_7var_monthly_DEconvlstm_30d_compact_1layer,encdec,0.37269154004752636,1,NVIDIA A40,1,8,6499038,2020-07-01
30,SM,178,024_base_7var_monthly_DEconvlstm_30d_compact_1layer,encdec,0.3761514285579324,1,NVIDIA A40,1,8,6499038,2020-07-01
30,SM,179,024_base_7var_monthly_DEconvlstm_30d_compact_1layer,encdec,0.37585169170051813,1,NVIDIA A40,1,8,6499038,2020-07-01
30,SM,180,024_base_7var_monthly_DEconvlstm_30d_compact_1layer,encdec,0.3769457070156932,1,NVIDIA A40,1,8,6499038,2020-07-01
30,SM,181,024_base_7var_monthly_DEconvlstm_30d_compact_1layer,encdec,0.37221176736056805,1,NVIDIA A40,1,8,6499038,2020-07-01
30,SM,182,024_base_7var_monthly_DEconvlstm_30d_compact_1layer,encdec,0.37031801231205463,1,NVIDIA A40,1,8,6499038,2020-07-01
30,SM,183,024_base_7var_monthly_DEconvlstm_30d_compact_1layer,encdec,0.3736994806677103,1,NVIDIA A40,1,8,6499038,2020-07-01
30,SM,184,024_base_7var_monthly_DEconvlstm_30d_compact_1layer,encdec,0.3738463334739208,1,NVIDIA A40,1,8,6499038,2020-07-01
30,SM,185,024_base_7var_monthly_DEconvlstm_30d_compact_1layer,encdec,0.36981634702533484,1,NVIDIA A40,1,8,6499038,2020-07-01
30,SM,186,024_base_7var_monthly_DEconvlstm_30d_compact_1layer,encdec,0.36957033071666956,1,NVIDIA A40,1,8,6499038,2020-07-01
30,SM,187,024_base_7var_monthly_DEconvlstm_30d_compact_1layer,encdec,0.370934315957129,1,NVIDIA A40,1,8,6499038,2020-07-01
30,SM,188,024_base_7var_monthly_DEconvlstm_30d_compact_1layer,encdec,0.37598942313343287,1,NVIDIA A40,1,8,6499038,2020-07-01
30,SM,189,024_base_7var_monthly_DEconvlstm_30d_compact_1layer,encdec,0.3769500907510519,1,NVIDIA A40,1,8,6499038,2020-07-01
30,SM,190,024_base_7var_monthly_DEconvlstm_30d_compact_1layer,encdec,0.3767776992172003,1,NVIDIA A40,1,8,6499038,2020-07-01
30,SM,191,024_base_7var_monthly_DEconvlstm_30d_compact_1layer,encdec,0.3779161889106035,1,NVIDIA A40,1,8,6499038,2020-07-01
30,SM,192,024_base_7var_monthly_DEconvlstm_30d_compact_1layer,encdec,0.3762450246140361,1,NVIDIA A40,1,8,6499038,2020-07-01
30,SM,193,024_base_7var_monthly_DEconvlstm_30d_compact_1layer,encdec,0.37651283014565706,1,NVIDIA A40,1,8,6499038,2020-07-01
30,SM,194,024_base_7var_monthly_DEconvlstm_30d_compact_1layer,encdec,0.38026837538927794,1,NVIDIA A40,1,8,6499038,2020-07-01
30,SM,195,024_base_7var_monthly_DEconvlstm_30d_compact_1layer,encdec,0.3796514282003045,1,NVIDIA A40,1,8,6499038,2020-07-01
30,SM,196,024_base_7var_monthly_DEconvlstm_30d_compact_1layer,encdec,0.3754510972648859,1,NVIDIA A40,1,8,6499038,2020-07-01
30,SM,197,024_base_7var_monthly_DEconvlstm_30d_compact_1layer,encdec,0.3582693077623844,1,NVIDIA A40,1,8,6499038,2020-07-01
30,SM,198,024_base_7var_monthly_DEconvlstm_30d_compact_1layer,encdec,0.38294034637510777,1,NVIDIA A40,1,8,6499038,2020-07-01
30,SM,199,024_base_7var_monthly_DEconvlstm_30d_compact_1layer,encdec,0.38322889152914286,1,NVIDIA A40,1,8,6499038,2020-07-01
30,SM,200,024_base_7var_monthly_DEconvlstm_30d_compact_1layer,encdec,0.3823317652568221,1,NVIDIA A40,1,8,6499038,2020-07-01
90,ET,1,034_base_7var_seasonal_ARconvlstm_90d_compact_1layer,autoregressive,1.7014459492638707,1,NVIDIA A40,1,8,6499038,2020-07-01
90,ET,2,034_base_7var_seasonal_ARconvlstm_90d_compact_1layer,autoregressive,1.7114310376346111,1,NVIDIA A40,1,8,6499038,2020-07-01
90,ET,3,034_base_7var_seasonal_ARconvlstm_90d_compact_1layer,autoregressive,1.7374743353575468,1,NVIDIA A40,1,8,6499038,2020-07-01
90,ET,4,034_base_7var_seasonal_ARconvlstm_90d_compact_1layer,autoregressive,1.7765082009136677,1,NVIDIA A40,1,8,6499038,2020-07-01
90,ET,5,034_base_7var_seasonal_ARconvlstm_90d_compact_1layer,autoregressive,1.7041110582649708,1,NVIDIA A40,1,8,6499038,2020-07-01
90,ET,6,034_base_7var_seasonal_ARconvlstm_90d_compact_1layer,autoregressive,1.7331125568598509,1,NVIDIA A40,1,8,6499038,2020-07-01
90,ET,7,034_base_7var_seasonal_ARconvlstm_90d_compact_1layer,autoregressive,1.7072528582066298,1,NVIDIA A40,1,8,6499038,2020-07-01
90,ET,8,034_base_7var_seasonal_ARconvlstm_90d_compact_1layer,autoregressive,1.7695668451488018,1,NVIDIA A40,1,8,6499038,2020-07-01
90,ET,9,034_base_7var_seasonal_ARconvlstm_90d_compact_1layer,autoregressive,1.7650529500097036,1,NVIDIA A40,1,8,6499038,2020-07-01
90,ET,10,034_base_7var_seasonal_ARconvlstm_90d_compact_1layer,autoregressive,1.745677844621241,1,NVIDIA A40,1,8,6499038,2020-07-01
90,ET,11,034_base_7var_seasonal_ARconvlstm_90d_compact_1layer,autoregressive,1.7653600070625544,1,NVIDIA A40,1,8,6499038,2020-07-01
90,ET,12,034_base_7var_seasonal_ARconvlstm_90d_compact_1layer,autoregressive,1.7232736963778734,1,NVIDIA A40,1,8,6499038,2020-07-01
90,ET,13,034_base_7var_seasonal_ARconvlstm_90d_compact_1layer,autoregressive,1.7529724845662713,1,NVIDIA A40,1,8,6499038,2020-07-01
90,ET,14,034_base_7var_seasonal_ARconvlstm_90d_compact_1layer,autoregressive,1.7656423896551132,1,NVIDIA A40,1,8,6499038,2020-07-01
90,ET,15,034_base_7var_seasonal_ARconvlstm_90d_compact_1layer,autoregressive,1.759845913387835,1,NVIDIA A40,1,8,6499038,2020-07-01
90,ET,16,034_base_7var_seasonal_ARconvlstm_90d_compact_1layer,autoregressive,1.7381614334881306,1,NVIDIA A40,1,8,6499038,2020-07-01
90,ET,17,034_base_7var_seasonal_ARconvlstm_90d_compact_1layer,autoregressive,1.7150141494348645,1,NVIDIA A40,1,8,6499038,2020-07-01
90,ET,18,034_base_7var_seasonal_ARconvlstm_90d_compact_1layer,autoregressive,1.711103556677699,1,NVIDIA A40,1,8,6499038,2020-07-01
90,ET,19,034_base_7var_seasonal_ARconvlstm_90d_compact_1layer,autoregressive,1.7688904041424394,1,NVIDIA A40,1,8,6499038,2020-07-01
90,ET,20,034_base_7var_seasonal_ARconvlstm_90d_compact_1layer,autoregressive,1.6808462869375944,1,NVIDIA A40,1,8,6499038,2020-07-01
90,ET,21,034_base_7var_seasonal_ARconvlstm_90d_compact_1layer,autoregressive,1.746139269322157,1,NVIDIA A40,1,8,6499038,2020-07-01
90,ET,22,034_base_7var_seasonal_ARconvlstm_90d_compact_1layer,autoregressive,1.714919394813478,1,NVIDIA A40,1,8,6499038,2020-07-01
90,ET,23,034_base_7var_seasonal_ARconvlstm_90d_compact_1layer,autoregressive,1.724048862233758,1,NVIDIA A40,1,8,6499038,2020-07-01
90,ET,24,034_base_7var_seasonal_ARconvlstm_90d_compact_1layer,autoregressive,1.6950746141374111,1,NVIDIA A40,1,8,6499038,2020-07-01
90,ET,25,034_base_7var_seasonal_ARconvlstm_90d_compact_1layer,autoregressive,1.7397199235856533,1,NVIDIA A40,1,8,6499038,2020-07-01
90,ET,26,034_base_7var_seasonal_ARconvlstm_90d_compact_1layer,autoregressive,1.7423054575920105,1,NVIDIA A40,1,8,6499038,2020-07-01
90,ET,27,034_base_7var_seasonal_ARconvlstm_90d_compact_1layer,autoregressive,1.740486478433013,1,NVIDIA A40,1,8,6499038,2020-07-01
90,ET,28,034_base_7var_seasonal_ARconvlstm_90d_compact_1layer,autoregressive,1.740531824529171,1,NVIDIA A40,1,8,6499038,2020-07-01
90,ET,29,034_base_7var_seasonal_ARconvlstm_90d_compact_1layer,autoregressive,1.6937917452305555,1,NVIDIA A40,1,8,6499038,2020-07-01
90,ET,30,034_base_7var_seasonal_ARconvlstm_90d_compact_1layer,autoregressive,1.723867011256516,1,NVIDIA A40,1,8,6499038,2020-07-01
90,ET,31,034_base_7var_seasonal_ARconvlstm_90d_compact_1layer,autoregressive,1.7537956554442644,1,NVIDIA A40,1,8,6499038,2020-07-01
90,ET,32,034_base_7var_seasonal_ARconvlstm_90d_compact_1layer,autoregressive,1.714603059925139,1,NVIDIA A40,1,8,6499038,2020-07-01
90,ET,33,034_base_7var_seasonal_ARconvlstm_90d_compact_1layer,autoregressive,1.7194132544100285,1,NVIDIA A40,1,8,6499038,2020-07-01
90,ET,34,034_base_7var_seasonal_ARconvlstm_90d_compact_1layer,autoregressive,1.704201316460967,1,NVIDIA A40,1,8,6499038,2020-07-01
90,ET,35,034_base_7var_seasonal_ARconvlstm_90d_compact_1layer,autoregressive,1.7396698407828808,1,NVIDIA A40,1,8,6499038,2020-07-01
90,ET,36,034_base_7var_seasonal_ARconvlstm_90d_compact_1layer,autoregressive,1.68992929905653,1,NVIDIA A40,1,8,6499038,2020-07-01
90,ET,37,034_base_7var_seasonal_ARconvlstm_90d_compact_1layer,autoregressive,1.7523506907746196,1,NVIDIA A40,1,8,6499038,2020-07-01
90,ET,38,034_base_7var_seasonal_ARconvlstm_90d_compact_1layer,autoregressive,1.7274857200682163,1,NVIDIA A40,1,8,6499038,2020-07-01
90,ET,39,034_base_7var_seasonal_ARconvlstm_90d_compact_1layer,autoregressive,1.7412787275388837,1,NVIDIA A40,1,8,6499038,2020-07-01
90,ET,40,034_base_7var_seasonal_ARconvlstm_90d_compact_1layer,autoregressive,1.7547964723780751,1,NVIDIA A40,1,8,6499038,2020-07-01
90,ET,41,034_base_7var_seasonal_ARconvlstm_90d_compact_1layer,autoregressive,1.7448736624792218,1,NVIDIA A40,1,8,6499038,2020-07-01
90,ET,42,034_base_7var_seasonal_ARconvlstm_90d_compact_1layer,autoregressive,1.7140497518703341,1,NVIDIA A40,1,8,6499038,2020-07-01
90,ET,43,034_base_7var_seasonal_ARconvlstm_90d_compact_1layer,autoregressive,1.7523657567799091,1,NVIDIA A40,1,8,6499038,2020-07-01
90,ET,44,034_base_7var_seasonal_ARconvlstm_90d_compact_1layer,autoregressive,1.705784235149622,1,NVIDIA A40,1,8,6499038,2020-07-01
90,ET,45,034_base_7var_seasonal_ARconvlstm_90d_compact_1layer,autoregressive,1.7000712100416422,1,NVIDIA A40,1,8,6499038,2020-07-01
90,ET,46,034_base_7var_seasonal_ARconvlstm_90d_compact_1layer,autoregressive,1.765835165977478,1,NVIDIA A40,1,8,6499038,2020-07-01
90,ET,47,034_base_7var_seasonal_ARconvlstm_90d_compact_1layer,autoregressive,1.7393179638311267,1,NVIDIA A40,1,8,6499038,2020-07-01
90,ET,48,034_base_7var_seasonal_ARconvlstm_90d_compact_1layer,autoregressive,1.7601983100175858,1,NVIDIA A40,1,8,6499038,2020-07-01
90,ET,49,034_base_7var_seasonal_ARconvlstm_90d_compact_1layer,autoregressive,1.7500289771705866,1,NVIDIA A40,1,8,6499038,2020-07-01
90,ET,50,034_base_7var_seasonal_ARconvlstm_90d_compact_1layer,autoregressive,1.7596904262900352,1,NVIDIA A40,1,8,6499038,2020-07-01
90,ET,51,034_base_7var_seasonal_ARconvlstm_90d_compact_1layer,autoregressive,1.7730013970285654,1,NVIDIA A40,1,8,6499038,2020-07-01
90,ET,52,034_base_7var_seasonal_ARconvlstm_90d_compact_1layer,autoregressive,1.770257307216525,1,NVIDIA A40,1,8,6499038,2020-07-01
90,ET,53,034_base_7var_seasonal_ARconvlstm_90d_compact_1layer,autoregressive,1.7549983719363809,1,NVIDIA A40,1,8,6499038,2020-07-01
90,ET,54,034_base_7var_seasonal_ARconvlstm_90d_compact_1layer,autoregressive,1.710829958319664,1,NVIDIA A40,1,8,6499038,2020-07-01
90,ET,55,034_base_7var_seasonal_ARconvlstm_90d_compact_1layer,autoregressive,1.7260959818959236,1,NVIDIA A40,1,8,6499038,2020-07-01
90,ET,56,034_base_7var_seasonal_ARconvlstm_90d_compact_1layer,autoregressive,1.7432761779055,1,NVIDIA A40,1,8,6499038,2020-07-01
90,ET,57,034_base_7var_seasonal_ARconvlstm_90d_compact_1layer,autoregressive,1.7417729934677482,1,NVIDIA A40,1,8,6499038,2020-07-01
90,ET,58,034_base_7var_seasonal_ARconvlstm_90d_compact_1layer,autoregressive,1.7577701238915324,1,NVIDIA A40,1,8,6499038,2020-07-01
90,ET,59,034_base_7var_seasonal_ARconvlstm_90d_compact_1layer,autoregressive,1.7343938648700714,1,NVIDIA A40,1,8,6499038,2020-07-01
90,ET,60,034_base_7var_seasonal_ARconvlstm_90d_compact_1layer,autoregressive,1.7710115741938353,1,NVIDIA A40,1,8,6499038,2020-07-01
90,ET,61,034_base_7var_seasonal_ARconvlstm_90d_compact_1layer,autoregressive,1.7498039146885276,1,NVIDIA A40,1,8,6499038,2020-07-01
90,ET,62,034_base_7var_seasonal_ARconvlstm_90d_compact_1layer,autoregressive,1.677650230936706,1,NVIDIA A40,1,8,6499038,2020-07-01
90,ET,63,034_base_7var_seasonal_ARconvlstm_90d_compact_1layer,autoregressive,1.7119577527046204,1,NVIDIA A40,1,8,6499038,2020-07-01
90,ET,64,034_base_7var_seasonal_ARconvlstm_90d_compact_1layer,autoregressive,1.7471872894093394,1,NVIDIA A40,1,8,6499038,2020-07-01
90,ET,65,034_base_7var_seasonal_ARconvlstm_90d_compact_1layer,autoregressive,1.7689092913642526,1,NVIDIA A40,1,8,6499038,2020-07-01
90,ET,66,034_base_7var_seasonal_ARconvlstm_90d_compact_1layer,autoregressive,1.7616258338093758,1,NVIDIA A40,1,8,6499038,2020-07-01
90,ET,67,034_base_7var_seasonal_ARconvlstm_90d_compact_1layer,autoregressive,1.7100592330098152,1,NVIDIA A40,1,8,6499038,2020-07-01
90,ET,68,034_base_7var_seasonal_ARconvlstm_90d_compact_1layer,autoregressive,1.7227933248504996,1,NVIDIA A40,1,8,6499038,2020-07-01
90,ET,69,034_base_7var_seasonal_ARconvlstm_90d_compact_1layer,autoregressive,1.73955412581563,1,NVIDIA A40,1,8,6499038,2020-07-01
90,ET,70,034_base_7var_seasonal_ARconvlstm_90d_compact_1layer,autoregressive,1.76438298355788,1,NVIDIA A40,1,8,6499038,2020-07-01
90,ET,71,034_base_7var_seasonal_ARconvlstm_90d_compact_1layer,autoregressive,1.7389939408749342,1,NVIDIA A40,1,8,6499038,2020-07-01
90,ET,72,034_base_7var_seasonal_ARconvlstm_90d_compact_1layer,autoregressive,1.7493494367226958,1,NVIDIA A40,1,8,6499038,2020-07-01
90,ET,73,034_base_7var_seasonal_ARconvlstm_90d_compact_1layer,autoregressive,1.747770469635725,1,NVIDIA A40,1,8,6499038,2020-07-01
90,ET,74,034_base_7var_seasonal_ARconvlstm_90d_compact_1layer,autoregressive,1.7303317487239838,1,NVIDIA A40,1,8,6499038,2020-07-01
90,ET,75,034_base_7var_seasonal_ARconvlstm_90d_compact_1layer,autoregressive,1.711658189073205,1,NVIDIA A40,1,8,6499038,2020-07-01
90,ET,76,034_base_7var_seasonal_ARconvlstm_90d_compact_1layer,autoregressive,1.7616805275902152,1,NVIDIA A40,1,8,6499038,2020-07-01
90,ET,77,034_base_7var_seasonal_ARconvlstm_90d_compact_1layer,autoregressive,1.759355933405459,1,NVIDIA A40,1,8,6499038,2020-07-01
90,ET,78,034_base_7var_seasonal_ARconvlstm_90d_compact_1layer,autoregressive,1.7262717112898827,1,NVIDIA A40,1,8,6499038,2020-07-01
90,ET,79,034_base_7var_seasonal_ARconvlstm_90d_compact_1layer,autoregressive,1.7293950906023383,1,NVIDIA A40,1,8,6499038,2020-07-01
90,ET,80,034_base_7var_seasonal_ARconvlstm_90d_compact_1layer,autoregressive,1.7379956096410751,1,NVIDIA A40,1,8,6499038,2020-07-01
90,ET,81,034_base_7var_seasonal_ARconvlstm_90d_compact_1layer,autoregressive,1.7377378828823566,1,NVIDIA A40,1,8,6499038,2020-07-01
90,ET,82,034_base_7var_seasonal_ARconvlstm_90d_compact_1layer,autoregressive,1.6801877189427614,1,NVIDIA A40,1,8,6499038,2020-07-01
90,ET,83,034_base_7var_seasonal_ARconvlstm_90d_compact_1layer,autoregressive,1.6960310889407992,1,NVIDIA A40,1,8,6499038,2020-07-01
90,ET,84,034_base_7var_seasonal_ARconvlstm_90d_compact_1layer,autoregressive,1.753312905319035,1,NVIDIA A40,1,8,6499038,2020-07-01
90,ET,85,034_base_7var_seasonal_ARconvlstm_90d_compact_1layer,autoregressive,1.7455397080630064,1,NVIDIA A40,1,8,6499038,2020-07-01
90,ET,86,034_base_7var_seasonal_ARconvlstm_90d_compact_1layer,autoregressive,1.6902405330911279,1,NVIDIA A40,1,8,6499038,2020-07-01
90,ET,87,034_base_7var_seasonal_ARconvlstm_90d_compact_1layer,autoregressive,1.7430399972945452,1,NVIDIA A40,1,8,6499038,2020-07-01
90,ET,88,034_base_7var_seasonal_ARconvlstm_90d_compact_1layer,autoregressive,1.736962172202766,1,NVIDIA A40,1,8,6499038,2020-07-01
90,ET,89,034_base_7var_seasonal_ARconvlstm_90d_compact_1layer,autoregressive,1.7146640187129378,1,NVIDIA A40,1,8,6499038,2020-07-01
90,ET,90,034_base_7var_seasonal_ARconvlstm_90d_compact_1layer,autoregressive,1.7483945889398456,1,NVIDIA A40,1,8,6499038,2020-07-01
90,ET,91,034_base_7var_seasonal_ARconvlstm_90d_compact_1layer,autoregressive,1.7242473950609565,1,NVIDIA A40,1,8,6499038,2020-07-01
90,ET,92,034_base_7var_seasonal_ARconvlstm_90d_compact_1layer,autoregressive,1.750420575030148,1,NVIDIA A40,1,8,6499038,2020-07-01
90,ET,93,034_base_7var_seasonal_ARconvlstm_90d_compact_1layer,autoregressive,1.7407140377908945,1,NVIDIA A40,1,8,6499038,2020-07-01
90,ET,94,034_base_7var_seasonal_ARconvlstm_90d_compact_1layer,autoregressive,1.721015245653689,1,NVIDIA A40,1,8,6499038,2020-07-01
90,ET,95,034_base_7var_seasonal_ARconvlstm_90d_compact_1layer,autoregressive,1.6950258575379848,1,NVIDIA A40,1,8,6499038,2020-07-01
90,ET,96,034_base_7var_seasonal_ARconvlstm_90d_compact_1layer,autoregressive,1.6960815079510212,1,NVIDIA A40,1,8,6499038,2020-07-01
90,ET,97,034_base_7var_seasonal_ARconvlstm_90d_compact_1layer,autoregressive,1.7492624204605818,1,NVIDIA A40,1,8,6499038,2020-07-01
90,ET,98,034_base_7var_seasonal_ARconvlstm_90d_compact_1layer,autoregressive,1.687434279359877,1,NVIDIA A40,1,8,6499038,2020-07-01
90,ET,99,034_base_7var_seasonal_ARconvlstm_90d_compact_1layer,autoregressive,1.7267250772565603,1,NVIDIA A40,1,8,6499038,2020-07-01
90,ET,100,034_base_7var_seasonal_ARconvlstm_90d_compact_1layer,autoregressive,1.7554812682792544,1,NVIDIA A40,1,8,6499038,2020-07-01
90,ET,101,034_base_7var_seasonal_ARconvlstm_90d_compact_1layer,autoregressive,1.6915278872475028,1,NVIDIA A40,1,8,6499038,2020-07-01
90,ET,102,034_base_7var_seasonal_ARconvlstm_90d_compact_1layer,autoregressive,1.7492917096242309,1,NVIDIA A40,1,8,6499038,2020-07-01
90,ET,103,034_base_7var_seasonal_ARconvlstm_90d_compact_1layer,autoregressive,1.7537886425852776,1,NVIDIA A40,1,8,6499038,2020-07-01
90,ET,104,034_base_7var_seasonal_ARconvlstm_90d_compact_1layer,autoregressive,1.6906004156917334,1,NVIDIA A40,1,8,6499038,2020-07-01
90,ET,105,034_base_7var_seasonal_ARconvlstm_90d_compact_1layer,autoregressive,1.768101622350514,1,NVIDIA A40,1,8,6499038,2020-07-01
90,ET,106,034_base_7var_seasonal_ARconvlstm_90d_compact_1layer,autoregressive,1.7072548801079392,1,NVIDIA A40,1,8,6499038,2020-07-01
90,ET,107,034_base_7var_seasonal_ARconvlstm_90d_compact_1layer,autoregressive,1.7113434886559844,1,NVIDIA A40,1,8,6499038,2020-07-01
90,ET,108,034_base_7var_seasonal_ARconvlstm_90d_compact_1layer,autoregressive,1.7028891695663333,1,NVIDIA A40,1,8,6499038,2020-07-01
90,ET,109,034_base_7var_seasonal_ARconvlstm_90d_compact_1layer,autoregressive,1.7498294962570071,1,NVIDIA A40,1,8,6499038,2020-07-01
90,ET,110,034_base_7var_seasonal_ARconvlstm_90d_compact_1layer,autoregressive,1.682005456648767,1,NVIDIA A40,1,8,6499038,2020-07-01
90,ET,111,034_base_7var_seasonal_ARconvlstm_90d_compact_1layer,autoregressive,1.6803119778633118,1,NVIDIA A40,1,8,6499038,2020-07-01
90,ET,112,034_base_7var_seasonal_ARconvlstm_90d_compact_1layer,autoregressive,1.7620397228747606,1,NVIDIA A40,1,8,6499038,2020-07-01
90,ET,113,034_base_7var_seasonal_ARconvlstm_90d_compact_1layer,autoregressive,1.6788586555048823,1,NVIDIA A40,1,8,6499038,2020-07-01
90,ET,114,034_base_7var_seasonal_ARconvlstm_90d_compact_1layer,autoregressive,1.738877648487687,1,NVIDIA A40,1,8,6499038,2020-07-01
90,ET,115,034_base_7var_seasonal_ARconvlstm_90d_compact_1layer,autoregressive,1.7364218216389418,1,NVIDIA A40,1,8,6499038,2020-07-01
90,ET,116,034_base_7var_seasonal_ARconvlstm_90d_compact_1layer,autoregressive,1.6802852656692266,1,NVIDIA A40,1,8,6499038,2020-07-01
90,ET,117,034_base_7var_seasonal_ARconvlstm_90d_compact_1layer,autoregressive,1.7318589184433222,1,NVIDIA A40,1,8,6499038,2020-07-01
90,ET,118,034_base_7var_seasonal_ARconvlstm_90d_compact_1layer,autoregressive,1.7158230831846595,1,NVIDIA A40,1,8,6499038,2020-07-01
90,ET,119,034_base_7var_seasonal_ARconvlstm_90d_compact_1layer,autoregressive,1.7303500045090914,1,NVIDIA A40,1,8,6499038,2020-07-01
90,ET,120,034_base_7var_seasonal_ARconvlstm_90d_compact_1layer,autoregressive,1.7386865047737956,1,NVIDIA A40,1,8,6499038,2020-07-01
90,ET,121,034_base_7var_seasonal_ARconvlstm_90d_compact_1layer,autoregressive,1.6816744953393936,1,NVIDIA A40,1,8,6499038,2020-07-01
90,ET,122,034_base_7var_seasonal_ARconvlstm_90d_compact_1layer,autoregressive,1.7280109822750092,1,NVIDIA A40,1,8,6499038,2020-07-01
90,ET,123,034_base_7var_seasonal_ARconvlstm_90d_compact_1layer,autoregressive,1.7330812495201826,1,NVIDIA A40,1,8,6499038,2020-07-01
90,ET,124,034_base_7var_seasonal_ARconvlstm_90d_compact_1layer,autoregressive,1.767801440320909,1,NVIDIA A40,1,8,6499038,2020-07-01
90,ET,125,034_base_7var_seasonal_ARconvlstm_90d_compact_1layer,autoregressive,1.7434090925380588,1,NVIDIA A40,1,8,6499038,2020-07-01
90,ET,126,034_base_7var_seasonal_ARconvlstm_90d_compact_1layer,autoregressive,1.75959568656981,1,NVIDIA A40,1,8,6499038,2020-07-01
90,ET,127,034_base_7var_seasonal_ARconvlstm_90d_compact_1layer,autoregressive,1.7644418124109507,1,NVIDIA A40,1,8,6499038,2020-07-01
90,ET,128,034_base_7var_seasonal_ARconvlstm_90d_compact_1layer,autoregressive,1.7617189232259989,1,NVIDIA A40,1,8,6499038,2020-07-01
90,ET,129,034_base_7var_seasonal_ARconvlstm_90d_compact_1layer,autoregressive,1.7075762413442135,1,NVIDIA A40,1,8,6499038,2020-07-01
90,ET,130,034_base_7var_seasonal_ARconvlstm_90d_compact_1layer,autoregressive,1.7465174486860633,1,NVIDIA A40,1,8,6499038,2020-07-01
90,ET,131,034_base_7var_seasonal_ARconvlstm_90d_compact_1layer,autoregressive,1.7660286901518703,1,NVIDIA A40,1,8,6499038,2020-07-01
90,ET,132,034_base_7var_seasonal_ARconvlstm_90d_compact_1layer,autoregressive,1.7682586405426264,1,NVIDIA A40,1,8,6499038,2020-07-01
90,ET,133,034_base_7var_seasonal_ARconvlstm_90d_compact_1layer,autoregressive,1.6860000370070338,1,NVIDIA A40,1,8,6499038,2020-07-01
90,ET,134,034_base_7var_seasonal_ARconvlstm_90d_compact_1layer,autoregressive,1.7556301774457097,1,NVIDIA A40,1,8,6499038,2020-07-01
90,ET,135,034_base_7var_seasonal_ARconvlstm_90d_compact_1layer,autoregressive,1.7714184736832976,1,NVIDIA A40,1,8,6499038,2020-07-01
90,ET,136,034_base_7var_seasonal_ARconvlstm_90d_compact_1layer,autoregressive,1.7682794537395239,1,NVIDIA A40,1,8,6499038,2020-07-01
90,ET,137,034_base_7var_seasonal_ARconvlstm_90d_compact_1layer,autoregressive,1.680420521646738,1,NVIDIA A40,1,8,6499038,2020-07-01
90,ET,138,034_base_7var_seasonal_ARconvlstm_90d_compact_1layer,autoregressive,1.680122148245573,1,NVIDIA A40,1,8,6499038,2020-07-01
90,ET,139,034_base_7var_seasonal_ARconvlstm_90d_compact_1layer,autoregressive,1.7436506319791079,1,NVIDIA A40,1,8,6499038,2020-07-01
90,ET,140,034_base_7var_seasonal_ARconvlstm_90d_compact_1layer,autoregressive,1.7466115299612284,1,NVIDIA A40,1,8,6499038,2020-07-01
90,ET,141,034_base_7var_seasonal_ARconvlstm_90d_compact_1layer,autoregressive,1.7068530200049281,1,NVIDIA A40,1,8,6499038,2020-07-01
90,ET,142,034_base_7var_seasonal_ARconvlstm_90d_compact_1layer,autoregressive,1.7454401114955544,1,NVIDIA A40,1,8,6499038,2020-07-01
90,ET,143,034_base_7var_seasonal_ARconvlstm_90d_compact_1layer,autoregressive,1.701277351938188,1,NVIDIA A40,1,8,6499038,2020-07-01
90,ET,144,034_base_7var_seasonal_ARconvlstm_90d_compact_1layer,autoregressive,1.7024515913799405,1,NVIDIA A40,1,8,6499038,2020-07-01
90,ET,145,034_base_7var_seasonal_ARconvlstm_90d_compact_1layer,autoregressive,1.7028300436213613,1,NVIDIA A40,1,8,6499038,2020-07-01
90,ET,146,034_base_7var_seasonal_ARconvlstm_90d_compact_1layer,autoregressive,1.7061151582747698,1,NVIDIA A40,1,8,6499038,2020-07-01
90,ET,147,034_base_7var_seasonal_ARconvlstm_90d_compact_1layer,autoregressive,1.7463122829794884,1,NVIDIA A40,1,8,6499038,2020-07-01
90,ET,148,034_base_7var_seasonal_ARconvlstm_90d_compact_1layer,autoregressive,1.7431129273027182,1,NVIDIA A40,1,8,6499038,2020-07-01
90,ET,149,034_base_7var_seasonal_ARconvlstm_90d_compact_1layer,autoregressive,1.7495934553444386,1,NVIDIA A40,1,8,6499038,2020-07-01
90,ET,150,034_base_7var_seasonal_ARconvlstm_90d_compact_1layer,autoregressive,1.7217223886400461,1,NVIDIA A40,1,8,6499038,2020-07-01
90,ET,151,034_base_7var_seasonal_ARconvlstm_90d_compact_1layer,autoregressive,1.7576306331902742,1,NVIDIA A40,1,8,6499038,2020-07-01
90,ET,152,034_base_7var_seasonal_ARconvlstm_90d_compact_1layer,autoregressive,1.7012161510065198,1,NVIDIA A40,1,8,6499038,2020-07-01
90,ET,153,034_base_7var_seasonal_ARconvlstm_90d_compact_1layer,autoregressive,1.7418644549325109,1,NVIDIA A40,1,8,6499038,2020-07-01
90,ET,154,034_base_7var_seasonal_ARconvlstm_90d_compact_1layer,autoregressive,1.7482372634112835,1,NVIDIA A40,1,8,6499038,2020-07-01
90,ET,155,034_base_7var_seasonal_ARconvlstm_90d_compact_1layer,autoregressive,1.7367751384153962,1,NVIDIA A40,1,8,6499038,2020-07-01
90,ET,156,034_base_7var_seasonal_ARconvlstm_90d_compact_1layer,autoregressive,1.6867889873683453,1,NVIDIA A40,1,8,6499038,2020-07-01
90,ET,157,034_base_7var_seasonal_ARconvlstm_90d_compact_1layer,autoregressive,1.6945753106847405,1,NVIDIA A40,1,8,6499038,2020-07-01
90,ET,158,034_base_7var_seasonal_ARconvlstm_90d_compact_1layer,autoregressive,1.7470219237729907,1,NVIDIA A40,1,8,6499038,2020-07-01
90,ET,159,034_base_7var_seasonal_ARconvlstm_90d_compact_1layer,autoregressive,1.719089743681252,1,NVIDIA A40,1,8,6499038,2020-07-01
90,ET,160,034_base_7var_seasonal_ARconvlstm_90d_compact_1layer,autoregressive,1.7577299429103732,1,NVIDIA A40,1,8,6499038,2020-07-01
90,ET,161,034_base_7var_seasonal_ARconvlstm_90d_compact_1layer,autoregressive,1.6810920117422938,1,NVIDIA A40,1,8,6499038,2020-07-01
90,ET,162,034_base_7var_seasonal_ARconvlstm_90d_compact_1layer,autoregressive,1.7335100108757615,1,NVIDIA A40,1,8,6499038,2020-07-01
90,ET,163,034_base_7var_seasonal_ARconvlstm_90d_compact_1layer,autoregressive,1.736201912164688,1,NVIDIA A40,1,8,6499038,2020-07-01
90,ET,164,034_base_7var_seasonal_ARconvlstm_90d_compact_1layer,autoregressive,1.72390765696764,1,NVIDIA A40,1,8,6499038,2020-07-01
90,ET,165,034_base_7var_seasonal_ARconvlstm_90d_compact_1layer,autoregressive,1.7554592862725258,1,NVIDIA A40,1,8,6499038,2020-07-01
90,ET,166,034_base_7var_seasonal_ARconvlstm_90d_compact_1layer,autoregressive,1.7452175486832857,1,NVIDIA A40,1,8,6499038,2020-07-01
90,ET,167,034_base_7var_seasonal_ARconvlstm_90d_compact_1layer,autoregressive,1.744654550217092,1,NVIDIA A40,1,8,6499038,2020-07-01
90,ET,168,034_base_7var_seasonal_ARconvlstm_90d_compact_1layer,autoregressive,1.724866084754467,1,NVIDIA A40,1,8,6499038,2020-07-01
90,ET,169,034_base_7var_seasonal_ARconvlstm_90d_compact_1layer,autoregressive,1.7554379291832447,1,NVIDIA A40,1,8,6499038,2020-07-01
90,ET,170,034_base_7var_seasonal_ARconvlstm_90d_compact_1layer,autoregressive,1.7513470966368914,1,NVIDIA A40,1,8,6499038,2020-07-01
90,ET,171,034_base_7var_seasonal_ARconvlstm_90d_compact_1layer,autoregressive,1.735028757713735,1,NVIDIA A40,1,8,6499038,2020-07-01
90,ET,172,034_base_7var_seasonal_ARconvlstm_90d_compact_1layer,autoregressive,1.7683700118213892,1,NVIDIA A40,1,8,6499038,2020-07-01
90,ET,173,034_base_7var_seasonal_ARconvlstm_90d_compact_1layer,autoregressive,1.764670543372631,1,NVIDIA A40,1,8,6499038,2020-07-01
90,ET,174,034_base_7var_seasonal_ARconvlstm_90d_compact_1layer,autoregressive,1.6852861754596233,1,NVIDIA A40,1,8,6499038,2020-07-01
90,ET,175,034_base_7var_seasonal_ARconvlstm_90d_compact_1layer,autoregressive,1.7085563223809004,1,NVIDIA A40,1,8,6499038,2020-07-01
90,ET,176,034_base_7var_seasonal_ARconvlstm_90d_compact_1layer,autoregressive,1.74075941555202,1,NVIDIA A40,1,8,6499038,2020-07-01
90,ET,177,034_base_7var_seasonal_ARconvlstm_90d_compact_1layer,autoregressive,1.6559486165642738,1,NVIDIA A40,1,8,6499038,2020-07-01
90,ET,178,034_base_7var_seasonal_ARconvlstm_90d_compact_1layer,autoregressive,1.6560367457568645,1,NVIDIA A40,1,8,6499038,2020-07-01
90,ET,179,034_base_7var_seasonal_ARconvlstm_90d_compact_1layer,autoregressive,1.7322574714198709,1,NVIDIA A40,1,8,6499038,2020-07-01
90,ET,180,034_base_7var_seasonal_ARconvlstm_90d_compact_1layer,autoregressive,1.717155053280294,1,NVIDIA A40,1,8,6499038,2020-07-01
90,ET,181,034_base_7var_seasonal_ARconvlstm_90d_compact_1layer,autoregressive,1.7563667437061667,1,NVIDIA A40,1,8,6499038,2020-07-01
90,ET,182,034_base_7var_seasonal_ARconvlstm_90d_compact_1layer,autoregressive,1.7234641229733825,1,NVIDIA A40,1,8,6499038,2020-07-01
90,ET,183,034_base_7var_seasonal_ARconvlstm_90d_compact_1layer,autoregressive,1.7183987637981772,1,NVIDIA A40,1,8,6499038,2020-07-01
90,ET,184,034_base_7var_seasonal_ARconvlstm_90d_compact_1layer,autoregressive,1.680614085868001,1,NVIDIA A40,1,8,6499038,2020-07-01
90,ET,185,034_base_7var_seasonal_ARconvlstm_90d_compact_1layer,autoregressive,1.7329693073406816,1,NVIDIA A40,1,8,6499038,2020-07-01
90,ET,186,034_base_7var_seasonal_ARconvlstm_90d_compact_1layer,autoregressive,1.7314379997551441,1,NVIDIA A40,1,8,6499038,2020-07-01
90,ET,187,034_base_7var_seasonal_ARconvlstm_90d_compact_1layer,autoregressive,1.6702525494620204,1,NVIDIA A40,1,8,6499038,2020-07-01
90,ET,188,034_base_7var_seasonal_ARconvlstm_90d_compact_1layer,autoregressive,1.7667621122673154,1,NVIDIA A40,1,8,6499038,2020-07-01
90,ET,189,034_base_7var_seasonal_ARconvlstm_90d_compact_1layer,autoregressive,1.730438569560647,1,NVIDIA A40,1,8,6499038,2020-07-01
90,ET,190,034_base_7var_seasonal_ARconvlstm_90d_compact_1layer,autoregressive,1.7010126998648047,1,NVIDIA A40,1,8,6499038,2020-07-01
90,ET,191,034_base_7var_seasonal_ARconvlstm_90d_compact_1layer,autoregressive,1.6875578006729484,1,NVIDIA A40,1,8,6499038,2020-07-01
90,ET,192,034_base_7var_seasonal_ARconvlstm_90d_compact_1layer,autoregressive,1.7391122542321682,1,NVIDIA A40,1,8,6499038,2020-07-01
90,ET,193,034_base_7var_seasonal_ARconvlstm_90d_compact_1layer,autoregressive,1.7380282375961542,1,NVIDIA A40,1,8,6499038,2020-07-01
90,ET,194,034_base_7var_seasonal_ARconvlstm_90d_compact_1layer,autoregressive,1.7468487797304988,1,NVIDIA A40,1,8,6499038,2020-07-01
90,ET,195,034_base_7var_seasonal_ARconvlstm_90d_compact_1layer,autoregressive,1.7330441689118743,1,NVIDIA A40,1,8,6499038,2020-07-01
90,ET,196,034_base_7var_seasonal_ARconvlstm_90d_compact_1layer,autoregressive,1.7161150462925434,1,NVIDIA A40,1,8,6499038,2020-07-01
90,ET,197,034_base_7var_seasonal_ARconvlstm_90d_compact_1layer,autoregressive,1.7428731732070446,1,NVIDIA A40,1,8,6499038,2020-07-01
90,ET,198,034_base_7var_seasonal_ARconvlstm_90d_compact_1layer,autoregressive,1.6782057732343674,1,NVIDIA A40,1,8,6499038,2020-07-01
90,ET,199,034_base_7var_seasonal_ARconvlstm_90d_compact_1layer,autoregressive,1.688032390549779,1,NVIDIA A40,1,8,6499038,2020-07-01
90,ET,200,034_base_7var_seasonal_ARconvlstm_90d_compact_1layer,autoregressive,1.67421561665833,1,NVIDIA A40,1,8,6499038,2020-07-01
90,SM,1,037_base_7var_seasonal_DEconvlstm_90d_low_lr_wd_hidden48,encdec,2.108262457884848,1,NVIDIA A40,1,8,6499038,2020-07-01
90,SM,2,037_base_7var_seasonal_DEconvlstm_90d_low_lr_wd_hidden48,encdec,2.1011117305606604,1,NVIDIA A40,1,8,6499038,2020-07-01
90,SM,3,037_base_7var_seasonal_DEconvlstm_90d_low_lr_wd_hidden48,encdec,2.171687708236277,1,NVIDIA A40,1,8,6499038,2020-07-01
90,SM,4,037_base_7var_seasonal_DEconvlstm_90d_low_lr_wd_hidden48,encdec,2.0736933210864663,1,NVIDIA A40,1,8,6499038,2020-07-01
90,SM,5,037_base_7var_seasonal_DEconvlstm_90d_low_lr_wd_hidden48,encdec,2.0872657522559166,1,NVIDIA A40,1,8,6499038,2020-07-01
90,SM,6,037_base_7var_seasonal_DEconvlstm_90d_low_lr_wd_hidden48,encdec,2.072957589291036,1,NVIDIA A40,1,8,6499038,2020-07-01
90,SM,7,037_base_7var_seasonal_DEconvlstm_90d_low_lr_wd_hidden48,encdec,2.159069429151714,1,NVIDIA A40,1,8,6499038,2020-07-01
90,SM,8,037_base_7var_seasonal_DEconvlstm_90d_low_lr_wd_hidden48,encdec,2.1492633633315563,1,NVIDIA A40,1,8,6499038,2020-07-01
90,SM,9,037_base_7var_seasonal_DEconvlstm_90d_low_lr_wd_hidden48,encdec,2.145704227499664,1,NVIDIA A40,1,8,6499038,2020-07-01
90,SM,10,037_base_7var_seasonal_DEconvlstm_90d_low_lr_wd_hidden48,encdec,2.1463622264564037,1,NVIDIA A40,1,8,6499038,2020-07-01
90,SM,11,037_base_7var_seasonal_DEconvlstm_90d_low_lr_wd_hidden48,encdec,2.121573641896248,1,NVIDIA A40,1,8,6499038,2020-07-01
90,SM,12,037_base_7var_seasonal_DEconvlstm_90d_low_lr_wd_hidden48,encdec,2.106628770008683,1,NVIDIA A40,1,8,6499038,2020-07-01
90,SM,13,037_base_7var_seasonal_DEconvlstm_90d_low_lr_wd_hidden48,encdec,2.1539497012272477,1,NVIDIA A40,1,8,6499038,2020-07-01
90,SM,14,037_base_7var_seasonal_DEconvlstm_90d_low_lr_wd_hidden48,encdec,2.1417342890053988,1,NVIDIA A40,1,8,6499038,2020-07-01
90,SM,15,037_base_7var_seasonal_DEconvlstm_90d_low_lr_wd_hidden48,encdec,2.139556377194822,1,NVIDIA A40,1,8,6499038,2020-07-01
90,SM,16,037_base_7var_seasonal_DEconvlstm_90d_low_lr_wd_hidden48,encdec,2.1138150710612535,1,NVIDIA A40,1,8,6499038,2020-07-01
90,SM,17,037_base_7var_seasonal_DEconvlstm_90d_low_lr_wd_hidden48,encdec,2.145622568204999,1,NVIDIA A40,1,8,6499038,2020-07-01
90,SM,18,037_base_7var_seasonal_DEconvlstm_90d_low_lr_wd_hidden48,encdec,2.0797529481351376,1,NVIDIA A40,1,8,6499038,2020-07-01
90,SM,19,037_base_7var_seasonal_DEconvlstm_90d_low_lr_wd_hidden48,encdec,2.135948141105473,1,NVIDIA A40,1,8,6499038,2020-07-01
90,SM,20,037_base_7var_seasonal_DEconvlstm_90d_low_lr_wd_hidden48,encdec,2.093963833525777,1,NVIDIA A40,1,8,6499038,2020-07-01
90,SM,21,037_base_7var_seasonal_DEconvlstm_90d_low_lr_wd_hidden48,encdec,2.1280892807990313,1,NVIDIA A40,1,8,6499038,2020-07-01
90,SM,22,037_base_7var_seasonal_DEconvlstm_90d_low_lr_wd_hidden48,encdec,2.102863445878029,1,NVIDIA A40,1,8,6499038,2020-07-01
90,SM,23,037_base_7var_seasonal_DEconvlstm_90d_low_lr_wd_hidden48,encdec,2.068085447885096,1,NVIDIA A40,1,8,6499038,2020-07-01
90,SM,24,037_base_7var_seasonal_DEconvlstm_90d_low_lr_wd_hidden48,encdec,2.1045841947197914,1,NVIDIA A40,1,8,6499038,2020-07-01
90,SM,25,037_base_7var_seasonal_DEconvlstm_90d_low_lr_wd_hidden48,encdec,2.1345811681821942,1,NVIDIA A40,1,8,6499038,2020-07-01
90,SM,26,037_base_7var_seasonal_DEconvlstm_90d_low_lr_wd_hidden48,encdec,2.1254587965086102,1,NVIDIA A40,1,8,6499038,2020-07-01
90,SM,27,037_base_7var_seasonal_DEconvlstm_90d_low_lr_wd_hidden48,encdec,2.1246901964768767,1,NVIDIA A40,1,8,6499038,2020-07-01
90,SM,28,037_base_7var_seasonal_DEconvlstm_90d_low_lr_wd_hidden48,encdec,2.1246098624542356,1,NVIDIA A40,1,8,6499038,2020-07-01
90,SM,29,037_base_7var_seasonal_DEconvlstm_90d_low_lr_wd_hidden48,encdec,2.0940846409648657,1,NVIDIA A40,1,8,6499038,2020-07-01
90,SM,30,037_base_7var_seasonal_DEconvlstm_90d_low_lr_wd_hidden48,encdec,2.131724181585014,1,NVIDIA A40,1,8,6499038,2020-07-01
90,SM,31,037_base_7var_seasonal_DEconvlstm_90d_low_lr_wd_hidden48,encdec,2.088327799923718,1,NVIDIA A40,1,8,6499038,2020-07-01
90,SM,32,037_base_7var_seasonal_DEconvlstm_90d_low_lr_wd_hidden48,encdec,2.0587636418640614,1,NVIDIA A40,1,8,6499038,2020-07-01
90,SM,33,037_base_7var_seasonal_DEconvlstm_90d_low_lr_wd_hidden48,encdec,2.1019776966422796,1,NVIDIA A40,1,8,6499038,2020-07-01
90,SM,34,037_base_7var_seasonal_DEconvlstm_90d_low_lr_wd_hidden48,encdec,2.0604407787323,1,NVIDIA A40,1,8,6499038,2020-07-01
90,SM,35,037_base_7var_seasonal_DEconvlstm_90d_low_lr_wd_hidden48,encdec,2.1024280032142997,1,NVIDIA A40,1,8,6499038,2020-07-01
90,SM,36,037_base_7var_seasonal_DEconvlstm_90d_low_lr_wd_hidden48,encdec,2.0993504216894507,1,NVIDIA A40,1,8,6499038,2020-07-01
90,SM,37,037_base_7var_seasonal_DEconvlstm_90d_low_lr_wd_hidden48,encdec,2.110607611015439,1,NVIDIA A40,1,8,6499038,2020-07-01
90,SM,38,037_base_7var_seasonal_DEconvlstm_90d_low_lr_wd_hidden48,encdec,2.129122235812247,1,NVIDIA A40,1,8,6499038,2020-07-01
90,SM,39,037_base_7var_seasonal_DEconvlstm_90d_low_lr_wd_hidden48,encdec,2.12811413500458,1,NVIDIA A40,1,8,6499038,2020-07-01
90,SM,40,037_base_7var_seasonal_DEconvlstm_90d_low_lr_wd_hidden48,encdec,2.1096404660493135,1,NVIDIA A40,1,8,6499038,2020-07-01
90,SM,41,037_base_7var_seasonal_DEconvlstm_90d_low_lr_wd_hidden48,encdec,2.1240515457466245,1,NVIDIA A40,1,8,6499038,2020-07-01
90,SM,42,037_base_7var_seasonal_DEconvlstm_90d_low_lr_wd_hidden48,encdec,2.134179743938148,1,NVIDIA A40,1,8,6499038,2020-07-01
90,SM,43,037_base_7var_seasonal_DEconvlstm_90d_low_lr_wd_hidden48,encdec,2.1158312484622,1,NVIDIA A40,1,8,6499038,2020-07-01
90,SM,44,037_base_7var_seasonal_DEconvlstm_90d_low_lr_wd_hidden48,encdec,2.0764856673777103,1,NVIDIA A40,1,8,6499038,2020-07-01
90,SM,45,037_base_7var_seasonal_DEconvlstm_90d_low_lr_wd_hidden48,encdec,2.130948359146714,1,NVIDIA A40,1,8,6499038,2020-07-01
90,SM,46,037_base_7var_seasonal_DEconvlstm_90d_low_lr_wd_hidden48,encdec,2.131956190802157,1,NVIDIA A40,1,8,6499038,2020-07-01
90,SM,47,037_base_7var_seasonal_DEconvlstm_90d_low_lr_wd_hidden48,encdec,2.108034310862422,1,NVIDIA A40,1,8,6499038,2020-07-01
90,SM,48,037_base_7var_seasonal_DEconvlstm_90d_low_lr_wd_hidden48,encdec,2.151464244350791,1,NVIDIA A40,1,8,6499038,2020-07-01
90,SM,49,037_base_7var_seasonal_DEconvlstm_90d_low_lr_wd_hidden48,encdec,2.1373649928718805,1,NVIDIA A40,1,8,6499038,2020-07-01
90,SM,50,037_base_7var_seasonal_DEconvlstm_90d_low_lr_wd_hidden48,encdec,2.1457543643191457,1,NVIDIA A40,1,8,6499038,2020-07-01
90,SM,51,037_base_7var_seasonal_DEconvlstm_90d_low_lr_wd_hidden48,encdec,2.1590157505124807,1,NVIDIA A40,1,8,6499038,2020-07-01
90,SM,52,037_base_7var_seasonal_DEconvlstm_90d_low_lr_wd_hidden48,encdec,2.09571735560894,1,NVIDIA A40,1,8,6499038,2020-07-01
90,SM,53,037_base_7var_seasonal_DEconvlstm_90d_low_lr_wd_hidden48,encdec,2.1381390811875463,1,NVIDIA A40,1,8,6499038,2020-07-01
90,SM,54,037_base_7var_seasonal_DEconvlstm_90d_low_lr_wd_hidden48,encdec,2.150380354374647,1,NVIDIA A40,1,8,6499038,2020-07-01
90,SM,55,037_base_7var_seasonal_DEconvlstm_90d_low_lr_wd_hidden48,encdec,2.0994541281834245,1,NVIDIA A40,1,8,6499038,2020-07-01
90,SM,56,037_base_7var_seasonal_DEconvlstm_90d_low_lr_wd_hidden48,encdec,2.126086041331291,1,NVIDIA A40,1,8,6499038,2020-07-01
90,SM,57,037_base_7var_seasonal_DEconvlstm_90d_low_lr_wd_hidden48,encdec,2.1268117651343346,1,NVIDIA A40,1,8,6499038,2020-07-01
90,SM,58,037_base_7var_seasonal_DEconvlstm_90d_low_lr_wd_hidden48,encdec,2.139010035432875,1,NVIDIA A40,1,8,6499038,2020-07-01
90,SM,59,037_base_7var_seasonal_DEconvlstm_90d_low_lr_wd_hidden48,encdec,2.127261751331389,1,NVIDIA A40,1,8,6499038,2020-07-01
90,SM,60,037_base_7var_seasonal_DEconvlstm_90d_low_lr_wd_hidden48,encdec,2.089937763288617,1,NVIDIA A40,1,8,6499038,2020-07-01
90,SM,61,037_base_7var_seasonal_DEconvlstm_90d_low_lr_wd_hidden48,encdec,2.1073794970288873,1,NVIDIA A40,1,8,6499038,2020-07-01
90,SM,62,037_base_7var_seasonal_DEconvlstm_90d_low_lr_wd_hidden48,encdec,2.0678822295740247,1,NVIDIA A40,1,8,6499038,2020-07-01
90,SM,63,037_base_7var_seasonal_DEconvlstm_90d_low_lr_wd_hidden48,encdec,2.064604502171278,1,NVIDIA A40,1,8,6499038,2020-07-01
90,SM,64,037_base_7var_seasonal_DEconvlstm_90d_low_lr_wd_hidden48,encdec,2.1318972930312157,1,NVIDIA A40,1,8,6499038,2020-07-01
90,SM,65,037_base_7var_seasonal_DEconvlstm_90d_low_lr_wd_hidden48,encdec,2.130284959450364,1,NVIDIA A40,1,8,6499038,2020-07-01
90,SM,66,037_base_7var_seasonal_DEconvlstm_90d_low_lr_wd_hidden48,encdec,2.147256222553551,1,NVIDIA A40,1,8,6499038,2020-07-01
90,SM,67,037_base_7var_seasonal_DEconvlstm_90d_low_lr_wd_hidden48,encdec,2.0664795683696866,1,NVIDIA A40,1,8,6499038,2020-07-01
90,SM,68,037_base_7var_seasonal_DEconvlstm_90d_low_lr_wd_hidden48,encdec,2.0621842546388507,1,NVIDIA A40,1,8,6499038,2020-07-01
90,SM,69,037_base_7var_seasonal_DEconvlstm_90d_low_lr_wd_hidden48,encdec,2.150440032593906,1,NVIDIA A40,1,8,6499038,2020-07-01
90,SM,70,037_base_7var_seasonal_DEconvlstm_90d_low_lr_wd_hidden48,encdec,2.1515626460313797,1,NVIDIA A40,1,8,6499038,2020-07-01
90,SM,71,037_base_7var_seasonal_DEconvlstm_90d_low_lr_wd_hidden48,encdec,2.119653600268066,1,NVIDIA A40,1,8,6499038,2020-07-01
90,SM,72,037_base_7var_seasonal_DEconvlstm_90d_low_lr_wd_hidden48,encdec,2.1263798717409372,1,NVIDIA A40,1,8,6499038,2020-07-01
90,SM,73,037_base_7var_seasonal_DEconvlstm_90d_low_lr_wd_hidden48,encdec,2.062923531048,1,NVIDIA A40,1,8,6499038,2020-07-01
90,SM,74,037_base_7var_seasonal_DEconvlstm_90d_low_lr_wd_hidden48,encdec,2.1115224473178387,1,NVIDIA A40,1,8,6499038,2020-07-01
90,SM,75,037_base_7var_seasonal_DEconvlstm_90d_low_lr_wd_hidden48,encdec,2.144198479130864,1,NVIDIA A40,1,8,6499038,2020-07-01
90,SM,76,037_base_7var_seasonal_DEconvlstm_90d_low_lr_wd_hidden48,encdec,2.1401963382959366,1,NVIDIA A40,1,8,6499038,2020-07-01
90,SM,77,037_base_7var_seasonal_DEconvlstm_90d_low_lr_wd_hidden48,encdec,2.129675596021116,1,NVIDIA A40,1,8,6499038,2020-07-01
90,SM,78,037_base_7var_seasonal_DEconvlstm_90d_low_lr_wd_hidden48,encdec,2.1080694580450654,1,NVIDIA A40,1,8,6499038,2020-07-01
90,SM,79,037_base_7var_seasonal_DEconvlstm_90d_low_lr_wd_hidden48,encdec,2.111350721679628,1,NVIDIA A40,1,8,6499038,2020-07-01
90,SM,80,037_base_7var_seasonal_DEconvlstm_90d_low_lr_wd_hidden48,encdec,2.1022529266774654,1,NVIDIA A40,1,8,6499038,2020-07-01
90,SM,81,037_base_7var_seasonal_DEconvlstm_90d_low_lr_wd_hidden48,encdec,2.1028593434020877,1,NVIDIA A40,1,8,6499038,2020-07-01
90,SM,82,037_base_7var_seasonal_DEconvlstm_90d_low_lr_wd_hidden48,encdec,2.047265414148569,1,NVIDIA A40,1,8,6499038,2020-07-01
90,SM,83,037_base_7var_seasonal_DEconvlstm_90d_low_lr_wd_hidden48,encdec,2.1312805768102407,1,NVIDIA A40,1,8,6499038,2020-07-01
90,SM,84,037_base_7var_seasonal_DEconvlstm_90d_low_lr_wd_hidden48,encdec,2.116636900231242,1,NVIDIA A40,1,8,6499038,2020-07-01
90,SM,85,037_base_7var_seasonal_DEconvlstm_90d_low_lr_wd_hidden48,encdec,2.082614107057452,1,NVIDIA A40,1,8,6499038,2020-07-01
90,SM,86,037_base_7var_seasonal_DEconvlstm_90d_low_lr_wd_hidden48,encdec,2.140300194732845,1,NVIDIA A40,1,8,6499038,2020-07-01
90,SM,87,037_base_7var_seasonal_DEconvlstm_90d_low_lr_wd_hidden48,encdec,2.119424537755549,1,NVIDIA A40,1,8,6499038,2020-07-01
90,SM,88,037_base_7var_seasonal_DEconvlstm_90d_low_lr_wd_hidden48,encdec,2.123174994252622,1,NVIDIA A40,1,8,6499038,2020-07-01
90,SM,89,037_base_7var_seasonal_DEconvlstm_90d_low_lr_wd_hidden48,encdec,2.128702810034156,1,NVIDIA A40,1,8,6499038,2020-07-01
90,SM,90,037_base_7var_seasonal_DEconvlstm_90d_low_lr_wd_hidden48,encdec,2.1305854003876448,1,NVIDIA A40,1,8,6499038,2020-07-01
90,SM,91,037_base_7var_seasonal_DEconvlstm_90d_low_lr_wd_hidden48,encdec,2.076953194104135,1,NVIDIA A40,1,8,6499038,2020-07-01
90,SM,92,037_base_7var_seasonal_DEconvlstm_90d_low_lr_wd_hidden48,encdec,2.061144268140197,1,NVIDIA A40,1,8,6499038,2020-07-01
90,SM,93,037_base_7var_seasonal_DEconvlstm_90d_low_lr_wd_hidden48,encdec,2.1134800650179386,1,NVIDIA A40,1,8,6499038,2020-07-01
90,SM,94,037_base_7var_seasonal_DEconvlstm_90d_low_lr_wd_hidden48,encdec,2.064561695791781,1,NVIDIA A40,1,8,6499038,2020-07-01
90,SM,95,037_base_7var_seasonal_DEconvlstm_90d_low_lr_wd_hidden48,encdec,2.050158922560513,1,NVIDIA A40,1,8,6499038,2020-07-01
90,SM,96,037_base_7var_seasonal_DEconvlstm_90d_low_lr_wd_hidden48,encdec,2.098560681566596,1,NVIDIA A40,1,8,6499038,2020-07-01
90,SM,97,037_base_7var_seasonal_DEconvlstm_90d_low_lr_wd_hidden48,encdec,2.117624219506979,1,NVIDIA A40,1,8,6499038,2020-07-01
90,SM,98,037_base_7var_seasonal_DEconvlstm_90d_low_lr_wd_hidden48,encdec,2.102562570013106,1,NVIDIA A40,1,8,6499038,2020-07-01
90,SM,99,037_base_7var_seasonal_DEconvlstm_90d_low_lr_wd_hidden48,encdec,2.069087306037545,1,NVIDIA A40,1,8,6499038,2020-07-01
90,SM,100,037_base_7var_seasonal_DEconvlstm_90d_low_lr_wd_hidden48,encdec,2.1348059736192226,1,NVIDIA A40,1,8,6499038,2020-07-01
90,SM,101,037_base_7var_seasonal_DEconvlstm_90d_low_lr_wd_hidden48,encdec,2.1308419657871127,1,NVIDIA A40,1,8,6499038,2020-07-01
90,SM,102,037_base_7var_seasonal_DEconvlstm_90d_low_lr_wd_hidden48,encdec,2.1409629499539733,1,NVIDIA A40,1,8,6499038,2020-07-01
90,SM,103,037_base_7var_seasonal_DEconvlstm_90d_low_lr_wd_hidden48,encdec,2.0885959854349494,1,NVIDIA A40,1,8,6499038,2020-07-01
90,SM,104,037_base_7var_seasonal_DEconvlstm_90d_low_lr_wd_hidden48,encdec,2.1312047382816672,1,NVIDIA A40,1,8,6499038,2020-07-01
90,SM,105,037_base_7var_seasonal_DEconvlstm_90d_low_lr_wd_hidden48,encdec,2.155768950469792,1,NVIDIA A40,1,8,6499038,2020-07-01
90,SM,106,037_base_7var_seasonal_DEconvlstm_90d_low_lr_wd_hidden48,encdec,2.122589251026511,1,NVIDIA A40,1,8,6499038,2020-07-01
90,SM,107,037_base_7var_seasonal_DEconvlstm_90d_low_lr_wd_hidden48,encdec,2.063212566077709,1,NVIDIA A40,1,8,6499038,2020-07-01
90,SM,108,037_base_7var_seasonal_DEconvlstm_90d_low_lr_wd_hidden48,encdec,2.133318484760821,1,NVIDIA A40,1,8,6499038,2020-07-01
90,SM,109,037_base_7var_seasonal_DEconvlstm_90d_low_lr_wd_hidden48,encdec,2.080557548440993,1,NVIDIA A40,1,8,6499038,2020-07-01
90,SM,110,037_base_7var_seasonal_DEconvlstm_90d_low_lr_wd_hidden48,encdec,2.046037018299103,1,NVIDIA A40,1,8,6499038,2020-07-01
90,SM,111,037_base_7var_seasonal_DEconvlstm_90d_low_lr_wd_hidden48,encdec,2.102487494237721,1,NVIDIA A40,1,8,6499038,2020-07-01
90,SM,112,037_base_7var_seasonal_DEconvlstm_90d_low_lr_wd_hidden48,encdec,2.1450612396001816,1,NVIDIA A40,1,8,6499038,2020-07-01
90,SM,113,037_base_7var_seasonal_DEconvlstm_90d_low_lr_wd_hidden48,encdec,2.083014275878668,1,NVIDIA A40,1,8,6499038,2020-07-01
90,SM,114,037_base_7var_seasonal_DEconvlstm_90d_low_lr_wd_hidden48,encdec,2.1246655769646168,1,NVIDIA A40,1,8,6499038,2020-07-01
90,SM,115,037_base_7var_seasonal_DEconvlstm_90d_low_lr_wd_hidden48,encdec,2.0660171741619706,1,NVIDIA A40,1,8,6499038,2020-07-01
90,SM,116,037_base_7var_seasonal_DEconvlstm_90d_low_lr_wd_hidden48,encdec,2.093482706695795,1,NVIDIA A40,1,8,6499038,2020-07-01
90,SM,117,037_base_7var_seasonal_DEconvlstm_90d_low_lr_wd_hidden48,encdec,2.100218156352639,1,NVIDIA A40,1,8,6499038,2020-07-01
90,SM,118,037_base_7var_seasonal_DEconvlstm_90d_low_lr_wd_hidden48,encdec,2.1559369368478656,1,NVIDIA A40,1,8,6499038,2020-07-01
90,SM,119,037_base_7var_seasonal_DEconvlstm_90d_low_lr_wd_hidden48,encdec,2.121103142388165,1,NVIDIA A40,1,8,6499038,2020-07-01
90,SM,120,037_base_7var_seasonal_DEconvlstm_90d_low_lr_wd_hidden48,encdec,2.1125150276347995,1,NVIDIA A40,1,8,6499038,2020-07-01
90,SM,121,037_base_7var_seasonal_DEconvlstm_90d_low_lr_wd_hidden48,encdec,2.0841453494504094,1,NVIDIA A40,1,8,6499038,2020-07-01
90,SM,122,037_base_7var_seasonal_DEconvlstm_90d_low_lr_wd_hidden48,encdec,2.1160230664536357,1,NVIDIA A40,1,8,6499038,2020-07-01
90,SM,123,037_base_7var_seasonal_DEconvlstm_90d_low_lr_wd_hidden48,encdec,2.1049733348190784,1,NVIDIA A40,1,8,6499038,2020-07-01
90,SM,124,037_base_7var_seasonal_DEconvlstm_90d_low_lr_wd_hidden48,encdec,2.1493023335933685,1,NVIDIA A40,1,8,6499038,2020-07-01
90,SM,125,037_base_7var_seasonal_DEconvlstm_90d_low_lr_wd_hidden48,encdec,2.1257178438827395,1,NVIDIA A40,1,8,6499038,2020-07-01
90,SM,126,037_base_7var_seasonal_DEconvlstm_90d_low_lr_wd_hidden48,encdec,2.156439747661352,1,NVIDIA A40,1,8,6499038,2020-07-01
90,SM,127,037_base_7var_seasonal_DEconvlstm_90d_low_lr_wd_hidden48,encdec,2.1492574773728848,1,NVIDIA A40,1,8,6499038,2020-07-01
90,SM,128,037_base_7var_seasonal_DEconvlstm_90d_low_lr_wd_hidden48,encdec,2.114544085226953,1,NVIDIA A40,1,8,6499038,2020-07-01
90,SM,129,037_base_7var_seasonal_DEconvlstm_90d_low_lr_wd_hidden48,encdec,2.053203430958092,1,NVIDIA A40,1,8,6499038,2020-07-01
90,SM,130,037_base_7var_seasonal_DEconvlstm_90d_low_lr_wd_hidden48,encdec,2.1594352805987,1,NVIDIA A40,1,8,6499038,2020-07-01
90,SM,131,037_base_7var_seasonal_DEconvlstm_90d_low_lr_wd_hidden48,encdec,2.157093324698508,1,NVIDIA A40,1,8,6499038,2020-07-01
90,SM,132,037_base_7var_seasonal_DEconvlstm_90d_low_lr_wd_hidden48,encdec,2.06654239166528,1,NVIDIA A40,1,8,6499038,2020-07-01
90,SM,133,037_base_7var_seasonal_DEconvlstm_90d_low_lr_wd_hidden48,encdec,2.0908483527600765,1,NVIDIA A40,1,8,6499038,2020-07-01
90,SM,134,037_base_7var_seasonal_DEconvlstm_90d_low_lr_wd_hidden48,encdec,2.156639475375414,1,NVIDIA A40,1,8,6499038,2020-07-01
90,SM,135,037_base_7var_seasonal_DEconvlstm_90d_low_lr_wd_hidden48,encdec,2.1549955615773797,1,NVIDIA A40,1,8,6499038,2020-07-01
90,SM,136,037_base_7var_seasonal_DEconvlstm_90d_low_lr_wd_hidden48,encdec,2.1472413782030344,1,NVIDIA A40,1,8,6499038,2020-07-01
90,SM,137,037_base_7var_seasonal_DEconvlstm_90d_low_lr_wd_hidden48,encdec,2.105851328931749,1,NVIDIA A40,1,8,6499038,2020-07-01
90,SM,138,037_base_7var_seasonal_DEconvlstm_90d_low_lr_wd_hidden48,encdec,2.120531739667058,1,NVIDIA A40,1,8,6499038,2020-07-01
90,SM,139,037_base_7var_seasonal_DEconvlstm_90d_low_lr_wd_hidden48,encdec,2.130976038053632,1,NVIDIA A40,1,8,6499038,2020-07-01
90,SM,140,037_base_7var_seasonal_DEconvlstm_90d_low_lr_wd_hidden48,encdec,2.12651371024549,1,NVIDIA A40,1,8,6499038,2020-07-01
90,SM,141,037_base_7var_seasonal_DEconvlstm_90d_low_lr_wd_hidden48,encdec,2.1008007368072867,1,NVIDIA A40,1,8,6499038,2020-07-01
90,SM,142,037_base_7var_seasonal_DEconvlstm_90d_low_lr_wd_hidden48,encdec,2.131040402688086,1,NVIDIA A40,1,8,6499038,2020-07-01
90,SM,143,037_base_7var_seasonal_DEconvlstm_90d_low_lr_wd_hidden48,encdec,2.044589200988412,1,NVIDIA A40,1,8,6499038,2020-07-01
90,SM,144,037_base_7var_seasonal_DEconvlstm_90d_low_lr_wd_hidden48,encdec,2.0667845401912928,1,NVIDIA A40,1,8,6499038,2020-07-01
90,SM,145,037_base_7var_seasonal_DEconvlstm_90d_low_lr_wd_hidden48,encdec,2.122503257356584,1,NVIDIA A40,1,8,6499038,2020-07-01
90,SM,146,037_base_7var_seasonal_DEconvlstm_90d_low_lr_wd_hidden48,encdec,2.1151196593418717,1,NVIDIA A40,1,8,6499038,2020-07-01
90,SM,147,037_base_7var_seasonal_DEconvlstm_90d_low_lr_wd_hidden48,encdec,2.1134742945432663,1,NVIDIA A40,1,8,6499038,2020-07-01
90,SM,148,037_base_7var_seasonal_DEconvlstm_90d_low_lr_wd_hidden48,encdec,2.143540165387094,1,NVIDIA A40,1,8,6499038,2020-07-01
90,SM,149,037_base_7var_seasonal_DEconvlstm_90d_low_lr_wd_hidden48,encdec,2.126976191997528,1,NVIDIA A40,1,8,6499038,2020-07-01
90,SM,150,037_base_7var_seasonal_DEconvlstm_90d_low_lr_wd_hidden48,encdec,2.137439753860235,1,NVIDIA A40,1,8,6499038,2020-07-01
90,SM,151,037_base_7var_seasonal_DEconvlstm_90d_low_lr_wd_hidden48,encdec,2.1650432273745537,1,NVIDIA A40,1,8,6499038,2020-07-01
90,SM,152,037_base_7var_seasonal_DEconvlstm_90d_low_lr_wd_hidden48,encdec,2.090047941543162,1,NVIDIA A40,1,8,6499038,2020-07-01
90,SM,153,037_base_7var_seasonal_DEconvlstm_90d_low_lr_wd_hidden48,encdec,2.136014338582754,1,NVIDIA A40,1,8,6499038,2020-07-01
90,SM,154,037_base_7var_seasonal_DEconvlstm_90d_low_lr_wd_hidden48,encdec,2.0791287319734693,1,NVIDIA A40,1,8,6499038,2020-07-01
90,SM,155,037_base_7var_seasonal_DEconvlstm_90d_low_lr_wd_hidden48,encdec,2.078244199976325,1,NVIDIA A40,1,8,6499038,2020-07-01
90,SM,156,037_base_7var_seasonal_DEconvlstm_90d_low_lr_wd_hidden48,encdec,2.1276256581768394,1,NVIDIA A40,1,8,6499038,2020-07-01
90,SM,157,037_base_7var_seasonal_DEconvlstm_90d_low_lr_wd_hidden48,encdec,2.1147498916834593,1,NVIDIA A40,1,8,6499038,2020-07-01
90,SM,158,037_base_7var_seasonal_DEconvlstm_90d_low_lr_wd_hidden48,encdec,2.132233333773911,1,NVIDIA A40,1,8,6499038,2020-07-01
90,SM,159,037_base_7var_seasonal_DEconvlstm_90d_low_lr_wd_hidden48,encdec,2.1419483264908195,1,NVIDIA A40,1,8,6499038,2020-07-01
90,SM,160,037_base_7var_seasonal_DEconvlstm_90d_low_lr_wd_hidden48,encdec,2.0642386842519045,1,NVIDIA A40,1,8,6499038,2020-07-01
90,SM,161,037_base_7var_seasonal_DEconvlstm_90d_low_lr_wd_hidden48,encdec,2.058628278784454,1,NVIDIA A40,1,8,6499038,2020-07-01
90,SM,162,037_base_7var_seasonal_DEconvlstm_90d_low_lr_wd_hidden48,encdec,2.101954805664718,1,NVIDIA A40,1,8,6499038,2020-07-01
90,SM,163,037_base_7var_seasonal_DEconvlstm_90d_low_lr_wd_hidden48,encdec,2.1031089276075363,1,NVIDIA A40,1,8,6499038,2020-07-01
90,SM,164,037_base_7var_seasonal_DEconvlstm_90d_low_lr_wd_hidden48,encdec,2.147849403321743,1,NVIDIA A40,1,8,6499038,2020-07-01
90,SM,165,037_base_7var_seasonal_DEconvlstm_90d_low_lr_wd_hidden48,encdec,2.1399650629609823,1,NVIDIA A40,1,8,6499038,2020-07-01
90,SM,166,037_base_7var_seasonal_DEconvlstm_90d_low_lr_wd_hidden48,encdec,2.1260810494422913,1,NVIDIA A40,1,8,6499038,2020-07-01
90,SM,167,037_base_7var_seasonal_DEconvlstm_90d_low_lr_wd_hidden48,encdec,2.072824688628316,1,NVIDIA A40,1,8,6499038,2020-07-01
90,SM,168,037_base_7var_seasonal_DEconvlstm_90d_low_lr_wd_hidden48,encdec,2.128302225843072,1,NVIDIA A40,1,8,6499038,2020-07-01
90,SM,169,037_base_7var_seasonal_DEconvlstm_90d_low_lr_wd_hidden48,encdec,2.1359645184129477,1,NVIDIA A40,1,8,6499038,2020-07-01
90,SM,170,037_base_7var_seasonal_DEconvlstm_90d_low_lr_wd_hidden48,encdec,2.1020109057426453,1,NVIDIA A40,1,8,6499038,2020-07-01
90,SM,171,037_base_7var_seasonal_DEconvlstm_90d_low_lr_wd_hidden48,encdec,2.1538475612178445,1,NVIDIA A40,1,8,6499038,2020-07-01
90,SM,172,037_base_7var_seasonal_DEconvlstm_90d_low_lr_wd_hidden48,encdec,2.1446695420891047,1,NVIDIA A40,1,8,6499038,2020-07-01
90,SM,173,037_base_7var_seasonal_DEconvlstm_90d_low_lr_wd_hidden48,encdec,2.1283058347180486,1,NVIDIA A40,1,8,6499038,2020-07-01
90,SM,174,037_base_7var_seasonal_DEconvlstm_90d_low_lr_wd_hidden48,encdec,2.034755860455334,1,NVIDIA A40,1,8,6499038,2020-07-01
90,SM,175,037_base_7var_seasonal_DEconvlstm_90d_low_lr_wd_hidden48,encdec,2.132162687368691,1,NVIDIA A40,1,8,6499038,2020-07-01
90,SM,176,037_base_7var_seasonal_DEconvlstm_90d_low_lr_wd_hidden48,encdec,2.0543145751580596,1,NVIDIA A40,1,8,6499038,2020-07-01
90,SM,177,037_base_7var_seasonal_DEconvlstm_90d_low_lr_wd_hidden48,encdec,2.0587132377550006,1,NVIDIA A40,1,8,6499038,2020-07-01
90,SM,178,037_base_7var_seasonal_DEconvlstm_90d_low_lr_wd_hidden48,encdec,2.0986621361225843,1,NVIDIA A40,1,8,6499038,2020-07-01
90,SM,179,037_base_7var_seasonal_DEconvlstm_90d_low_lr_wd_hidden48,encdec,2.10003796312958,1,NVIDIA A40,1,8,6499038,2020-07-01
90,SM,180,037_base_7var_seasonal_DEconvlstm_90d_low_lr_wd_hidden48,encdec,2.150693633593619,1,NVIDIA A40,1,8,6499038,2020-07-01
90,SM,181,037_base_7var_seasonal_DEconvlstm_90d_low_lr_wd_hidden48,encdec,2.1330957021564245,1,NVIDIA A40,1,8,6499038,2020-07-01
90,SM,182,037_base_7var_seasonal_DEconvlstm_90d_low_lr_wd_hidden48,encdec,2.1172877456992865,1,NVIDIA A40,1,8,6499038,2020-07-01
90,SM,183,037_base_7var_seasonal_DEconvlstm_90d_low_lr_wd_hidden48,encdec,2.0540592428296804,1,NVIDIA A40,1,8,6499038,2020-07-01
90,SM,184,037_base_7var_seasonal_DEconvlstm_90d_low_lr_wd_hidden48,encdec,2.1117518628016114,1,NVIDIA A40,1,8,6499038,2020-07-01
90,SM,185,037_base_7var_seasonal_DEconvlstm_90d_low_lr_wd_hidden48,encdec,2.107466807588935,1,NVIDIA A40,1,8,6499038,2020-07-01
90,SM,186,037_base_7var_seasonal_DEconvlstm_90d_low_lr_wd_hidden48,encdec,2.062744834460318,1,NVIDIA A40,1,8,6499038,2020-07-01
90,SM,187,037_base_7var_seasonal_DEconvlstm_90d_low_lr_wd_hidden48,encdec,2.1345160035416484,1,NVIDIA A40,1,8,6499038,2020-07-01
90,SM,188,037_base_7var_seasonal_DEconvlstm_90d_low_lr_wd_hidden48,encdec,2.10281920991838,1,NVIDIA A40,1,8,6499038,2020-07-01
90,SM,189,037_base_7var_seasonal_DEconvlstm_90d_low_lr_wd_hidden48,encdec,2.0938706919550896,1,NVIDIA A40,1,8,6499038,2020-07-01
90,SM,190,037_base_7var_seasonal_DEconvlstm_90d_low_lr_wd_hidden48,encdec,2.080979115329683,1,NVIDIA A40,1,8,6499038,2020-07-01
90,SM,191,037_base_7var_seasonal_DEconvlstm_90d_low_lr_wd_hidden48,encdec,2.088532638736069,1,NVIDIA A40,1,8,6499038,2020-07-01
90,SM,192,037_base_7var_seasonal_DEconvlstm_90d_low_lr_wd_hidden48,encdec,2.1105885533615947,1,NVIDIA A40,1,8,6499038,2020-07-01
90,SM,193,037_base_7var_seasonal_DEconvlstm_90d_low_lr_wd_hidden48,encdec,2.1228713374584913,1,NVIDIA A40,1,8,6499038,2020-07-01
90,SM,194,037_base_7var_seasonal_DEconvlstm_90d_low_lr_wd_hidden48,encdec,2.116844490170479,1,NVIDIA A40,1,8,6499038,2020-07-01
90,SM,195,037_base_7var_seasonal_DEconvlstm_90d_low_lr_wd_hidden48,encdec,2.104930715635419,1,NVIDIA A40,1,8,6499038,2020-07-01
90,SM,196,037_base_7var_seasonal_DEconvlstm_90d_low_lr_wd_hidden48,encdec,2.107202430255711,1,NVIDIA A40,1,8,6499038,2020-07-01
90,SM,197,037_base_7var_seasonal_DEconvlstm_90d_low_lr_wd_hidden48,encdec,2.050271646119654,1,NVIDIA A40,1,8,6499038,2020-07-01
90,SM,198,037_base_7var_seasonal_DEconvlstm_90d_low_lr_wd_hidden48,encdec,2.022601523436606,1,NVIDIA A40,1,8,6499038,2020-07-01
90,SM,199,037_base_7var_seasonal_DEconvlstm_90d_low_lr_wd_hidden48,encdec,2.0533591164276004,1,NVIDIA A40,1,8,6499038,2020-07-01
90,SM,200,037_base_7var_seasonal_DEconvlstm_90d_low_lr_wd_hidden48,encdec,2.078419771976769,1,NVIDIA A40,1,8,6499038,2020-07-01
